Site name,Latitude,Longitude
BOU1,45.64867,-73.48136
BOU2,45.644183,-73.466233
BOU3,45.64645,-73.4526
BOU4,45.569363,-73.507785
BR_08,44.600606,-75.660644
BR_09,44.634389,-75.612239
BR_11,44.790014,-75.371433
BR_12,44.846253,-75.299594
CAC_1,47.974967,-69.7165
CAC_2,47.987831,-69.624706
CAC_3,47.928483,-69.54455
CHA1,45.436939,-73.787239
CHA2,45.419406,-73.777672
CHA3,45.403089,-73.768933
CON1,45.845717,-73.310067
CON1_5,45.922597,-73.242328
CON2,45.8538,-73.27965
CON3,45.850167,-73.269167
CW19,44.993964,-74.755747
CW20,45.027006,-74.676644
CW21,45.002675,-74.637756
CW23,45.037842,-74.525328
IRQ1,44.581117,-75.679583
IRQ1v5,44.736,-75.456472
IRQ2,44.81975,-75.315517
LSF1,45.2263,-74.25158
LSF2,45.20903,-74.23228
LSF3,45.19048,-74.21263
LSF3.5,45.347333,-73.971519
LSF4,45.041783,-74.575214
LSF24,45.126186,-74.491636
LSF25,45.180981,-74.373731
LSF26,45.183517,-74.216408
LSL_1,45.357467,-73.809383
LSL_2,45.396183,-73.838062
LSL_3,45.379667,-73.809383
LSL13,44.897636,-75.170031
LSL14,44.990811,-74.947294
LSL15,45.009914,-74.9389
LSL16,45.013814,-74.890022
LSL17,45.026069,-74.890078
LSL18,45.019083,-74.855286
LSPA_1,46.267261,-72.718877
LSPA_2,46.263524,-72.708745
LSPA3,46.256587,-72.694571
LSPA4,46.231208,-72.675508
LSPM1,46.22665,-72.854883
LSPM2,46.204067,-72.824783
LSPM3,46.183033,-72.799467
MASS1,47.2516,-70.544167
MASS2,47.221844,-70.452017
MASS3,47.170421,-70.355877
ONT1,44.1941,-76.577883
ONT2,44.237683,-76.39835
ORL1,47.058254,-70.75197
ORL2,47.013333,-70.698767
ORL3,46.98877,-70.661748
QC1,46.843411,-71.179714
QC2,46.83937,-71.166825
QC3,46.833885,-71.152614
REP1,45.744983,-73.43195
REP1v5,45.8221,-73.359961
REP2,45.741667,-73.424033
REP3,45.745028,-73.406417
REP4,45.736033,-73.411833
SAD1,46.72085,-71.4773
SAD2,46.71368,-71.471017
SAD3,46.705459,-71.461456
SORAM1,46.073983,-73.088683
SORAM2,46.067283,-73.07645
SORAM3,46.06175,-73.0656
SORAV1,46.172584,-72.964877
SORAV2/SORAVE2,46.13472,-72.952109
SORAV3/SORAVE3,46.160331,-72.949478
STA1,46.57575,-72.098125
STA2,46.569129,-72.098872
STA3,46.562646,-72.10002
STAN_1,47.715604,-69.924038
STAN_2,47.680059,-69.860108
STAN_3,47.66745,-69.787083
STIR1,47.55815,-70.18045
STIR2,47.5343,-70.1054
STIR3,47.504083,-70.021517
STJO_1,47.445917,-70.300367
STJO2,47.416383,-70.219967
STJO3,47.3906,-70.13095
STL1,44.899817,-75.145133
STL1.5,44.958861,-74.987861
STL2,45.005017,-74.76185
STM1,46.349237,-72.527838
STM2,46.345992,-72.529377
STM3,46.340461,-72.520947
STM4,46.336517,-72.518583
TCL_1,45.588744,-73.497937
TCM1,45.7048,-73.478117
TCM_1-5,45.6665,-73.46425
TCM2,45.712764,-73.444502
TCM_2_5,45.678933,-73.456733
TCM_3,45.703167,-73.444867
THI_01,44.213225,-76.545683
THI_02,44.240247,-76.418039
THI_03,44.259283,-76.378431
THI_04,44.303414,-76.196936
THI_05,44.323247,-76.166836
THI_06,44.324406,-76.158958
THI_07,44.483978,-75.826772
TRA1,45.996917,-73.187017
TRA2,45.996392,-73.183399
TRA3,45.995608,-73.17874
Belle Rivi?re ? Mirabel (BR1),45.6799,-74.0613
Belle Rivi?re ? Mirabel (BR2),45.658472,-74.085532
Belle Rivi?re ? Mirabel (BR3),45.649902,-74.093588
Belle Rivi?re ? Mirabel (BR4),45.6315,-74.0918
Canal Lachine ? Montr?al,45.47754,-73.57649
Coul?e Grou ? Montreal,45.6983,-73.5039
Cours d'eau du 9e rang ? Alma ,48.55203,-71.65548
Fleuve Saguenay ? La Baie,48.3214,-70.8441
Foss? Daigneault ? Brossard,45.4262,-73.4552
Grand Lac Saint-Fran?ois ? La Source (Saint-Romain),45.8122,-71.1023
Lac Archambault ? Saint-Donat-de-Montcalm,46.3152,-74.2272
Lac Aylmer ? Disraeli,45.8979,-71.3574
Lac Bouchard au Parc de la Mauricie ,46.76242,-72.83924
Lac Bouchette ? Lac-Bouchette,48.2612,-72.19065
Lac Brome ? Fisher's Point,45.2559,-72.49518
Lac Brompton ? Saint-Denis-de-Brompton,45.4634,-72.133
Lac de l'Achigan ? Saint-Hippolyte,45.9527,-73.9693
Lac des Commissaires au Domaine-du-Roy ,48.16085,-72.2372
Lac du Fou au Parc de la Mauricie,46.777479,-72.88693
Lac ?douard au Parc de la Mauricie,46.765971,-72.91872
Lac K?nogami ? Lac-K?nogami,48.3315,-71.36178
Lac Magog ? Magog,45.33436,-72.0234
Lac Memphr?magog ? Magog,45.27056,-72.1765
Lac Ouareau ? Saint-Donat-de-Montcalm,46.2808,-74.1597
Lac Saint-Jean ? Roberval,48.53305,-72.21819
Lac Saint-Jean ? Saint-Henri-du-Taillon,48.6764,-71.874
Lac Saint-Jean ? Saint-Prime,48.60047,-72.32515
Petite Rivi?re du Ch?ne ? Leclercville,46.572733,-71.993158
Rivi?re ? la Scie ? L?vis #1,46.7678,-71.199
Rivi?re ? la Scie ? L?vis #2,46.7655,-71.204132
Rivi?re ? la Tortue ? Delson,45.3922,-73.5381
Rivi?re ? Mars ? la Baie,48.305,-70.9814
Rivi?re Ashuapmushuan ? Saint-F?licien,48.686,-72.48767
Rivi?re Aulneuse ? Saint-Nicolas,46.7092,-71.3813
Rivi?re Aux Chiens ? Rosem?re,45.6525,-73.7835
Rivi?re Aux Iroquois ? Saint-Prime,48.6016,-72.3456
Rivi?re Aux Sables ? Jonqui?res ,48.413535,-71.2568
Rivi?re Aux Saumons ? Scotstown,45.526,-71.2733
Rivi?re Batiscan ? Sainte-Genevi?ve-de-Batiscan,46.5288,-72.3335
Rivi?re Bayonne ? Sainte-Genevi?ve-de-Berthier,46.0945,-73.226
Rivi?re Beauport ? Qu?bec,46.8511,-71.1998
Rivi?re B?cancour ? B?cancour ,46.352672,-72.438619
Rivi?re B?cancour ? Saint-Louis-de-Blandford,46.247,-71.99
Rivi?re Boyer ? Saint-Vallier,46.884275,-70.859119
Rivi?re Ch?teauguay ? Ch?teauguay,45.3814,-73.7562
Rivi?re Chaudi?re ? L?vis,46.714483,-71.280997
Rivi?re Chicoutimi ? Chicoutimi,48.4109,-71.1061
Rivi?re des Ha ? Boilleau,48.06685,-70.824
Rivi?re des Ha ? la Baie,48.3154,-70.8588
Rivi?re des Mille Iles ? Laval #1,45.5406,-73.8808
Rivi?re des Mille Iles ? Laval #2,45.5795,-73.8335
Rivi?re des Mille Iles ? Laval #3,45.6173,-73.7878
Rivi?re des Mille Iles ? Laval #4,45.6536,-73.7598
Rivi?re des Mille Iles ? Laval #5,45.6885,-73.6352
Rivi?re des Outaouais ? Saint-Placide,45.524,-74.2076
Rivi?re des Prairies ? Montr?al,45.5343,-73.7266
Rivi?re des Prairies ? Pierrefonds,45.4547,-73.9388
Rivi?re du Cap Rouge ? Cap-Rouge (Qu?bec),46.7472,-71.3425
Rivi?re du Ch?ne ? Mirabel (DC1),45.6344,-74.1362
Rivi?re du Ch?ne ? Mirabel (DC2),45.6134,-74.1039
Rivi?re du Ch?ne ? Mirabel (DC3),45.5814,-74.0459
Rivi?re du Ch?ne ? Saint-Eustache (DC4),45.5609,-73.9783
Rivi?re du Ch?ne ? Saint-Eustache (DC5),45.56625,-73.92529
Rivi?re du Ch?ne ? Saint-Eustache (DC6),45.5575,-73.8991
Rivi?re du Chicot ? Saint-Eustache,45.581,-73.8602
Rivi?re du Gouffre ? Baie-Saint-Paul,47.44884,-70.5049
Rivi?re du Loup ? Louiseville,46.2238,-72.9273
Rivi?re du Moulin ? Chicoutimi,48.39964,-71.0423
Rivi?re du Nord ? Lachute,45.6569,-74.3419
Rivi?re du Nord ? Saint-J?r?me,45.7629,-74.0027
Rivi?re Du Sud ? Montmagny,46.98517,-70.5491
Rivi?re Etchemin ? L?vis,46.76038,-71.22938
Rivi?re Gananoque ? Gananoque (Ontario),44.327144,-76.164503
Rivi?re Gentilly ? Gentilly,46.382567,-72.336186
Rivi?re Grasse ? Massena (USA),44.959242,-74.830364
Rivi?re Jacques Cartier ? Donnacona,46.68146,-71.742
Rivi?re L'Acadie ? Chambly,45.4527,-73.3097
Rivi?re Lancaster ? South Lancaster (Ontario),45.128161,-74.493919
Rivi?re L'Assomption ? Joliette,46.0242,-73.434
Rivi?re L'Assomption ? Repentigny,45.7553,-73.46352
Rivi?re Little Salmon (USA),45.650844,-74.901919
Rivi?re Mascouche ? Terrebonne #1 ,45.6951,-73.5934
Rivi?re Mascouche ? Terrebonne #2,45.6974,-73.5939
Rivi?re Maskinong? ? Maskinong?,46.22814,-73.01597
Rivi?re Mistassini ? Dolbeau-Mistassini,48.8698,-72.2092
Rivi?re Montmorency ? Qu?bec,46.8861,-71.1453
Rivi?re Nicolet ? Nicolet,46.2275,-72.62389
Rivi?re Ogdensburg ? Ogdensburg (USA),44.690139,-75.49375
Rivi?re Ouiatchouaniche ? Roberval,48.5264,-72.2224
Rivi?re Peribonka ? P?ribonka,48.7656,-72.0532
Rivi?re Raquette ? Akwesasne (USA),44.978531,-74.717089
Rivi?re Richelieu ? Chambly,45.4459,-73.2626
Rivi?re Richelieu ? Iberville (Saint-Jean-sur-Richelieu),45.3059,-73.2438
Rivi?re Richelieu ? Saint-Blaise-sur-Richelieu,45.1946,-73.2607
Rivi?re Richelieu ? Sorel-Tracy,46.019605,-73.132377
Rivi?re Saint-Charles ? Qu?bec,46.8199,-71.22
Rivi?re Sainte-Anne ? Beaupr?,47.048547,-70.883153
Rivi?re Sainte-Anne ? Sainte-Anne-de-la-P?rade,46.571331,-72.206231
Rivi?re Saint-Fran?ois ? Drummondville,45.8845,-72.4722
Rivi?re Saint-Fran?ois ? Fleurimont (Sherbrooke),45.4396,-71.9164
Rivi?re Saint-Fran?ois ? Pierreville,46.06687,-72.81258
Rivi?re Saint-Jacques ? Brossard #1,45.4321,-73.4842
Rivi?re Saint-Jacques ? Brossard #2,45.431238,-73.487156
Rivi?re Saint-Jacques ? Brossard #3,45.4294,-73.477
Rivi?re Saint-Louis ? Beauharnois,45.314311,-73.879944
Rivi?re Saint-Maurice ? Grandes Piles,46.6834,-72.7226
Rivi?re Saint-Maurice ? Grand-M?re,46.6203,-72.6743
Rivi?re Saint-Maurice ? la Tuque,47.4575,-72.7775
Rivi?re Saint-Maurice ? Rivi?re-Mattawin (Pont M?kinac),46.9056,-72.9302
Rivi?re Saint-Maurice ? Shawinigan,46.5346,-72.7537
Rivi?re Saint-Maurice ? Trois-Rivi?res,46.3647,-72.5521
Rivi?re Saint-R?gis ? Sainte-Catherine,45.3993,-73.5639
Rivi?re Varennes ? Varennes,45.671156,-73.435808
Rivi?re Yamachiche ? Yamachiche,46.2662,-72.8066
Rivi?re Yamaska ? Saint-Hyacinthe,45.6745,-72.9309
Rivi?re Yamaska ? Yamaska,46.0052,-72.9121
"Ruisseau ""Bauxite"" ? Saint-Jean-Eudes (Jonqui?re)",48.4356,-71.1432
Ruisseau Bertrand ? Montreal,45.5054,-73.7625
Ruisseau Bouchard ? Dorval,45.456246,-73.7372
Ruisseau Henri Giroux ? Mirabel (HG1),45.6824,-74.10486
Ruisseau Henri Giroux ? Mirabel (HG2),45.655743,-74.091661
Ruisseau La Pini?re ? Laval,45.6244,-73.64
"Unname Creek ""Lesage"" ? Cap-Rouge (Qu?bec)",46.7748,-71.3725
