#,Country,City,Name of facility,Lat,Lon,Currently operating?,Mesaurement data - peer-reviewed? *(surface water_ groundwater_ air_ dust_ soil_ sediment_ plants_ animals_ humans),REMOVE FOR PUBLIC Other measurement data? Grey-literature and/or drinking water?,Nearby PFAS production?,Data included Table S3,Comment regarding nearby PFAS production (10 km radius),Company website information,Evidence of production Ref 2,Evidence of production Ref 3,Evidence of production Ref 4,Refs with measurement data (see Table S4)
1,UK,Thornton-Cleveleys,AGC Chemicals Europe,53.879,-3,Yes,Yes,,Maybe,Yes,Located within the Hillhouse International Industrial Park. Several neighboring chemical manufacturers (e.g._ Victrex_ Shakespeare Monofilament) are present_ but none are publicly known or reported to produce PFAS or PFAS precursors.,https://www.agc-chemicals.com/sg/en/company/division/index.html,PFAS Restriction Proposal Annex A,Dalmijn2024 - https://xlink.rsc.org/?DOI=D3EM00426K,OECD report - https://www.oecd.org/en/publications/synthesis-report-on-understanding-fluoropolymers-and-their-life-cycle_35b035df-en.html,Barber2007_ Dalmijn2025b_ O'Rourke2024
2,France,Pierre-Benite,Arkema France and Daikin Chemical,45.71,4.824,Yes,Yes,,Maybe,Yes,Situated within the Vallée de la chimie (Lyon region_ France)_ a large chemical industrial zone hosting multiple manufacturers (Elkem Silicones_ TotalEnergies Feyzin_ Rhône Poulenc Chimie_ Givaudan Lavirotte). Only Arkema and Daikin are publicly known to have used or produced PFAS in connection with fluoropolymer manufacturing; no independent PFAS manufacturing by other nearby companies is reported.,https://www.arkema.com/france/en/locations/production-centers/pierre-benite/,PFAS Restriction Proposal Annex A,Dalmijn2024 - https://xlink.rsc.org/?DOI=D3EM00426K,OECD report - https://www.oecd.org/en/publications/synthesis-report-on-understanding-fluoropolymers-and-their-life-cycle_35b035df-en.html,Bach2017_ Dauchy2012_ Dauchy2023_ Mourier2019_ Saliu2025_ Teymoorian2025
3,France,Tavaux,Syensqo (Solvay),47.052,5.41,Yes,No,Yes,,No,,https://www.syensqo.com/en/syensqo-around-the-world/france,PFAS Restriction Proposal Annex A,Dalmijn2024 - https://xlink.rsc.org/?DOI=D3EM00426K,OECD report - https://www.oecd.org/en/publications/synthesis-report-on-understanding-fluoropolymers-and-their-life-cycle_35b035df-en.html,
4,Netherlands,Dordrecht,Chemours Netherlands,51.816,4.728,Yes,Yes,,Maybe,Yes,Located in an industrial zone in Dordrecht (Netherlands) hosting multiple chemical companies (Ashland_ Brenntag_ Delta Chemicals_ Hoetmer). None of the neighbouring companies are publicly known to produce PFAS or fluorochemical intermediates.,https://www.chemours.com/en/about-chemours/global-reach/dordrecht,PFAS Restriction Proposal Annex A,Dalmijn2024 - https://xlink.rsc.org/?DOI=D3EM00426K,OECD report - https://www.oecd.org/en/publications/synthesis-report-on-understanding-fluoropolymers-and-their-life-cycle_35b035df-en.html,Brandsma2019_ Dalmijn2025a_ Gebbink2017_ Gerardu2023_ Pancras2024
5,Germany,Burgkirchen,Dyneon/3M - Chemiepark Gendorf & Gore,48.178,12.724,Yes,Yes,,Maybe,Yes,Large multi-tenant chemical park (InfraServ Gendorf) hosting >30 firms (e.g._ Clariant_ Vinnolit_ Synthomer).  PFAS production only with fluoropolymer production of 3M and Gore. ,https://www.gendorf.de/en/Standort/Ueber%20den%20Chemiepark/Standortunternehmen,PFAS Restriction Proposal Annex A,Dalmijn2024 - https://xlink.rsc.org/?DOI=D3EM00426K,https://dip.bundestag.de/vorgang/schlie%C3%9Fung-des-standortes-der-firma-dyneon-im-industriepark-gendorf-in/302949?f.deskriptor=Industriestandort&rows=25&pos=12&ctx=d#:~:text=Dyneon%20im%20Industriepark%20Gendorf%20in%20Burgkirchen%20zum_Verlusts%20von%20etwa%20700%20Arbeitspl%C3%A4tzen%20sowie%20des, Joerss2020_ Hangen2010
6,Italy,Spinetta,Syensqo Specialty Polymers (Solvay),44.885,8.676,Yes,Yes,,No,Yes,Surrounding industries (e.g._ Arkema office_ Guala Closures_ Depural) are unrelated.,https://www.solvay.com/en/solvay-around-the-world/italy,PFAS Restriction Proposal Annex A,Dalmijn2024 - https://xlink.rsc.org/?DOI=D3EM00426K,https://www.syensqo.com/en/innovation/pfas,Morganti2021_ Rusconi2015_ Teymoorian2025_ Valsecchi2015
7,Poland,Tarnów,Zak?ady Azotowe (Grupa Azoty),50.02,20.921,Fluoropolymer production stopped in 2009(?) ,No,,,No,,https://www.inbras.com.pl/produkty/tworzywa-konstrukcyjne/ptfe,https://pl.wikipedia.org/wiki/Zak%C5%82ady_Azotowe_w_Tarnowie-Mo%C5%9Bcicach,Dalmijn2024 - https://xlink.rsc.org/?DOI=D3EM00426K,OECD report - https://www.oecd.org/en/publications/synthesis-report-on-understanding-fluoropolymers-and-their-life-cycle_35b035df-en.html,
8,Russia,Perm,HaloPolymer Perm,58.015,55.912,Yes,No,nothing found,,No,,https://halopolymer.com/company/,http://en.notes.fluorine1.ru/public/pdfs/130_2_en.pdf,,OECD report - https://www.oecd.org/en/publications/synthesis-report-on-understanding-fluoropolymers-and-their-life-cycle_35b035df-en.html,
9,Russia,Kirovo-Chepetsk,HaloPolymer Kirovo-Chepetsk,58.538,49.981,Yes,No,nothing found,,No,,https://halopolymer.com/company/,https://halopolymer-usa.com/wp-content/uploads/acdd375bac7f03040583813cc715adfc.pdf,https://link.springer.com/article/10.1134/S0018143921050064,OECD report - https://www.oecd.org/en/publications/synthesis-report-on-understanding-fluoropolymers-and-their-life-cycle_35b035df-en.html,
10,USA,Augusta_ Georgia,Syensqo Specialty Polymers (Solvay),33.368,-82.012,under construction until ~2028,n/a,,,No,,https://www.syensqo.com/en/usa/augusta,,,,
11,USA,Calvert City_ Kentucky,Arkema – Calvert City Plant,37.055,-88.366,Yes,No,Yes,,No,,https://www.arkema.com/usa/en/united-states/production-centers/calvert-city-ky/,https://www.arkema.com/global/en/media/newslist/news/global/investorrelations/2025/20250226-pvdf-capacity-expansion-calvert-city/,https://doi.org/10.1016/j.mtcomm.2025.113438,OECD report - https://www.oecd.org/en/publications/synthesis-report-on-understanding-fluoropolymers-and-their-life-cycle_35b035df-en.html,
12,USA,Bayonne_ New Jersey,AGC Chemicals,40.66,-74.106,closed in 2007,No,Yes,,No,,https://www.agc.com/en/news/pdf/20070928e.pdf,https://cen.acs.org/articles/85/i41/Asahi-Glass-Shuts-New-Jersey.html,OECD report - https://www.oecd.org/en/publications/synthesis-report-on-understanding-fluoropolymers-and-their-life-cycle_35b035df-en.html,,
13,USA,Thorofare_ New Jersey,Syensqo Specialty Polymers (Solvay),39.843,-75.208,Yes,Yes,,Maybe,Yes,Located in the Delaware River industrial corridor with nearby chemical producers (e.g._ Paulsboro Refining_ Johnson Matthey_ Redox Chemicals_ Sunoco). No public evidence of independent PFAS production nearby.,https://www.solvay.com/en/press-release/solvay-launches-non-fluorosurfactant-technologies-in-us,https://www.syensqo.com/en/innovation/pfas,https://www.syensqo.com/sites/g/files/alwlxe161/files/2025-05/West-Deptford-Project-Fact-Sheet-April-2025.pdf,OECD report - https://www.oecd.org/en/publications/synthesis-report-on-understanding-fluoropolymers-and-their-life-cycle_35b035df-en.html,MacGilivray2021_ Washington2020
14,USA,Deepwater_ New Jersey,Chemours Chambers Works,39.69,-75.501,Yes,Yes,,Maybe,Yes,Located in the Delaware River industrial corridor with other chemical producers (e.g._ Croda Atlas Point_ DuPont_ Siegfried USA). No public evidence of independent PFAS production nearby.,https://www.chemours.com/en/about-chemours/global-reach/chambers-works,https://njbmagazine.com/monthly-articles/chemours-company-a-manufacturing-champion-at-chambers-works/,https://www.chemours.com/en/about-chemours/global-reach/chambers-works/technical-documents,https://www.epa.gov/hwcorrectiveactioncleanups/hazardous-waste-cleanup-chemours-chambers-works-deepwater-new-jersey,Schumacher2024
15,USA,Parkersburg_ West Virginia,Chemours Washington Works,39.269,-81.67,Yes,Yes,Yes,No,Yes,Surrounding companies (Kraton Corporation_ MOV Pure Pressure Washing LLC_ others) are most likely not PFAS-related.,https://www.chemours.com/en/about-chemours/global-reach/washington-works,https://www.manufacturingdive.com/news/chemours-plans-teflon-pfa-forever-chemicals-plant-expansion-west-virginia/724609/,OECD report - https://www.oecd.org/en/publications/synthesis-report-on-understanding-fluoropolymers-and-their-life-cycle_35b035df-en.html,,Barton2006_ Davis2007_ Frisbee2009_ Galloway2020_ Hansen2002_ Steenland2009_ Zhu2019_  
16,USA,Fayetteville_ North Carolina,Chemours Fayetteville Works,34.843,-78.839,Yes,Yes,Yes,No,Yes,Surrounding area is rural.,https://www.chemours.com/en/about-chemours/global-reach/fayetteville-works,https://ncnewsline.com/2022/09/22/chemours-plans-to-expand-its-fayetteville-works-site-but-hasnt-cleaned-up-existing-contamination/,https://www.deq.nc.gov/news/key-issues/genx-investigation/chemours-consent-order#Groundwater-1897,OECD report - https://www.oecd.org/en/publications/synthesis-report-on-understanding-fluoropolymers-and-their-life-cycle_35b035df-en.html,Zhang2019_ Guillette2022_ Jensen2024_ Kirkwood2022_ Korlarz2020_ Kotlarz2024_ Men2024_ Petre2021_ Petre2022_ Pritchett2019_ Proctor2025_ Robuck2020_ Robuck2021_ Rock2023_ Shimizu2021_ Sun2016_ VanDerwerker2024_ Zhou2022
17,USA,Decatur_ Alabama,Dyneon/3M – Decatur Plant,34.641,-87.038,Yes,Yes,,Maybe,Yes,Located in an industrial corridor on the Tennessee River with other chemical producers (e.g._ 3M_ Hexcel_ OCI Alabama). 3M/Dyneon and Daikin both product fluoropolymers and other fluorochemicals. ,https://www.3m.com/3M/en_US/plant-locations-us/decatur/,https://www.ewg.org/news-insights/news/2024/12/epa-must-limit-discharges-forever-chemicals-protect-public-health,https://www.google.com/url?sa=t&source=web&rct=j&opi=89978449&url=https://www.epa.gov/sites/default/files/2014-03/documents/3M.pdf&ved=2ahUKEwiegebFwI-RAxVX7AIHHeijAk0QFnoECB0QAQ&usg=AOvVaw3J_OJAVG7PW_uYDWIrPfNy,OECD report - https://www.oecd.org/en/publications/synthesis-report-on-understanding-fluoropolymers-and-their-life-cycle_35b035df-en.html,Newton2017
18,USA,Decatur_ Alabama,Daikin America – Decatur Plant,34.63,-87.041,Yes,Yes,,Maybe,Yes,Located in an industrial corridor on the Tennessee River with other chemical producers (e.g._ 3M_ Hexcel_ OCI Alabama). 3M/Dyneon and Daikin both product fluoropolymers and other fluorochemicals. ,https://www.daikinchemicals.com/company.html,https://www.ewg.org/news-insights/news/2024/12/epa-must-limit-discharges-forever-chemicals-protect-public-health,https://cen.acs.org/business/investment/Fluoropolymer-additions-deletions-Alabama/97/i38,OECD report - https://www.oecd.org/en/publications/synthesis-report-on-understanding-fluoropolymers-and-their-life-cycle_35b035df-en.html,Newton2017
19,USA,Orange_ Texas,Syensqo Specialty Polymers (Solvay),30.051,-93.766,Yes,No,nothing found,,No,,https://www.syensqo.com/en/innovation/pfas,https://www.google.com/url?sa=t&source=web&rct=j&opi=89978449&url=https://www.solvay.com/sites/g/files/srpend616/files/2018-07/halar-ectfe-design-and-processing-guide-en.pdf&ved=2ahUKEwjgz6K2wo-RAxWP9QIHHXP5KpIQFnoECBsQAQ&usg=AOvVaw3MxJWA74k0CoVhaNijmprt,OECD report - https://www.oecd.org/en/publications/synthesis-report-on-understanding-fluoropolymers-and-their-life-cycle_35b035df-en.html,,
20,USA,Buffalo_ New York,DuPont Yerkes Plant,42.966,-78.919,Yes,No,nothing found,,No,,https://www.dupont.com/tedlar/product-information.html,https://enviro.epa.gov/triexplorer/release_fac_profile?TRI=14207DPNTYSHERI&TRILIB=TRIQ1&V_NA_INDICATOR=.&FLD=&FLD=RELLBY&FLD=TSFDSP&OFFDISPD=&OTHDISPD=&ONDISPD=&OTHOFFD=&YEAR=2024,https://cen.acs.org/articles/90/i18/DuPont-Hit-Plant-Safety.html,,
21,Japan,Kamisu_ Ibaraki Prefecture,AGC – Kashima Plant,35.89,140.691,Yes,No,nothing found,,No,,https://www.agc-chemicals.com/jp/en/company/division/index.html,Chemical Handbook_ 2021_ Japan. https://www.jkn.co.jp/h2_book09.html,https://www.agc.com/en/news/detail/20040715e.html,,
22,Japan,Kamisu_ Ibaraki Prefecture,Daikin Industries – Kashima Plant,35.845,140.731,Yes,No,nothing found,,No,,https://www.daikinchemicals.com/company.html,Chemical Handbook_ 2021_ Japan. https://www.jkn.co.jp/h2_book09.html,https://www.google.com/url?sa=t&source=web&rct=j&opi=89978449&url=https://www.daikin.com/-/media/Project/Daikin/daikin_com/locations/PDF/Kashima_plant-pdf.pdf%3Frev%3D4d97d54e4a16499cacdf0ff9ad5a6ca6%26hash%3DDF735B08CD826575DDC72E3E4444CB45&ved=2ahUKEwipopWKx4-RAxUU9wIHHY-xFfkQFnoECBsQAQ&usg=AOvVaw1-MzQe4So8B3QZcRmiprUy,OECD report - https://www.oecd.org/en/publications/synthesis-report-on-understanding-fluoropolymers-and-their-life-cycle_35b035df-en.html,
23,Japan,Ichihara_ Chiba Prefecture,AGC – Chiba Plant,35.536,140.092,Yes,No,nothing found,,No,,https://www.agc-chemicals.com/jp/en/company/division/index.html,Chemical Handbook_ 2021_ Japan. https://www.jkn.co.jp/h2_book09.html,https://www.agc.com/en/news/detail/20040715e.html,OECD report - https://www.oecd.org/en/publications/synthesis-report-on-understanding-fluoropolymers-and-their-life-cycle_35b035df-en.html,
24,Japan,Settsu_ Osaka Prefecture,Daikin Industries – Yodogawa Plant,34.761,135.56,Yes,Yes,Yes,Maybe,Yes,Located in an industrial zone north of Osaka with other chemical producers (e.g._ Kaneka Osaka Plant_ Nippon Shokubai_ Honjo Chemical). No public evidence of independent PFAS production nearby.,https://www.daikinchemicals.com/company.html,Chemical Handbook_ 2021_ Japan. https://www.jkn.co.jp/h2_book09.html,https://www-pref-osaka-lg-jp-e.athp.transer.com/o120080/kankyohozen/shidou/pfoa.html,OECD report - https://www.oecd.org/en/publications/synthesis-report-on-understanding-fluoropolymers-and-their-life-cycle_35b035df-en.html,Asakawa2025_ Shiwaku2016_ Thepaksorn2023
25,Japan,Iwaki_ Fukushima Prefecture,Kureha – Iwaki Factory,36.9,140.779,Yes,No,nothing found,,No,,https://www.kureha.co.jp/en/about/plant.html,Chemical Handbook_ 2021_ Japan. https://www.jkn.co.jp/h2_book09.html,https://www.chinafluoropolymer.com/news/kureha-once-again-announced-the-expansion-of-p-70457821.html,OECD report - https://www.oecd.org/en/publications/synthesis-report-on-understanding-fluoropolymers-and-their-life-cycle_35b035df-en.html,
26,Japan,Shimizu_ Shizuoka,Chemours-Mitsui Fluoroproducts – Shimizu Factory,35.006,138.516,Yes,No,Yes,,No,,https://www.mc-fluoro.co.jp/about/,Chemical Handbook_ 2021_ Japan. https://www.jkn.co.jp/h2_book09.html,https://www.city.shizuoka.lg.jp/s5382/s012235.html,OECD report - https://www.oecd.org/en/publications/synthesis-report-on-understanding-fluoropolymers-and-their-life-cycle_35b035df-en.html,
27,China,Huantai County_ Shandong,Shandong Dongyue Chemical Co._ Ltd.,36.971,118.032,Yes,Yes,,Maybe,Yes,Located in a dense chemical industry cluster in Huantai County (Zibo)_ including Zibo Fengcang Chemical_ Zibo Tianshan Chemical_ and Jiuta Chemical Industry. Multiple nearby chemical plants; possible other additional Fluoropolymer-related manufacturing cannot be excluded.,https://www.dongyuechem.com/en/product-467.html,PFAS Restriction Proposal Annex A,https://link.springer.com/article/10.1186/s12302-020-00425-3/tables/1,OECD report - https://www.oecd.org/en/publications/synthesis-report-on-understanding-fluoropolymers-and-their-life-cycle_35b035df-en.html,ColomerVidal2022_ Feng2023_ Guo2023_ Heydebreck2015_ Joerss2020_ Li2022_ Li2025_ Liu2016_ Liu2019_ Liu2024_ Pan2017_ Sha2025_ Shi2015_ Su2016_ Su2017_ Wan2014_ Wang2016_ Xie2021_ Xie2022_ Yao2020_ Yao2021_ Zhao2020
28,China,Huantai County_ Shandong,Shandong Huaxia Shenzhou New Material Co._ Ltd.,36.971,118.032,Yes,Yes,,Maybe,Yes,Located in a dense chemical industry cluster in Huantai County (Zibo)_ including Zibo Fengcang Chemical_ Zibo Tianshan Chemical_ and Jiuta Chemical Industry. Multiple nearby chemical plants; possible other additional Fluoropolymer-related manufacturing cannot be excluded.,https://www.huaxiashenzhou.com/EN/about.aspx,,,,ColomerVidal2022_ Feng2023_ Guo2023_ Heydebreck2015_ Joerss2020_ Li2022_ Li2025_ Liu2016_ Liu2019_ Liu2024_ Pan2017_ Sha2025_ Shi2015_ Su2016_ Su2017_ Wan2014_ Wang2016_ Xie2021_ Xie2022_ Yao2020_ Yao2021_ Zhao2020
29,China,Jinan_ Shandong,Jinan 3F Fluorochemical Co._ Ltd. / Jinan Sinoflon New Material,36.898,117.451,Yes,No,,,No,,http://www.jnflonptfe.com/about_e/id/1.html,https://www.zionmarketresearch.com/report/fluoropolymer-films-market,http://www.10820.tradebig.com/,OECD report - https://www.oecd.org/en/publications/synthesis-report-on-understanding-fluoropolymers-and-their-life-cycle_35b035df-en.html,
30,China,Jinan_ Shandong,Shandong Hua Fluorochemical Co._ Ltd. (formerly Jinan Chemical Plant),36.898,117.451,Yes,No,,,No,,https://en.sdflon.com/company.html,https://link.springer.com/article/10.1186/s12302-020-00425-3/tables/1,,,
31,China,Linyi County_ Shandong,Shandong Deyi New Material Co._ Ltd.,37.162,116.816,Yes,No,nothing found,,No,,http://www.sddeyixcl.com/about_e/id/1.html,http://www.chemwells.com/en/news/106.html,,,
32,China,Huizhou_ Guangdong,Daikin Tsingyan Advanced Technologies – Huizhou,22.918,114.314,Yes,No,nothing found,,No,,https://www.daikinchemicals.com/company.html,https://www.google.com/url?sa=t&source=web&rct=j&opi=89978449&url=https://www.daikin.com/corporate/-/media/Project/Daikin/daikin_com/csr/2025/pdf/report/05_social-pdf.pdf&ved=2ahUKEwjk-NLT04-RAxUJ6AIHHTBTDOMQFnoECB0QAQ&usg=AOvVaw11j5yyemSD_SB6HaTkZNvP,,,Chen2016_ Hua2023_ Jin2015_ Joerss2020_ Liu2022_ Shan2014
33,China,Changshu_ Jiangsu,Arkema – Changshu,31.804,120.788,Yes,Yes,,Yes,No,Located in Jiangsu Hi-Tech Fluorine Chemistry Industrial Park_ which hosts multiple PFAS and fluoropolymer producers (e.g._ Arkema_ 3F_ Sinochem Lantian). Several potential PFAS sources nearby; attribution to one facility is uncertain.,https://www.arkema.cn/en/arkema-in-china/history/,https://www.arkema.cn/en/arkema-in-china/plant-locations/arkema-changshu-site/,OECD report - https://www.oecd.org/en/publications/synthesis-report-on-understanding-fluoropolymers-and-their-life-cycle_35b035df-en.html,,Chen2016_ Hua2023_ Jin2015_ Joerss2020_ Liu2022_ Shan2014
34,China,Changshu_ Jiangsu,Daikin Fluorochemicals China,31.782,120.814,Yes,Yes,,Yes,No,Located in Jiangsu Hi-Tech Fluorine Chemistry Industrial Park_ which hosts multiple PFAS and fluoropolymer producers (e.g._ Arkema_ 3F_ Sinochem Lantian). Several potential PFAS sources nearby; attribution to one facility is uncertain.,https://www.daikinchemicals.com/company.html,https://daikin-america.com/blog/2013/09/18/daikin-opens-new-factory-in-china/,OECD report - https://www.oecd.org/en/publications/synthesis-report-on-understanding-fluoropolymers-and-their-life-cycle_35b035df-en.html,,Chen2016_ Hua2023_ Jin2015_ Joerss2020_ Liu2022_ Shan2014
35,China,Changshu_ Jiangsu,Syensqo Specialty Polymers (Changshu) (Solvay),31.814,120.806,Yes,Yes,,Yes,No,Located in Jiangsu Hi-Tech Fluorine Chemistry Industrial Park_ which hosts multiple PFAS and fluoropolymer producers (e.g._ Arkema_ 3F_ Sinochem Lantian). Several potential PFAS sources nearby; attribution to one facility is uncertain.,https://www.syensqo.com/en/innovation/pfas,https://www.solvay.com/en/news/solvay-doubles-pvdf-capacity-china-ahead-schedule-meet-growing-demand-ev-batteries,https://www.google.com/url?sa=t&source=web&rct=j&opi=89978449&url=https://www.solvay.com/sites/g/files/srpend221/files/2019-01/Solvay-Specialty-Polymers-Changshu-ISO-9001-2015_EN_0_0.pdf&ved=2ahUKEwikzaTUseeOAxUT1QIHHU03BE0QFnoECB4QAQ&usg=AOvVaw3dk_1QyXHjMuNDsW6Pbwve,OECD report - https://www.oecd.org/en/publications/synthesis-report-on-understanding-fluoropolymers-and-their-life-cycle_35b035df-en.html,Chen2016_ Hua2023_ Jin2015_ Joerss2020_ Liu2022_ Shan2014
36,China,Changshu_ Jiangsu,Kureha (Changshu) Fluoropolymers Co._ Ltd.,31.787,120.808,Yes,Yes,,Yes,No,Located in Jiangsu Hi-Tech Fluorine Chemistry Industrial Park_ which hosts multiple PFAS and fluoropolymer producers (e.g._ Arkema_ 3F_ Sinochem Lantian). Several potential PFAS sources nearby; attribution to one facility is uncertain.,https://www.kureha.co.jp/en/business/material/kfpolymer.html,https://www.bsigroup.com/en-CZ/products-and-services/assessment-and-certification/validation-and-verification/client-directory-profile/KUREHA-0047526331-000,https://www.specialchem.com/plastics/news/kureha-discontinues-pvdf-facility-expansion-in-china-000233640,OECD report - https://www.oecd.org/en/publications/synthesis-report-on-understanding-fluoropolymers-and-their-life-cycle_35b035df-en.html,Chen2016_ Hua2023_ Jin2015_ Joerss2020_ Liu2022_ Shan2014
37,China,Changshu_ Jiangsu,Changshu 3F (Shanghai 3F),31.811,120.798,Yes,Yes,,Yes,No,Located in Jiangsu Hi-Tech Fluorine Chemistry Industrial Park_ which hosts multiple PFAS and fluoropolymer producers (e.g._ Arkema_ 3F_ Sinochem Lantian). Several potential PFAS sources nearby; attribution to one facility is uncertain.,https://www.sh3f.com/about?tab=cl5,,,,Chen2016_ Hua2023_ Jin2015_ Joerss2020_ Liu2022_ Shan2014
38,China,Changshu_ Jiangsu,Changshu Xinhua Chemical Co._ Ltd.,31.784,120.806,Yes,Yes,,Yes,No,Located in Jiangsu Hi-Tech Fluorine Chemistry Industrial Park_ which hosts multiple PFAS and fluoropolymer producers (e.g._ Arkema_ 3F_ Sinochem Lantian). Several potential PFAS sources nearby; attribution to one facility is uncertain.,(can't find company website),https://www.echemi.com/shop-us20180832100010790/index.html,OECD report - https://www.oecd.org/en/publications/synthesis-report-on-understanding-fluoropolymers-and-their-life-cycle_35b035df-en.html,,Chen2016_ Hua2023_ Jin2015_ Joerss2020_ Liu2022_ Shan2014
39,China,Changshu_ Jiangsu,Chemours Changshu Works,31.809,120.801,Yes,Yes,,Yes,No,Located in Jiangsu Hi-Tech Fluorine Chemistry Industrial Park_ which hosts multiple PFAS and fluoropolymer producers (e.g._ Arkema_ 3F_ Sinochem Lantian). Several potential PFAS sources nearby; attribution to one facility is uncertain.,https://www.chemours.com/en/about-chemours/global-reach,https://www.dqsglobal.com/en/customer-database/the-chemours-changshu-fluoro-technology-co._-ltd#,OECD report - https://www.oecd.org/en/publications/synthesis-report-on-understanding-fluoropolymers-and-their-life-cycle_35b035df-en.html,,Chen2016_ Hua2023_ Jin2015_ Joerss2020_ Liu2022_ Shan2014
40,China,Taizhou_ Jiangsu,Jiangsu Meilan Chemical Group Corporation,32.494,119.887,Yes,No,nothing found,,No,,http://www.meilanchem.com/wap_about_en.html,https://link.springer.com/article/10.1186/s12302-020-00425-3/tables/1,OECD report - https://www.oecd.org/en/publications/synthesis-report-on-understanding-fluoropolymers-and-their-life-cycle_35b035df-en.html,,
41,China,Zigong_ Sichuan,Chenguang Research Institute of Chemical Industry,29.164,104.959,Yes,No,nothing found,,No,,http://www.chenguang-chemi.com/,http://www.chemourscg.com/global/list10073,OECD report - https://www.oecd.org/en/publications/synthesis-report-on-understanding-fluoropolymers-and-their-life-cycle_35b035df-en.html,,
42,China,Fuxin_ Liaoning,Fuxin Hengton Fluorine Chemicals Co._ Ltd.,41.949,121.589,Yes,Yes,,Yes,No,Located in the Fluorine Industry Development Zone_ which hosts multiple fluorochemical producers (e.g._ Fuxin Hengtong_ Ruifeng_ Chenguang). Several facilities likely produce small molecule PFAS or monomers; attribution to one site is uncertain. See e.g.: https://pubs.acs.org/doi/10.1021/es102610x,https://htfluoro.lookchem.com/About.html,OECD report - https://www.oecd.org/en/publications/synthesis-report-on-understanding-fluoropolymers-and-their-life-cycle_35b035df-en.html,,,Bao2011_ Bao2022_ Chen2018_ Joerss2020_ Wang2015
43,China,Quzhou_ Zhejiang,Zhejiang Juhua Co._ Ltd.,28.9,118.886,Yes,No,nothing found,,No,,(can't find company website),https://www.fluorined-chemicals.com/news/juhua-group-s-new-polytetrafluoroethylene-ptf-25325912.html,https://www.echemi.com/shop-us20180832100010547/index.html,OECD report - https://www.oecd.org/en/publications/synthesis-report-on-understanding-fluoropolymers-and-their-life-cycle_35b035df-en.html,
44,China,Jinhua_ Zhejiang,Jinhua Yonghe Fluorochemical Co._ Ltd.,29.068,119.374,Yes,No,nothing found,,No,,https://www.yonghe-chemical.com/factory/jin-hua-yonghe/,https://www.chinaplasonline.com/eMarketplace/exhibitorinfo/eng/JINHUA_YONGHE_FLUOROCHEMICAL_CO_LTD?compid=1046255&Tab=company,,,
45,China,Hangzhou_ Zhejiang,Sinochem Lantain Co.,30.155,120.905,Yes,No,nothing found,,No,,http://en.sinochemlt.com/31988.html,https://www.usitc.gov/press_room/news_release/2025/er0214_66540.htm,https://www.chemball.com/factory/in26vq/,,
46,China,Shaoxing_ Zhejiang,Zhejiang Fluorine Chemical New Material Co._ Ltd.,30.145,120.846,Yes,No,nothing found,,No,,https://www.flurine.com/comm03/Factory.htm,https://www.usitc.gov/press_room/news_release/2025/er0214_66540.htm,,,
47,China,Fengzhen_ Inner Mongolia,Inner Mongolia Wanhao Fluoro Chemical Co._ Ltd.,40.396,113.165,Yes,No,nothing found,,No,,https://www.sh3f.com/about?tab=cl2,https://chinacoat.net/2021/exhlist/Exh_detail_en.asp?exhid=210497,https://ids.usitc.gov/case/8262/investigation/8693,OECD report - https://www.oecd.org/en/publications/synthesis-report-on-understanding-fluoropolymers-and-their-life-cycle_35b035df-en.html,
48,China,Shaowu_ Fujian,Shaowu Zonghe Jintange New Materials Co._ Ltd.,27.251,117.619,Yes,No,nothing found,,No,,https://www.yonghe-chemical.com/factory/shao-wu-yonghe/,https://doi.org/10.5194/acp-23-9401-2023-supplement,,,
49,China,Sanming_ Fujian,Fujian Sannong New Materials Co._ Ltd. (Tahoe Group),26.201,117.503,Yes,No,nothing found,,No,,http://en.sannong.com/about.aspx,https://www.chinafluoropolymer.com/news/new-fluorine-containing-materials-14830145.html,https://link.springer.com/article/10.1186/s12302-020-00425-3/tables/1,,
50,China,Ruichang_ Jiangxi,Jiangxi Lee & Man Chemical Limited,29.702,115.94,Yes,No,nothing found,,No,,https://www.leemanchemical.com/en/page/html/index.php,,,,
51,China,Ganzhou_ Jiangxi,Ganzhou Lichang New Materials Co._ Ltd.,25.88,114.88,Yes,No,nothing found,,No,,http://www.gdlichang.com/eng/aboutus.asp,https://www.businesswire.com/news/home/20221028005227/en/World-Fluoropolymers-Markets-Report-2022-PTFE-FEP-PVDF-PFAMFA-ETFE-PCTFE-ECTFE---Forecast-to-2026---ResearchAndMarkets.com,,,
52,China,Minhang_ Shanghai,Shanghai Ofluorine Co._ Ltd.,31.076,121.442,Yes,No,nothing found,,No,,https://www.ofluorine.com/About-us.html,,,,
53,China,Qianjiang_ Hubei,Hubei Fluorine New Material Co._ Ltd.,30.484,112.866,Yes,No,nothing found,,No,,https://www.flurine.com/comm03/Factory.htm,,,,
54,India,Rudraram_ Telangana,Hindustan Fluorocarbons,17.585,78.151,closed in 2021,No,nothing found,,No,,https://www.hfl.co.in/,https://economictimes.indiatimes.com/news/economy/policy/cabinet-approves-closure-of-hindustan-fluorocarbons-ltd/articleshow/73520679.cms?from=mdr,https://chemicals.gov.in/hindustan-flourocarbons-ltd-hfl,https://www.google.com/maps/place/Hindustan+Fluorocarbons+Limited/@17.5849799_78.1515376_436m/data=!3m1!1e3!4m10!1m2!2m1!1shindustan+fluoro!3m6!1s0x3bcbf0d73ab19485:0xb8e8f726480070ad!8m2!3d17.5850122!4d78.1515056!15sChBoaW5kdXN0YW4gZmx1b3JvkgEaZmFjdG9yeV9lcXVpcG1lbnRfc3VwcGxpZXLgAQA!16s%2Fg%2F11dyx7f266?entry=ttu&g_ep=EgoyMDI1MTEyMy4xIKXMDSoASAFQAw%3D%3D,
55,India,Dahej_ Gujarat,Gujarat Fluorochemicals,21.694,72.589,Yes,No,nothing found,,No,,https://gfl.co.in/Manufacturing_Locations.php,https://www.google.com/url?sa=t&source=web&rct=j&opi=89978449&url=https://gfl.co.in/assets/pdf/GFL%2520Announcement%252030.11.22_new.pdf&ved=2ahUKEwjTrfSMzI-RAxXG9QIHHVHiH0gQFnoECBoQAQ&usg=AOvVaw26sMXajuYj5N5GoSmC9BG4,https://www.google.com/url?sa=t&source=web&rct=j&opi=89978449&url=https://environmentclearance.nic.in/DownloadPfdFile.aspx%3FFileName%3D7WqMy2xnUpRcXAyR11gew6R7vmaU%2BH6/nwXVFFIt6oJJ8Np/CBIfkM6etyQRhLwtwwd%2BzJun7ama1SNV%2BZV2e5jMTUeAHMLoSiCwWeDbOUE%3D%26FilePath%3D93ZZBm8LWEXfg%2BHAlQix2fE2t8z/pgnoBhDlYdZCxzWYSktLmWVaXKfetCrs6kw3DoGTia%2B2sdXMwhPpplwBWruBjKVYi4lT84sunafOeWE%3D&ved=2ahUKEwjTrfSMzI-RAxXG9QIHHVHiH0gQFnoECBwQAQ&usg=AOvVaw2M8i3Pn8hy9nPDZU0HEhwN,,
56,India,Dahej_ Gujarat,SRF Limited,21.705,72.649,Yes,No,nothing found,,No,,https://www.srf.com/our-businesses/fluorochemicals/fluoropolymers/,https://www.srf.com/timeline/2023/,,,
