feature,group,description,units,temporal_resolution,spatial_unit,native_data_resolution,source
log_flow,flow,"Daily discharge on the sample date, log(1+Q)",log m3/s,daily,MERIT reach,0.25 deg LSTM runoff routed on MERIT reaches,GRADES-hydroDL (Yang et al. 2025)
log_flow_7day,flow,"Mean discharge over the 7 days ending on the sample date, log(1+Q)",log m3/s,daily (7-day window),MERIT reach,0.25 deg runoff routed on MERIT reaches,GRADES-hydroDL (Yang et al. 2025)
log_flow_30day,flow,"Mean discharge over the 30 days ending on the sample date, log(1+Q)",log m3/s,daily (30-day window),MERIT reach,0.25 deg runoff routed on MERIT reaches,GRADES-hydroDL (Yang et al. 2025)
flow_anomaly,flow,Standardised flow anomaly: (Q - mean for that day of year) / sd for that day of year,unitless,daily,MERIT reach,0.25 deg runoff routed on MERIT reaches,GRADES-hydroDL (Yang et al. 2025)
log_flow_mean,flow,"Long-term mean discharge (Dec 2014 onward), log(1+Q)",log m3/s,static,MERIT reach,0.25 deg runoff routed on MERIT reaches,GRADES-hydroDL (Yang et al. 2025)
flow_cv,flow,Coefficient of variation of daily discharge (flashiness),unitless,static,MERIT reach,0.25 deg runoff routed on MERIT reaches,GRADES-hydroDL (Yang et al. 2025)
sin_doy,time,Sine of day of year (season),unitless,daily,sample,-,sample date
cos_doy,time,Cosine of day of year (season),unitless,daily,sample,-,sample date
year,time,Sampling year (captures phase-out trends),year,annual,sample,-,sample date
log_uparea,merit,"Upstream drainage area, log10",log km2,static,MERIT reach,90 m (MERIT Hydro),"MERIT-Basins v0.7 (Lin et al. 2019), from MERIT Hydro"
lengthkm,merit,Reach length,km,static,MERIT reach,90 m (MERIT Hydro),"MERIT-Basins v0.7 (Lin et al. 2019), from MERIT Hydro"
sinuosity,merit,Reach sinuosity,unitless,static,MERIT reach,90 m (MERIT Hydro),"MERIT-Basins v0.7 (Lin et al. 2019), from MERIT Hydro"
slope,merit,Reach channel slope,m/m,static,MERIT reach,90 m (MERIT Hydro),"MERIT-Basins v0.7 (Lin et al. 2019), from MERIT Hydro"
order,merit,Stream order,order,static,MERIT reach,90 m (MERIT Hydro),"MERIT-Basins v0.7 (Lin et al. 2019), from MERIT Hydro"
strmDrop_t,merit,Total elevation drop along the reach,m,static,MERIT reach,90 m (MERIT Hydro),"MERIT-Basins v0.7 (Lin et al. 2019), from MERIT Hydro"
unitarea,merit,Local catchment area of the reach,km2,static,MERIT local catchment,90 m (MERIT Hydro),"MERIT-Basins v0.7 (Lin et al. 2019), from MERIT Hydro"
is_lentic,lake,Sample site lies in a lake (1) or on a river (0),binary,static,sample site,PLD lake polygons,SWOT Prior Lake Database (PLD)
lake_reservoir,lake,Lake is a reservoir,binary,static,lake,PLD lake polygons,SWOT Prior Lake Database (PLD)
lake_connected,lake,Lake is connected to the river network,binary,static,lake,PLD lake polygons,SWOT Prior Lake Database (PLD)
log_lake_area,lake,"Lake area, log10",log km2,static,lake,PLD lake polygons,SWOT Prior Lake Database (PLD)
era_precip_mm,climate,Total precipitation on the sample date,mm,daily,grid cell at sample site,0.1 deg (~9 km),ERA5-Land (ECMWF)
era_precip_7d_mm,climate,Precipitation over the 7 days ending on the sample date,mm,daily (7-day window),grid cell at sample site,0.1 deg (~9 km),ERA5-Land (ECMWF)
era_precip_30d_mm,climate,Precipitation over the 30 days ending on the sample date,mm,daily (30-day window),grid cell at sample site,0.1 deg (~9 km),ERA5-Land (ECMWF)
era_runoff_mm,climate,Total runoff on the sample date,mm,daily,grid cell at sample site,0.1 deg (~9 km),ERA5-Land (ECMWF)
era_runoff_7d_mm,climate,Runoff over the 7 days ending on the sample date,mm,daily (7-day window),grid cell at sample site,0.1 deg (~9 km),ERA5-Land (ECMWF)
era_runoff_30d_mm,climate,Runoff over the 30 days ending on the sample date,mm,daily (30-day window),grid cell at sample site,0.1 deg (~9 km),ERA5-Land (ECMWF)
era_temp_c,climate,Mean 2 m air temperature on the sample date,deg C,daily,grid cell at sample site,0.1 deg (~9 km),ERA5-Land (ECMWF)
era_temp_30d_c,climate,Mean 2 m air temperature over the previous 30 days,deg C,daily (30-day window),grid cell at sample site,0.1 deg (~9 km),ERA5-Land (ECMWF)
era_soilm,climate,"Volumetric soil moisture, top layer (0-7 cm), on the sample date",m3/m3,daily,grid cell at sample site,0.1 deg (~9 km),ERA5-Land (ECMWF)
era_soilm_30d,climate,Mean top-layer soil moisture over the previous 30 days,m3/m3,daily (30-day window),grid cell at sample site,0.1 deg (~9 km),ERA5-Land (ECMWF)
lc_tree,landcover,Fraction of the local catchment covered by tree cover,fraction 0-1,static (2021),MERIT local catchment,10 m,ESA WorldCover 2021 (v200)
lc_shrub,landcover,Fraction of the local catchment covered by shrubland,fraction 0-1,static (2021),MERIT local catchment,10 m,ESA WorldCover 2021 (v200)
lc_grass,landcover,Fraction of the local catchment covered by grassland,fraction 0-1,static (2021),MERIT local catchment,10 m,ESA WorldCover 2021 (v200)
lc_crop,landcover,Fraction of the local catchment covered by cropland,fraction 0-1,static (2021),MERIT local catchment,10 m,ESA WorldCover 2021 (v200)
lc_urban,landcover,Fraction of the local catchment covered by built-up,fraction 0-1,static (2021),MERIT local catchment,10 m,ESA WorldCover 2021 (v200)
lc_bare,landcover,Fraction of the local catchment covered by bare / sparse vegetation,fraction 0-1,static (2021),MERIT local catchment,10 m,ESA WorldCover 2021 (v200)
lc_snow,landcover,Fraction of the local catchment covered by snow and ice,fraction 0-1,static (2021),MERIT local catchment,10 m,ESA WorldCover 2021 (v200)
lc_water,landcover,Fraction of the local catchment covered by permanent water,fraction 0-1,static (2021),MERIT local catchment,10 m,ESA WorldCover 2021 (v200)
lc_wetland,landcover,Fraction of the local catchment covered by herbaceous wetland + mangroves,fraction 0-1,static (2021),MERIT local catchment,10 m,ESA WorldCover 2021 (v200)
lc_moss,landcover,Fraction of the local catchment covered by moss and lichen,fraction 0-1,static (2021),MERIT local catchment,10 m,ESA WorldCover 2021 (v200)
ba_ppd_pk_sav,atlas_local,Population density within the sub-basin containing the site,people/km2,static,"BasinATLAS level-12 sub-basin (~130 km2), matched by location",~1 km (GPW v4),BasinATLAS v1.0 (HydroATLAS; Linke et al. 2019)
ba_pop_ct_ssu,atlas_local,Population count within the sub-basin containing the site,people,static,"BasinATLAS level-12 sub-basin (~130 km2), matched by location",~1 km (GPW v4),BasinATLAS v1.0 (HydroATLAS; Linke et al. 2019)
ba_urb_pc_sse,atlas_local,Urban extent within the sub-basin containing the site,% of area,static,"BasinATLAS level-12 sub-basin (~130 km2), matched by location",~1 km,BasinATLAS v1.0 (HydroATLAS; Linke et al. 2019)
ba_nli_ix_sav,atlas_local,Night-time lights within the sub-basin containing the site,index,static,"BasinATLAS level-12 sub-basin (~130 km2), matched by location",~1 km (DMSP-OLS),BasinATLAS v1.0 (HydroATLAS; Linke et al. 2019)
ba_rdd_mk_sav,atlas_local,Road density within the sub-basin containing the site,m/km2,static,"BasinATLAS level-12 sub-basin (~130 km2), matched by location",~8 km (GRIP),BasinATLAS v1.0 (HydroATLAS; Linke et al. 2019)
ba_hft_ix_s09,atlas_local,Human footprint (2009) within the sub-basin containing the site,index,static,"BasinATLAS level-12 sub-basin (~130 km2), matched by location",~1 km,BasinATLAS v1.0 (HydroATLAS; Linke et al. 2019)
ba_gdp_ud_sav,atlas_local,Gross domestic product within the sub-basin containing the site,USD,static,"BasinATLAS level-12 sub-basin (~130 km2), matched by location",~10 km,BasinATLAS v1.0 (HydroATLAS; Linke et al. 2019)
ba_hdi_ix_sav,atlas_local,Human development index within the sub-basin containing the site,index,static,"BasinATLAS level-12 sub-basin (~130 km2), matched by location",subnational units,BasinATLAS v1.0 (HydroATLAS; Linke et al. 2019)
ba_crp_pc_sse,atlas_local,Cropland extent within the sub-basin containing the site,% of area,static,"BasinATLAS level-12 sub-basin (~130 km2), matched by location",~10 km (EarthStat),BasinATLAS v1.0 (HydroATLAS; Linke et al. 2019)
ba_pst_pc_sse,atlas_local,Pasture extent within the sub-basin containing the site,% of area,static,"BasinATLAS level-12 sub-basin (~130 km2), matched by location",~10 km (EarthStat),BasinATLAS v1.0 (HydroATLAS; Linke et al. 2019)
ba_for_pc_sse,atlas_local,Forest cover within the sub-basin containing the site,% of area,static,"BasinATLAS level-12 sub-basin (~130 km2), matched by location",30 m (Global Forest Change),BasinATLAS v1.0 (HydroATLAS; Linke et al. 2019)
ba_ire_pc_sse,atlas_local,Irrigated area within the sub-basin containing the site,% of area,static,"BasinATLAS level-12 sub-basin (~130 km2), matched by location",~10 km,BasinATLAS v1.0 (HydroATLAS; Linke et al. 2019)
ba_lka_pc_sse,atlas_local,Limnicity (lake area) within the sub-basin containing the site,% of area,static,"BasinATLAS level-12 sub-basin (~130 km2), matched by location",lake polygons (HydroLAKES),BasinATLAS v1.0 (HydroATLAS; Linke et al. 2019)
ba_gwt_cm_sav,atlas_local,Groundwater table depth within the sub-basin containing the site,cm,static,"BasinATLAS level-12 sub-basin (~130 km2), matched by location",~1 km,BasinATLAS v1.0 (HydroATLAS; Linke et al. 2019)
ba_kar_pc_sse,atlas_local,Karst area within the sub-basin containing the site,% of area,static,"BasinATLAS level-12 sub-basin (~130 km2), matched by location",karst map polygons,BasinATLAS v1.0 (HydroATLAS; Linke et al. 2019)
ba_cly_pc_sav,atlas_local,Clay fraction in soil within the sub-basin containing the site,%,static,"BasinATLAS level-12 sub-basin (~130 km2), matched by location",250 m (SoilGrids),BasinATLAS v1.0 (HydroATLAS; Linke et al. 2019)
ba_snd_pc_sav,atlas_local,Sand fraction in soil within the sub-basin containing the site,%,static,"BasinATLAS level-12 sub-basin (~130 km2), matched by location",250 m (SoilGrids),BasinATLAS v1.0 (HydroATLAS; Linke et al. 2019)
ba_soc_th_sav,atlas_local,Soil organic carbon within the sub-basin containing the site,t/ha,static,"BasinATLAS level-12 sub-basin (~130 km2), matched by location",250 m (SoilGrids),BasinATLAS v1.0 (HydroATLAS; Linke et al. 2019)
ba_ari_ix_sav,atlas_local,Global aridity index (higher = wetter) within the sub-basin containing the site,index,static,"BasinATLAS level-12 sub-basin (~130 km2), matched by location",~1 km,BasinATLAS v1.0 (HydroATLAS; Linke et al. 2019)
ba_slp_dg_sav,atlas_local,Terrain slope within the sub-basin containing the site,degrees,static,"BasinATLAS level-12 sub-basin (~130 km2), matched by location",~500 m (15 arc-sec),BasinATLAS v1.0 (HydroATLAS; Linke et al. 2019)
ba_ele_mt_sav,atlas_local,Elevation within the sub-basin containing the site,m,static,"BasinATLAS level-12 sub-basin (~130 km2), matched by location",~500 m (15 arc-sec),BasinATLAS v1.0 (HydroATLAS; Linke et al. 2019)
ba_run_mm_syr,atlas_local,Land surface runoff (annual) within the sub-basin containing the site,mm/yr,static,"BasinATLAS level-12 sub-basin (~130 km2), matched by location",~50 km (WaterGAP),BasinATLAS v1.0 (HydroATLAS; Linke et al. 2019)
ba_ppd_pk_uav,atlas_up,Population density over the whole upstream watershed; set to missing where BasinATLAS and MERIT upstream areas differ by more than 2x,people/km2,static,BasinATLAS upstream watershed,~1 km (GPW v4),BasinATLAS v1.0 (HydroATLAS; Linke et al. 2019)
ba_pop_ct_usu,atlas_up,Population count over the whole upstream watershed; set to missing where BasinATLAS and MERIT upstream areas differ by more than 2x,people,static,BasinATLAS upstream watershed,~1 km (GPW v4),BasinATLAS v1.0 (HydroATLAS; Linke et al. 2019)
ba_urb_pc_use,atlas_up,Urban extent over the whole upstream watershed; set to missing where BasinATLAS and MERIT upstream areas differ by more than 2x,% of area,static,BasinATLAS upstream watershed,~1 km,BasinATLAS v1.0 (HydroATLAS; Linke et al. 2019)
ba_nli_ix_uav,atlas_up,Night-time lights over the whole upstream watershed; set to missing where BasinATLAS and MERIT upstream areas differ by more than 2x,index,static,BasinATLAS upstream watershed,~1 km (DMSP-OLS),BasinATLAS v1.0 (HydroATLAS; Linke et al. 2019)
ba_rdd_mk_uav,atlas_up,Road density over the whole upstream watershed; set to missing where BasinATLAS and MERIT upstream areas differ by more than 2x,m/km2,static,BasinATLAS upstream watershed,~8 km (GRIP),BasinATLAS v1.0 (HydroATLAS; Linke et al. 2019)
ba_hft_ix_u09,atlas_up,Human footprint (2009) over the whole upstream watershed; set to missing where BasinATLAS and MERIT upstream areas differ by more than 2x,index,static,BasinATLAS upstream watershed,~1 km,BasinATLAS v1.0 (HydroATLAS; Linke et al. 2019)
ba_gdp_ud_usu,atlas_up,Gross domestic product over the whole upstream watershed; set to missing where BasinATLAS and MERIT upstream areas differ by more than 2x,USD,static,BasinATLAS upstream watershed,~10 km,BasinATLAS v1.0 (HydroATLAS; Linke et al. 2019)
ba_crp_pc_use,atlas_up,Cropland extent over the whole upstream watershed; set to missing where BasinATLAS and MERIT upstream areas differ by more than 2x,% of area,static,BasinATLAS upstream watershed,~10 km (EarthStat),BasinATLAS v1.0 (HydroATLAS; Linke et al. 2019)
ba_pst_pc_use,atlas_up,Pasture extent over the whole upstream watershed; set to missing where BasinATLAS and MERIT upstream areas differ by more than 2x,% of area,static,BasinATLAS upstream watershed,~10 km (EarthStat),BasinATLAS v1.0 (HydroATLAS; Linke et al. 2019)
ba_for_pc_use,atlas_up,Forest cover over the whole upstream watershed; set to missing where BasinATLAS and MERIT upstream areas differ by more than 2x,% of area,static,BasinATLAS upstream watershed,30 m (Global Forest Change),BasinATLAS v1.0 (HydroATLAS; Linke et al. 2019)
ba_ire_pc_use,atlas_up,Irrigated area over the whole upstream watershed; set to missing where BasinATLAS and MERIT upstream areas differ by more than 2x,% of area,static,BasinATLAS upstream watershed,~10 km,BasinATLAS v1.0 (HydroATLAS; Linke et al. 2019)
ba_lka_pc_use,atlas_up,Limnicity (lake area) over the whole upstream watershed; set to missing where BasinATLAS and MERIT upstream areas differ by more than 2x,% of area,static,BasinATLAS upstream watershed,lake polygons (HydroLAKES),BasinATLAS v1.0 (HydroATLAS; Linke et al. 2019)
ba_rev_mc_usu,atlas_up,Reservoir volume upstream over the whole upstream watershed; set to missing where BasinATLAS and MERIT upstream areas differ by more than 2x,million m3,static,BasinATLAS upstream watershed,reservoir points (GRanD),BasinATLAS v1.0 (HydroATLAS; Linke et al. 2019)
ba_kar_pc_use,atlas_up,Karst area over the whole upstream watershed; set to missing where BasinATLAS and MERIT upstream areas differ by more than 2x,% of area,static,BasinATLAS upstream watershed,karst map polygons,BasinATLAS v1.0 (HydroATLAS; Linke et al. 2019)
ba_cly_pc_uav,atlas_up,Clay fraction in soil over the whole upstream watershed; set to missing where BasinATLAS and MERIT upstream areas differ by more than 2x,%,static,BasinATLAS upstream watershed,250 m (SoilGrids),BasinATLAS v1.0 (HydroATLAS; Linke et al. 2019)
ba_snd_pc_uav,atlas_up,Sand fraction in soil over the whole upstream watershed; set to missing where BasinATLAS and MERIT upstream areas differ by more than 2x,%,static,BasinATLAS upstream watershed,250 m (SoilGrids),BasinATLAS v1.0 (HydroATLAS; Linke et al. 2019)
ba_soc_th_uav,atlas_up,Soil organic carbon over the whole upstream watershed; set to missing where BasinATLAS and MERIT upstream areas differ by more than 2x,t/ha,static,BasinATLAS upstream watershed,250 m (SoilGrids),BasinATLAS v1.0 (HydroATLAS; Linke et al. 2019)
ba_ari_ix_uav,atlas_up,Global aridity index (higher = wetter) over the whole upstream watershed; set to missing where BasinATLAS and MERIT upstream areas differ by more than 2x,index,static,BasinATLAS upstream watershed,~1 km,BasinATLAS v1.0 (HydroATLAS; Linke et al. 2019)
ba_slp_dg_uav,atlas_up,Terrain slope over the whole upstream watershed; set to missing where BasinATLAS and MERIT upstream areas differ by more than 2x,degrees,static,BasinATLAS upstream watershed,~500 m (15 arc-sec),BasinATLAS v1.0 (HydroATLAS; Linke et al. 2019)
ba_ele_mt_uav,atlas_up,Elevation over the whole upstream watershed; set to missing where BasinATLAS and MERIT upstream areas differ by more than 2x,m,static,BasinATLAS upstream watershed,~500 m (15 arc-sec),BasinATLAS v1.0 (HydroATLAS; Linke et al. 2019)
ba_dis_m3_pyr,atlas_up,Natural discharge at sub-basin outlet at the sub-basin outlet; set to missing where BasinATLAS and MERIT upstream areas differ by more than 2x,m3/s,static,BasinATLAS outlet (pour point),~500 m network (WaterGAP-downscaled),BasinATLAS v1.0 (HydroATLAS; Linke et al. 2019)
ba_dor_pc_pva,atlas_up,Degree of regulation by dams at the sub-basin outlet; set to missing where BasinATLAS and MERIT upstream areas differ by more than 2x,%,static,BasinATLAS outlet (pour point),network (GRanD),BasinATLAS v1.0 (HydroATLAS; Linke et al. 2019)
n_airport_large_up,point,Number of large airports upstream,count,static,"all MERIT reaches upstream, incl. the reach's own catchment",point locations snapped to MERIT catchments,OurAirports
dens_airport_large_up,point,"Number of large airports upstream per 1,000 km2 of drainage area",count/1000 km2,static,"all MERIT reaches upstream, incl. the reach's own catchment",point locations snapped to MERIT catchments,OurAirports
dw10_airport_large_up,point,Distance-weighted number of large airports upstream; each source weighted by exp(-river distance / 10 km),weighted count,static,"all MERIT reaches upstream, incl. the reach's own catchment",point locations snapped to MERIT catchments,OurAirports
dw50_airport_large_up,point,Distance-weighted number of large airports upstream; each source weighted by exp(-river distance / 50 km),weighted count,static,"all MERIT reaches upstream, incl. the reach's own catchment",point locations snapped to MERIT catchments,OurAirports
dw250_airport_large_up,point,Distance-weighted number of large airports upstream; each source weighted by exp(-river distance / 250 km),weighted count,static,"all MERIT reaches upstream, incl. the reach's own catchment",point locations snapped to MERIT catchments,OurAirports
n_airport_medium_up,point,Number of medium airports upstream,count,static,"all MERIT reaches upstream, incl. the reach's own catchment",point locations snapped to MERIT catchments,OurAirports
dens_airport_medium_up,point,"Number of medium airports upstream per 1,000 km2 of drainage area",count/1000 km2,static,"all MERIT reaches upstream, incl. the reach's own catchment",point locations snapped to MERIT catchments,OurAirports
dw10_airport_medium_up,point,Distance-weighted number of medium airports upstream; each source weighted by exp(-river distance / 10 km),weighted count,static,"all MERIT reaches upstream, incl. the reach's own catchment",point locations snapped to MERIT catchments,OurAirports
dw50_airport_medium_up,point,Distance-weighted number of medium airports upstream; each source weighted by exp(-river distance / 50 km),weighted count,static,"all MERIT reaches upstream, incl. the reach's own catchment",point locations snapped to MERIT catchments,OurAirports
dw250_airport_medium_up,point,Distance-weighted number of medium airports upstream; each source weighted by exp(-river distance / 250 km),weighted count,static,"all MERIT reaches upstream, incl. the reach's own catchment",point locations snapped to MERIT catchments,OurAirports
n_airport_small_up,point,Number of small airports upstream,count,static,"all MERIT reaches upstream, incl. the reach's own catchment",point locations snapped to MERIT catchments,OurAirports
dens_airport_small_up,point,"Number of small airports upstream per 1,000 km2 of drainage area",count/1000 km2,static,"all MERIT reaches upstream, incl. the reach's own catchment",point locations snapped to MERIT catchments,OurAirports
dw10_airport_small_up,point,Distance-weighted number of small airports upstream; each source weighted by exp(-river distance / 10 km),weighted count,static,"all MERIT reaches upstream, incl. the reach's own catchment",point locations snapped to MERIT catchments,OurAirports
dw50_airport_small_up,point,Distance-weighted number of small airports upstream; each source weighted by exp(-river distance / 50 km),weighted count,static,"all MERIT reaches upstream, incl. the reach's own catchment",point locations snapped to MERIT catchments,OurAirports
dw250_airport_small_up,point,Distance-weighted number of small airports upstream; each source weighted by exp(-river distance / 250 km),weighted count,static,"all MERIT reaches upstream, incl. the reach's own catchment",point locations snapped to MERIT catchments,OurAirports
n_airport_heliport_up,point,Number of heliports upstream,count,static,"all MERIT reaches upstream, incl. the reach's own catchment",point locations snapped to MERIT catchments,OurAirports
dens_airport_heliport_up,point,"Number of heliports upstream per 1,000 km2 of drainage area",count/1000 km2,static,"all MERIT reaches upstream, incl. the reach's own catchment",point locations snapped to MERIT catchments,OurAirports
dw10_airport_heliport_up,point,Distance-weighted number of heliports upstream; each source weighted by exp(-river distance / 10 km),weighted count,static,"all MERIT reaches upstream, incl. the reach's own catchment",point locations snapped to MERIT catchments,OurAirports
dw50_airport_heliport_up,point,Distance-weighted number of heliports upstream; each source weighted by exp(-river distance / 50 km),weighted count,static,"all MERIT reaches upstream, incl. the reach's own catchment",point locations snapped to MERIT catchments,OurAirports
dw250_airport_heliport_up,point,Distance-weighted number of heliports upstream; each source weighted by exp(-river distance / 250 km),weighted count,static,"all MERIT reaches upstream, incl. the reach's own catchment",point locations snapped to MERIT catchments,OurAirports
n_airport_seaplane_up,point,Number of seaplane bases upstream,count,static,"all MERIT reaches upstream, incl. the reach's own catchment",point locations snapped to MERIT catchments,OurAirports
dens_airport_seaplane_up,point,"Number of seaplane bases upstream per 1,000 km2 of drainage area",count/1000 km2,static,"all MERIT reaches upstream, incl. the reach's own catchment",point locations snapped to MERIT catchments,OurAirports
dw10_airport_seaplane_up,point,Distance-weighted number of seaplane bases upstream; each source weighted by exp(-river distance / 10 km),weighted count,static,"all MERIT reaches upstream, incl. the reach's own catchment",point locations snapped to MERIT catchments,OurAirports
dw50_airport_seaplane_up,point,Distance-weighted number of seaplane bases upstream; each source weighted by exp(-river distance / 50 km),weighted count,static,"all MERIT reaches upstream, incl. the reach's own catchment",point locations snapped to MERIT catchments,OurAirports
dw250_airport_seaplane_up,point,Distance-weighted number of seaplane bases upstream; each source weighted by exp(-river distance / 250 km),weighted count,static,"all MERIT reaches upstream, incl. the reach's own catchment",point locations snapped to MERIT catchments,OurAirports
n_airport_closed_up,point,Number of closed airports upstream,count,static,"all MERIT reaches upstream, incl. the reach's own catchment",point locations snapped to MERIT catchments,OurAirports
dens_airport_closed_up,point,"Number of closed airports upstream per 1,000 km2 of drainage area",count/1000 km2,static,"all MERIT reaches upstream, incl. the reach's own catchment",point locations snapped to MERIT catchments,OurAirports
dw10_airport_closed_up,point,Distance-weighted number of closed airports upstream; each source weighted by exp(-river distance / 10 km),weighted count,static,"all MERIT reaches upstream, incl. the reach's own catchment",point locations snapped to MERIT catchments,OurAirports
dw50_airport_closed_up,point,Distance-weighted number of closed airports upstream; each source weighted by exp(-river distance / 50 km),weighted count,static,"all MERIT reaches upstream, incl. the reach's own catchment",point locations snapped to MERIT catchments,OurAirports
dw250_airport_closed_up,point,Distance-weighted number of closed airports upstream; each source weighted by exp(-river distance / 250 km),weighted count,static,"all MERIT reaches upstream, incl. the reach's own catchment",point locations snapped to MERIT catchments,OurAirports
n_military_air_active_up,point,Number of active military air bases upstream,count,static,"all MERIT reaches upstream, incl. the reach's own catchment",point locations snapped to MERIT catchments,GlobalMilitary.net (scraped)
dens_military_air_active_up,point,"Number of active military air bases upstream per 1,000 km2 of drainage area",count/1000 km2,static,"all MERIT reaches upstream, incl. the reach's own catchment",point locations snapped to MERIT catchments,GlobalMilitary.net (scraped)
dw10_military_air_active_up,point,Distance-weighted number of active military air bases upstream; each source weighted by exp(-river distance / 10 km),weighted count,static,"all MERIT reaches upstream, incl. the reach's own catchment",point locations snapped to MERIT catchments,GlobalMilitary.net (scraped)
dw50_military_air_active_up,point,Distance-weighted number of active military air bases upstream; each source weighted by exp(-river distance / 50 km),weighted count,static,"all MERIT reaches upstream, incl. the reach's own catchment",point locations snapped to MERIT catchments,GlobalMilitary.net (scraped)
dw250_military_air_active_up,point,Distance-weighted number of active military air bases upstream; each source weighted by exp(-river distance / 250 km),weighted count,static,"all MERIT reaches upstream, incl. the reach's own catchment",point locations snapped to MERIT catchments,GlobalMilitary.net (scraped)
n_military_air_closed_up,point,Number of closed military air bases upstream,count,static,"all MERIT reaches upstream, incl. the reach's own catchment",point locations snapped to MERIT catchments,GlobalMilitary.net (scraped)
dens_military_air_closed_up,point,"Number of closed military air bases upstream per 1,000 km2 of drainage area",count/1000 km2,static,"all MERIT reaches upstream, incl. the reach's own catchment",point locations snapped to MERIT catchments,GlobalMilitary.net (scraped)
dw10_military_air_closed_up,point,Distance-weighted number of closed military air bases upstream; each source weighted by exp(-river distance / 10 km),weighted count,static,"all MERIT reaches upstream, incl. the reach's own catchment",point locations snapped to MERIT catchments,GlobalMilitary.net (scraped)
dw50_military_air_closed_up,point,Distance-weighted number of closed military air bases upstream; each source weighted by exp(-river distance / 50 km),weighted count,static,"all MERIT reaches upstream, incl. the reach's own catchment",point locations snapped to MERIT catchments,GlobalMilitary.net (scraped)
dw250_military_air_closed_up,point,Distance-weighted number of closed military air bases upstream; each source weighted by exp(-river distance / 250 km),weighted count,static,"all MERIT reaches upstream, incl. the reach's own catchment",point locations snapped to MERIT catchments,GlobalMilitary.net (scraped)
n_military_naval_active_up,point,Number of active naval bases upstream,count,static,"all MERIT reaches upstream, incl. the reach's own catchment",point locations snapped to MERIT catchments,GlobalMilitary.net (scraped)
dens_military_naval_active_up,point,"Number of active naval bases upstream per 1,000 km2 of drainage area",count/1000 km2,static,"all MERIT reaches upstream, incl. the reach's own catchment",point locations snapped to MERIT catchments,GlobalMilitary.net (scraped)
dw10_military_naval_active_up,point,Distance-weighted number of active naval bases upstream; each source weighted by exp(-river distance / 10 km),weighted count,static,"all MERIT reaches upstream, incl. the reach's own catchment",point locations snapped to MERIT catchments,GlobalMilitary.net (scraped)
dw50_military_naval_active_up,point,Distance-weighted number of active naval bases upstream; each source weighted by exp(-river distance / 50 km),weighted count,static,"all MERIT reaches upstream, incl. the reach's own catchment",point locations snapped to MERIT catchments,GlobalMilitary.net (scraped)
dw250_military_naval_active_up,point,Distance-weighted number of active naval bases upstream; each source weighted by exp(-river distance / 250 km),weighted count,static,"all MERIT reaches upstream, incl. the reach's own catchment",point locations snapped to MERIT catchments,GlobalMilitary.net (scraped)
n_military_naval_closed_up,point,Number of closed naval bases upstream,count,static,"all MERIT reaches upstream, incl. the reach's own catchment",point locations snapped to MERIT catchments,GlobalMilitary.net (scraped)
dens_military_naval_closed_up,point,"Number of closed naval bases upstream per 1,000 km2 of drainage area",count/1000 km2,static,"all MERIT reaches upstream, incl. the reach's own catchment",point locations snapped to MERIT catchments,GlobalMilitary.net (scraped)
dw10_military_naval_closed_up,point,Distance-weighted number of closed naval bases upstream; each source weighted by exp(-river distance / 10 km),weighted count,static,"all MERIT reaches upstream, incl. the reach's own catchment",point locations snapped to MERIT catchments,GlobalMilitary.net (scraped)
dw50_military_naval_closed_up,point,Distance-weighted number of closed naval bases upstream; each source weighted by exp(-river distance / 50 km),weighted count,static,"all MERIT reaches upstream, incl. the reach's own catchment",point locations snapped to MERIT catchments,GlobalMilitary.net (scraped)
dw250_military_naval_closed_up,point,Distance-weighted number of closed naval bases upstream; each source weighted by exp(-river distance / 250 km),weighted count,static,"all MERIT reaches upstream, incl. the reach's own catchment",point locations snapped to MERIT catchments,GlobalMilitary.net (scraped)
n_wwtp_lt1k_m3d_up,point,"Number of WWTPs discharging <1,000 m3/d upstream",count,static,"all MERIT reaches upstream, incl. the reach's own catchment",point locations snapped to MERIT catchments,HydroWASTE v1.0 (Ehalt Macedo et al. 2022)
dens_wwtp_lt1k_m3d_up,point,"Number of WWTPs discharging <1,000 m3/d upstream per 1,000 km2 of drainage area",count/1000 km2,static,"all MERIT reaches upstream, incl. the reach's own catchment",point locations snapped to MERIT catchments,HydroWASTE v1.0 (Ehalt Macedo et al. 2022)
dw10_wwtp_lt1k_m3d_up,point,"Distance-weighted number of WWTPs discharging <1,000 m3/d upstream; each source weighted by exp(-river distance / 10 km)",weighted count,static,"all MERIT reaches upstream, incl. the reach's own catchment",point locations snapped to MERIT catchments,HydroWASTE v1.0 (Ehalt Macedo et al. 2022)
dw50_wwtp_lt1k_m3d_up,point,"Distance-weighted number of WWTPs discharging <1,000 m3/d upstream; each source weighted by exp(-river distance / 50 km)",weighted count,static,"all MERIT reaches upstream, incl. the reach's own catchment",point locations snapped to MERIT catchments,HydroWASTE v1.0 (Ehalt Macedo et al. 2022)
dw250_wwtp_lt1k_m3d_up,point,"Distance-weighted number of WWTPs discharging <1,000 m3/d upstream; each source weighted by exp(-river distance / 250 km)",weighted count,static,"all MERIT reaches upstream, incl. the reach's own catchment",point locations snapped to MERIT catchments,HydroWASTE v1.0 (Ehalt Macedo et al. 2022)
n_wwtp_1kto10k_m3d_up,point,"Number of WWTPs discharging 1,000-10,000 m3/d upstream",count,static,"all MERIT reaches upstream, incl. the reach's own catchment",point locations snapped to MERIT catchments,HydroWASTE v1.0 (Ehalt Macedo et al. 2022)
dens_wwtp_1kto10k_m3d_up,point,"Number of WWTPs discharging 1,000-10,000 m3/d upstream per 1,000 km2 of drainage area",count/1000 km2,static,"all MERIT reaches upstream, incl. the reach's own catchment",point locations snapped to MERIT catchments,HydroWASTE v1.0 (Ehalt Macedo et al. 2022)
dw10_wwtp_1kto10k_m3d_up,point,"Distance-weighted number of WWTPs discharging 1,000-10,000 m3/d upstream; each source weighted by exp(-river distance / 10 km)",weighted count,static,"all MERIT reaches upstream, incl. the reach's own catchment",point locations snapped to MERIT catchments,HydroWASTE v1.0 (Ehalt Macedo et al. 2022)
dw50_wwtp_1kto10k_m3d_up,point,"Distance-weighted number of WWTPs discharging 1,000-10,000 m3/d upstream; each source weighted by exp(-river distance / 50 km)",weighted count,static,"all MERIT reaches upstream, incl. the reach's own catchment",point locations snapped to MERIT catchments,HydroWASTE v1.0 (Ehalt Macedo et al. 2022)
dw250_wwtp_1kto10k_m3d_up,point,"Distance-weighted number of WWTPs discharging 1,000-10,000 m3/d upstream; each source weighted by exp(-river distance / 250 km)",weighted count,static,"all MERIT reaches upstream, incl. the reach's own catchment",point locations snapped to MERIT catchments,HydroWASTE v1.0 (Ehalt Macedo et al. 2022)
n_wwtp_10kto100k_m3d_up,point,"Number of WWTPs discharging 10,000-100,000 m3/d upstream",count,static,"all MERIT reaches upstream, incl. the reach's own catchment",point locations snapped to MERIT catchments,HydroWASTE v1.0 (Ehalt Macedo et al. 2022)
dens_wwtp_10kto100k_m3d_up,point,"Number of WWTPs discharging 10,000-100,000 m3/d upstream per 1,000 km2 of drainage area",count/1000 km2,static,"all MERIT reaches upstream, incl. the reach's own catchment",point locations snapped to MERIT catchments,HydroWASTE v1.0 (Ehalt Macedo et al. 2022)
dw10_wwtp_10kto100k_m3d_up,point,"Distance-weighted number of WWTPs discharging 10,000-100,000 m3/d upstream; each source weighted by exp(-river distance / 10 km)",weighted count,static,"all MERIT reaches upstream, incl. the reach's own catchment",point locations snapped to MERIT catchments,HydroWASTE v1.0 (Ehalt Macedo et al. 2022)
dw50_wwtp_10kto100k_m3d_up,point,"Distance-weighted number of WWTPs discharging 10,000-100,000 m3/d upstream; each source weighted by exp(-river distance / 50 km)",weighted count,static,"all MERIT reaches upstream, incl. the reach's own catchment",point locations snapped to MERIT catchments,HydroWASTE v1.0 (Ehalt Macedo et al. 2022)
dw250_wwtp_10kto100k_m3d_up,point,"Distance-weighted number of WWTPs discharging 10,000-100,000 m3/d upstream; each source weighted by exp(-river distance / 250 km)",weighted count,static,"all MERIT reaches upstream, incl. the reach's own catchment",point locations snapped to MERIT catchments,HydroWASTE v1.0 (Ehalt Macedo et al. 2022)
n_wwtp_gt100k_m3d_up,point,"Number of WWTPs discharging >100,000 m3/d upstream",count,static,"all MERIT reaches upstream, incl. the reach's own catchment",point locations snapped to MERIT catchments,HydroWASTE v1.0 (Ehalt Macedo et al. 2022)
dens_wwtp_gt100k_m3d_up,point,"Number of WWTPs discharging >100,000 m3/d upstream per 1,000 km2 of drainage area",count/1000 km2,static,"all MERIT reaches upstream, incl. the reach's own catchment",point locations snapped to MERIT catchments,HydroWASTE v1.0 (Ehalt Macedo et al. 2022)
dw10_wwtp_gt100k_m3d_up,point,"Distance-weighted number of WWTPs discharging >100,000 m3/d upstream; each source weighted by exp(-river distance / 10 km)",weighted count,static,"all MERIT reaches upstream, incl. the reach's own catchment",point locations snapped to MERIT catchments,HydroWASTE v1.0 (Ehalt Macedo et al. 2022)
dw50_wwtp_gt100k_m3d_up,point,"Distance-weighted number of WWTPs discharging >100,000 m3/d upstream; each source weighted by exp(-river distance / 50 km)",weighted count,static,"all MERIT reaches upstream, incl. the reach's own catchment",point locations snapped to MERIT catchments,HydroWASTE v1.0 (Ehalt Macedo et al. 2022)
dw250_wwtp_gt100k_m3d_up,point,"Distance-weighted number of WWTPs discharging >100,000 m3/d upstream; each source weighted by exp(-river distance / 250 km)",weighted count,static,"all MERIT reaches upstream, incl. the reach's own catchment",point locations snapped to MERIT catchments,HydroWASTE v1.0 (Ehalt Macedo et al. 2022)
n_wwtp_closed_up,point,Number of closed WWTPs upstream,count,static,"all MERIT reaches upstream, incl. the reach's own catchment",point locations snapped to MERIT catchments,HydroWASTE v1.0 (Ehalt Macedo et al. 2022)
dens_wwtp_closed_up,point,"Number of closed WWTPs upstream per 1,000 km2 of drainage area",count/1000 km2,static,"all MERIT reaches upstream, incl. the reach's own catchment",point locations snapped to MERIT catchments,HydroWASTE v1.0 (Ehalt Macedo et al. 2022)
dw10_wwtp_closed_up,point,Distance-weighted number of closed WWTPs upstream; each source weighted by exp(-river distance / 10 km),weighted count,static,"all MERIT reaches upstream, incl. the reach's own catchment",point locations snapped to MERIT catchments,HydroWASTE v1.0 (Ehalt Macedo et al. 2022)
dw50_wwtp_closed_up,point,Distance-weighted number of closed WWTPs upstream; each source weighted by exp(-river distance / 50 km),weighted count,static,"all MERIT reaches upstream, incl. the reach's own catchment",point locations snapped to MERIT catchments,HydroWASTE v1.0 (Ehalt Macedo et al. 2022)
dw250_wwtp_closed_up,point,Distance-weighted number of closed WWTPs upstream; each source weighted by exp(-river distance / 250 km),weighted count,static,"all MERIT reaches upstream, incl. the reach's own catchment",point locations snapped to MERIT catchments,HydroWASTE v1.0 (Ehalt Macedo et al. 2022)
n_ffp_up,point,Number of fluoropolymer production plants upstream,count,static,"all MERIT reaches upstream, incl. the reach's own catchment",point locations snapped to MERIT catchments,Fluoropolymer plant inventory (Miller et al. 2026)
dens_ffp_up,point,"Number of fluoropolymer production plants upstream per 1,000 km2 of drainage area",count/1000 km2,static,"all MERIT reaches upstream, incl. the reach's own catchment",point locations snapped to MERIT catchments,Fluoropolymer plant inventory (Miller et al. 2026)
dw10_ffp_up,point,Distance-weighted number of fluoropolymer production plants upstream; each source weighted by exp(-river distance / 10 km),weighted count,static,"all MERIT reaches upstream, incl. the reach's own catchment",point locations snapped to MERIT catchments,Fluoropolymer plant inventory (Miller et al. 2026)
dw50_ffp_up,point,Distance-weighted number of fluoropolymer production plants upstream; each source weighted by exp(-river distance / 50 km),weighted count,static,"all MERIT reaches upstream, incl. the reach's own catchment",point locations snapped to MERIT catchments,Fluoropolymer plant inventory (Miller et al. 2026)
dw250_ffp_up,point,Distance-weighted number of fluoropolymer production plants upstream; each source weighted by exp(-river distance / 250 km),weighted count,static,"all MERIT reaches upstream, incl. the reach's own catchment",point locations snapped to MERIT catchments,Fluoropolymer plant inventory (Miller et al. 2026)
n_waste_site_up,point,Number of landfills and dump sites upstream,count,static,"all MERIT reaches upstream, incl. the reach's own catchment",point locations snapped to MERIT catchments,Climate TRACE v5
dens_waste_site_up,point,"Number of landfills and dump sites upstream per 1,000 km2 of drainage area",count/1000 km2,static,"all MERIT reaches upstream, incl. the reach's own catchment",point locations snapped to MERIT catchments,Climate TRACE v5
dw10_waste_site_up,point,Distance-weighted number of landfills and dump sites upstream; each source weighted by exp(-river distance / 10 km),weighted count,static,"all MERIT reaches upstream, incl. the reach's own catchment",point locations snapped to MERIT catchments,Climate TRACE v5
dw50_waste_site_up,point,Distance-weighted number of landfills and dump sites upstream; each source weighted by exp(-river distance / 50 km),weighted count,static,"all MERIT reaches upstream, incl. the reach's own catchment",point locations snapped to MERIT catchments,Climate TRACE v5
dw250_waste_site_up,point,Distance-weighted number of landfills and dump sites upstream; each source weighted by exp(-river distance / 250 km),weighted count,static,"all MERIT reaches upstream, incl. the reach's own catchment",point locations snapped to MERIT catchments,Climate TRACE v5
n_pulp_paper_up,point,Number of pulp and paper mills (industrial wastewater) upstream,count,static,"all MERIT reaches upstream, incl. the reach's own catchment",point locations snapped to MERIT catchments,Climate TRACE v5
dens_pulp_paper_up,point,"Number of pulp and paper mills (industrial wastewater) upstream per 1,000 km2 of drainage area",count/1000 km2,static,"all MERIT reaches upstream, incl. the reach's own catchment",point locations snapped to MERIT catchments,Climate TRACE v5
dw10_pulp_paper_up,point,Distance-weighted number of pulp and paper mills (industrial wastewater) upstream; each source weighted by exp(-river distance / 10 km),weighted count,static,"all MERIT reaches upstream, incl. the reach's own catchment",point locations snapped to MERIT catchments,Climate TRACE v5
dw50_pulp_paper_up,point,Distance-weighted number of pulp and paper mills (industrial wastewater) upstream; each source weighted by exp(-river distance / 50 km),weighted count,static,"all MERIT reaches upstream, incl. the reach's own catchment",point locations snapped to MERIT catchments,Climate TRACE v5
dw250_pulp_paper_up,point,Distance-weighted number of pulp and paper mills (industrial wastewater) upstream; each source weighted by exp(-river distance / 250 km),weighted count,static,"all MERIT reaches upstream, incl. the reach's own catchment",point locations snapped to MERIT catchments,Climate TRACE v5
n_steel_up,point,Number of steel plants (industrial wastewater) upstream,count,static,"all MERIT reaches upstream, incl. the reach's own catchment",point locations snapped to MERIT catchments,Climate TRACE v5
dens_steel_up,point,"Number of steel plants (industrial wastewater) upstream per 1,000 km2 of drainage area",count/1000 km2,static,"all MERIT reaches upstream, incl. the reach's own catchment",point locations snapped to MERIT catchments,Climate TRACE v5
dw10_steel_up,point,Distance-weighted number of steel plants (industrial wastewater) upstream; each source weighted by exp(-river distance / 10 km),weighted count,static,"all MERIT reaches upstream, incl. the reach's own catchment",point locations snapped to MERIT catchments,Climate TRACE v5
dw50_steel_up,point,Distance-weighted number of steel plants (industrial wastewater) upstream; each source weighted by exp(-river distance / 50 km),weighted count,static,"all MERIT reaches upstream, incl. the reach's own catchment",point locations snapped to MERIT catchments,Climate TRACE v5
dw250_steel_up,point,Distance-weighted number of steel plants (industrial wastewater) upstream; each source weighted by exp(-river distance / 250 km),weighted count,static,"all MERIT reaches upstream, incl. the reach's own catchment",point locations snapped to MERIT catchments,Climate TRACE v5
n_textile_finishing_up,point,"Number of textile dyeing/finishing, coating and tanning plants upstream",count,static,"all MERIT reaches upstream, incl. the reach's own catchment",point locations snapped to MERIT catchments,Climate TRACE v5
dens_textile_finishing_up,point,"Number of textile dyeing/finishing, coating and tanning plants upstream per 1,000 km2 of drainage area",count/1000 km2,static,"all MERIT reaches upstream, incl. the reach's own catchment",point locations snapped to MERIT catchments,Climate TRACE v5
dw10_textile_finishing_up,point,"Distance-weighted number of textile dyeing/finishing, coating and tanning plants upstream; each source weighted by exp(-river distance / 10 km)",weighted count,static,"all MERIT reaches upstream, incl. the reach's own catchment",point locations snapped to MERIT catchments,Climate TRACE v5
dw50_textile_finishing_up,point,"Distance-weighted number of textile dyeing/finishing, coating and tanning plants upstream; each source weighted by exp(-river distance / 50 km)",weighted count,static,"all MERIT reaches upstream, incl. the reach's own catchment",point locations snapped to MERIT catchments,Climate TRACE v5
dw250_textile_finishing_up,point,"Distance-weighted number of textile dyeing/finishing, coating and tanning plants upstream; each source weighted by exp(-river distance / 250 km)",weighted count,static,"all MERIT reaches upstream, incl. the reach's own catchment",point locations snapped to MERIT catchments,Climate TRACE v5
n_total_up,point,Number of point sources of all types upstream,count,static,"all MERIT reaches upstream, incl. the reach's own catchment",point locations,all point-source datasets
dens_total_up,point,"Number of point sources of all types upstream per 1,000 km2",count/1000 km2,static,"all MERIT reaches upstream, incl. the reach's own catchment",point locations,all point-source datasets
wwtp_dis_m3d_up,point,Treated effluent discharge of active WWTPs upstream,m3/d,static,"all MERIT reaches upstream, incl. the reach's own catchment",WWTP outfall points,HydroWASTE v1.0 (Ehalt Macedo et al. 2022)
waste_site_t_up,point,Estimated waste in place at landfills/dump sites upstream,t,static,"all MERIT reaches upstream, incl. the reach's own catchment",waste-site points,Climate TRACE v5
dw10_wwtp_dis_m3d_up,point,"Treated effluent discharge of active WWTPs upstream (distance-weighted, 10 km)",m3/d,static,"all MERIT reaches upstream, incl. the reach's own catchment",WWTP outfall points,HydroWASTE v1.0 (Ehalt Macedo et al. 2022)
dw10_waste_site_t_up,point,"Estimated waste in place at landfills/dump sites upstream (distance-weighted, 10 km)",t,static,"all MERIT reaches upstream, incl. the reach's own catchment",waste-site points,Climate TRACE v5
dw50_wwtp_dis_m3d_up,point,"Treated effluent discharge of active WWTPs upstream (distance-weighted, 50 km)",m3/d,static,"all MERIT reaches upstream, incl. the reach's own catchment",WWTP outfall points,HydroWASTE v1.0 (Ehalt Macedo et al. 2022)
dw50_waste_site_t_up,point,"Estimated waste in place at landfills/dump sites upstream (distance-weighted, 50 km)",t,static,"all MERIT reaches upstream, incl. the reach's own catchment",waste-site points,Climate TRACE v5
dw250_wwtp_dis_m3d_up,point,"Treated effluent discharge of active WWTPs upstream (distance-weighted, 250 km)",m3/d,static,"all MERIT reaches upstream, incl. the reach's own catchment",WWTP outfall points,HydroWASTE v1.0 (Ehalt Macedo et al. 2022)
dw250_waste_site_t_up,point,"Estimated waste in place at landfills/dump sites upstream (distance-weighted, 250 km)",t,static,"all MERIT reaches upstream, incl. the reach's own catchment",waste-site points,Climate TRACE v5
effluent_frac_mean,point,Share of long-term mean river flow that is WWTP effluent,fraction,static,MERIT reach,-,HydroWASTE + GRADES-hydroDL
effluent_frac_day,point,Share of river flow on the sample date that is WWTP effluent,fraction,daily,MERIT reach,-,HydroWASTE + GRADES-hydroDL
