Article (Author et al YYYY),Sample Name,Sample Type,Latitude,Longitude,Sample Date (MM/DD/YYY),Sample Time,Analysis Method,PFOS,PFOA,PFDA,PFNA,PFHxS,PFHxA,PFHpA,PFHpS,GenX,4:2 FTS,6:2 FTS,8:2 FTS,10:2 FTS,PFPeA,PFPeS,PFBA,PFBS,PFMOPrA,PFMOBA,PFMOAA,PFO2HxA,PFO3OA,PFO4DA,PFESA BP 1,PFESA BP 2,PFU0A,N-MeFOSE,NMeFOSAA,NMeFOSA,N-EtFOSE,NEtFOSAA,N-EtFOSA,PFDoA,PFDS,PFTeDA,PFHxDA,PFNS,PFTrDA,FOSAA,PFOSA,9-Cl-PF3ONS,ADONA,11-Cl-PF3OUdS,PFECA-G
Ahrens_et_al_2023,W1,Ocean_Marine_or_Sea,78.93472222,11.90361111,7/1/2015,12:00,Unnamed_SPE+LCMS/MS,0.068,0.39,0,0.06,0,0.12,0.2,,,,0,,,0,,1.1,0.021,,,,,,,,,0,,0,,,0,,0,,0,,,0,0,0,,,,
Ahrens_et_al_2023,W2,Ocean_Marine_or_Sea,78.10277778,13.92111111,6/18/2015,12:35,Unnamed_SPE+LCMS/MS,0.047,0.18,0,0,0,0.064,0.065,,,,0,,,0,,0,0.0081,,,,,,,,,0,,0,,,0,,0,,0,,,0,0,0.081,,,,
Ahrens_et_al_2023,W3,Ocean_Marine_or_Sea,78.09333333,14.15583333,6/17/2015,13:55,Unnamed_SPE+LCMS/MS,0.023,0.21,0,0,0,0.059,0.068,,,,0,,,0,,0.47,0.03,,,,,,,,,0,,0,,,0,,0,,0,,,0,0,0.059,,,,
Ahrens_et_al_2023,W4,Ocean_Marine_or_Sea,78.06500000,14.19805556,6/17/2015,13:35,Unnamed_SPE+LCMS/MS,0.017,0.24,0,0,0,0.064,0.1,,,,0,,,0.061,,0.68,0.032,,,,,,,,,0,,0,,,0,,0,,0,,,0,0,0.7,,,,
Ahrens_et_al_2023,W5,Ocean_Marine_or_Sea,78.05222222,14.20194444,6/17/2015,13:15,Unnamed_SPE+LCMS/MS,0.094,0.21,0,0,0,0.091,0.13,,,,0,,,0,,0.63,0.03,,,,,,,,,0,,0,,,0,,0,,0,,,0,0,0.25,,,,
Ahrens_et_al_2023,W6,Ocean_Marine_or_Sea,78.00694444,14.27805556,6/17/2015,12:45,Unnamed_SPE+LCMS/MS,0.058,0.3,0,0.061,0,0.08,0.16,,,,0,,,0.33,,1.4,0.035,,,,,,,,,0,,0,,,0,,0,,0,,,0,0,0.21,,,,
Ahrens_et_al_2023,W7,Ocean_Marine_or_Sea,77.98055556,14.26777778,6/17/2015,12:20,Unnamed_SPE+LCMS/MS,0.041,0.28,0,0,0,0,0.083,,,,0,,,0.057,,0.55,0.042,,,,,,,,,0,,0,,,0,,0,,0,,,0,0,0,,,,
Ahrens_et_al_2023,W8,Ocean_Marine_or_Sea,78.10500000,14.44388889,6/18/2015,13:30,Unnamed_SPE+LCMS/MS,0.013,0.21,0,0,0,0.088,0.13,,,,0,,,0,,0.68,0.021,,,,,,,,,0,,0,,,0,,0,,0,,,0,0,0,,,,
Ahrens_et_al_2023,W9,Ocean_Marine_or_Sea,78.11416667,14.94722222,6/12/2015,12:10,Unnamed_SPE+LCMS/MS,0.021,0.3,0,0,0,0.093,0.12,,,,0,,,0.27,,0.92,0.032,,,,,,,,,0,,0,,,0,,0,,0,,,0,0,0,,,,
Ahrens_et_al_2023,W10,Ocean_Marine_or_Sea,78.20333333,15.19666667,6/18/2015,13:45,Unnamed_SPE+LCMS/MS,0.012,0,0,0,0,0.078,0.063,,,,0,,,0,,0.14,0.017,,,,,,,,,0,,0,,,0,,0,,0,,,0,0,0.069,,,,
Ahrens_et_al_2023,W11,Ocean_Marine_or_Sea,78.23000000,15.29500000,6/12/2015,11:20,Unnamed_SPE+LCMS/MS,0.12,0.2,0,0,0,0.08,0.04,,,,0,,,0,,0,0.028,,,,,,,,,0,,0,,,0,,0,,0,,,0,0,0.5,,,,
Ahrens_et_al_2023,W12,Raw Waste water,78.24777778,15.49833333,6/19/2015,12:00,Unnamed_SPE+LCMS/MS,27,,,,423,,,,,,0,,,,,,120,,,,,,,,,,,,,,,,,,,,,,,,,,,
Ahrens_et_al_2023,W13,Raw Waste water,78.24944444,15.50027778,7/12/2015,14:00,Unnamed_SPE+LCMS/MS,99,,,,24,,,,,,47,,,,,,1.5,,,,,,,,,,,,,,,,,,,,,,,,,,,
Ahrens_et_al_2023,W14,Surface Water,78.23944444,15.50833333,6/20/2015,13:00,Unnamed_SPE+LCMS/MS,467,235,2.8,38,275,,237,,,,1446,,,,,,30,,,,,,,,,1.4,,0,,,1.1,,0.12,,0,,,0,0,20,,,,
Ahrens_et_al_2023,W15,Ocean_Marine_or_Sea,78.25222222,15.50833333,6/12/2015,11:00,Unnamed_SPE+LCMS/MS,0.062,0.24,0,0,0,0.021,0.043,,,,0,,,0,,0,0.041,,,,,,,,,0,,0,,,0,,0,,0,,,0,0,0.27,,,,
Ahrens_et_al_2023,W16,Surface Water,78.24000000,15.53305556,6/20/2015,13:45,Unnamed_SPE+LCMS/MS,35,6,0.068,0.68,19,22,5.4,,,,5,,,8.6,,7.8,6.2,,,,,,,,,0.054,,0,,,0,,0,,0,,,0,0,2.3,,,,
Ahrens_et_al_2023,W17,Ocean_Marine_or_Sea,78.24305556,15.65527778,6/12/2015,10:15,Unnamed_SPE+LCMS/MS,0.014,0.15,0,0,0,0,0,,,,0,,,0,,0,0.029,,,,,,,,,0,,0,,,0,,0,,0,,,0,0,0.062,,,,
Ahrens_et_al_2023,W18,Raw Waste water,78.22416667,15.66250000,6/10/2015,13:00,Unnamed_SPE+LCMS/MS,1,11,3.9,36,0.35,5.1,0.86,,,,2.9,,,0,,,0,,,,,,,,,1.1,,0,,,0.71,,1.5,,0.11,,,0.11,0,,,,,
Ahrens_et_al_2023,W19,Landfill Leachate,78.22416667,15.66250000,7/10/2015,13:05,Unnamed_SPE+LCMS/MS,0.046,0,0,0,0,0.36,0.11,,,,0,,,0.43,,1.2,0.09,,,,,,,,,0,,0,,,0,,,,,,,,0,0.26,,,,
Ahrens_et_al_2023,W20,Ocean_Marine_or_Sea,78.23138889,15.66888889,6/12/2015,10:40,Unnamed_SPE+LCMS/MS,0.044,0.21,0,0,0,0.06,0.06,,,,0,,,0,,0,0.034,,,,,,,,,0,,0,,,0,,0,,0,,,0,0,0.26,,,,
Ahrens_et_al_2023,W21,Surface Water,78.17305556,15.94722222,7/9/2015,13:00,Unnamed_SPE+LCMS/MS,0,0,0,0,0,0,0.052,,,,0,,,0,,,0.044,,,,,,,,,0,,0,,,0,,0,,0,,,0,0,1.5,,,,
Ahrens_et_al_2023,W22,Landfill Leachate,78.16722222,15.93694444,7/11/2015,13:10,Unnamed_SPE+LCMS/MS,124,92,2,29,39,55,22,,,,5.6,,,13,,,9,,,,,,,,,5.3,,1.8,,,8.3,,0,,0,,,0,1.9,2.5,,,,
Ahrens_et_al_2023,W23,Ocean_Marine_or_Sea,78.04916667,13.53000000,6/18/2015,12:00,Unnamed_SPE+LCMS/MS,0.05,0.19,0,0,0,0.094,0.073,,,,0,,,0,,0.26,0.025,,,,,,,,,0,,0,,,0,,0,,0,,,0,0,0.095,,,,
Ahrens_et_al_2023,W24,Ocean_Marine_or_Sea,78.06722222,13.63194444,6/18/2015,11:30,Unnamed_SPE+LCMS/MS,0.042,0.19,0,0,0,0.059,0.055,,,,0,,,0,,0.14,0.024,,,,,,,,,0,,0,,,0,,0,,0,,,0,0,0.24,,,,
Ahrens_et_al_2023,W25,Surface Water,78.05611111,13.67250000,6/14/2015,13:50,Unnamed_SPE+LCMS/MS,0.041,0.27,0,0.11,0,0.12,0.18,,,,0,,,0.087,,1.4,0.013,,,,,,,,,0,,0,,,0,,0,,0,,,0,0,2.3,,,,
Ahrens_et_al_2023,W26,Surface Water,78.03305556,13.79750000,6/16/2015,11:40,Unnamed_SPE+LCMS/MS,0.12,0.71,0,0.42,0,0.24,0.55,,,,0,,,0.18,,2.8,0.014,,,,,,,,,0,,0,,,0,,0,,0,,,0,0,0,,,,
Ahrens_et_al_2023,W27,Surface Water,78.06833333,13.77555556,6/14/2015,11:50,Unnamed_SPE+LCMS/MS,0.075,0.35,0,0.16,0,0.17,0.3,,,,0,,,0.18,,2.4,0.025,,,,,,,,,0,,0,,,0,,0,,0,,,0,0,0,,,,
Ahrens_et_al_2023,W28,Surface Water,78.06000000,13.77250000,6/16/2015,14:30,Unnamed_SPE+LCMS/MS,0.17,0.32,0.073,0.11,0,0.12,0.13,,,,0,,,0,,0.67,0.019,,,,,,,,,0,,0,,,0,,0,,0,,,0,0,0,,,,
Ahrens_et_al_2023,W29,Surface Water,78.04805556,13.80138889,6/16/2015,12:00,Unnamed_SPE+LCMS/MS,0.12,0.36,0.054,0.15,0,0.13,0.18,,,,0,,,0.061,,1.1,0.025,,,,,,,,,0,,0,,,0,,0,,0,,,0,0,0,,,,
Ahrens_et_al_2023,W30,Surface Water,78.03972222,13.82750000,6/15/2015,15:30,Unnamed_SPE+LCMS/MS,0.071,0.22,0.062,0.12,0,0.12,0.094,,,,0,,,0,,0.51,0.032,,,,,,,,,0,,0,,,0,,0,,0,,,0,0,0,,,,
Ahrens_et_al_2023,W31,Surface Water,78.04666667,13.84527778,6/16/2015,14:15,Unnamed_SPE+LCMS/MS,0.15,0.82,0,0.49,0,0.22,0.57,,,,0,,,0.12,,3.6,0.027,,,,,,,,,0,,0,,,0,,0,,0,,,0,0,1.7,,,,
Ahrens_et_al_2023,W32,Surface Water,78.03888889,13.86166667,6/15/2015,16:10,Unnamed_SPE+LCMS/MS,0.031,0.41,0,0.22,0,0.19,0.35,,,,0,,,0.11,,4.6,0.054,,,,,,,,,0,,0,,,0,,0,,0,,,0,0,0.9,,,,
Ahrens_et_al_2023,W33,Surface Water,78.03416667,13.85444444,6/15/2015,13:45,Unnamed_SPE+LCMS/MS,0.11,0.18,0,0.15,0,0.092,0.1,,,,0,,,0,,0.79,0.034,,,,,,,,,0,,0,,,0,,0,,0,,,0,0,0,,,,
Ahrens_et_al_2023,W34,Surface Water,78.02750000,13.86416667,6/15/2015,11:15,Unnamed_SPE+LCMS/MS,0.056,0.41,0,0.22,0,0.16,0.3,,,,0,,,0.25,,2.3,0.019,,,,,,,,,0,,0,,,0,,0,,0,,,0,0,0,,,,
Ahrens_et_al_2023,Sn1,Snow,78.03166667,13.79305556,6/13/2015,17:00,Unnamed_SPE+LCMS/MS,0.34,0.62,0.25,1.5,0,0,0.052,,,,0,,,0,,0,0,,,,,,,,,0.14,,0,,,0,,0,,0,,,0,0,0,,,,
Ahrens_et_al_2023,Sn2,Snow,78.04638889,13.84527778,6/16/2015,14:10,Unnamed_SPE+LCMS/MS,0.17,0.61,0.69,0.48,0,0.098,0.11,,,,1.3,,,0,,0.14,0.01,,,,,,,,,0.15,,0,,,0,,0.091,,0,,,0,0,0,,,,
Ahrens_et_al_2023,Sn3,Snow,78.04055556,13.87500000,6/15/2015,16:00,Unnamed_SPE+LCMS/MS,0.064,0.1,0.063,0.44,0,0,0,,,,0,,,0,,0,0,,,,,,,,,0.065,,0,,,0,,0,,0,,,0,0,0,,,,
Ahrens_et_al_2023,S1,Sediment or Soil,78.09333333,14.15583333,6/17/2015,13:55,Unnamed_SPE+LCMS/MS,0,0,0,0,0,0,0,,,,0,,,0,,0,0,,,,,,,,,0,,0,,,0,,0,,0,,,0,,0,,,,
Ahrens_et_al_2023,S2,Sediment or Soil,78.06500000,14.19805556,6/17/2015,13:35,Unnamed_SPE+LCMS/MS,0,0,0,0,0,0,0,,,,0,,,0,,0,0,,,,,,,,,0,,0,,,0,,0,,0,,,0,,0,,,,
Ahrens_et_al_2023,S3,Sediment or Soil,78.05222222,14.20194444,6/17/2015,13:15,Unnamed_SPE+LCMS/MS,0,0,0,0,0,0,0,,,,0,,,0,,0,0,,,,,,,,,0,,0,,,0,,0,,0,,,0,,0.047,,,,
Ahrens_et_al_2023,S4,Sediment or Soil,78.00694444,14.27805556,6/17/2015,12:45,Unnamed_SPE+LCMS/MS,0,0,0,0,0,0,0,,,,0,,,0,,0,0,,,,,,,,,0,,0,,,0,,0,,0,,,0,,0.015,,,,
Ahrens_et_al_2023,S5,Sediment or Soil,77.98055556,14.26777778,6/17/2015,12:20,Unnamed_SPE+LCMS/MS,0,0,0,0,0,0,0,,,,0,,,0,,0,0,,,,,,,,,0.018,,0,,,0,,0,,0,,,0,,0.23,,,,
Ahrens_et_al_2023,S6,Sediment or Soil,78.10500000,14.44388889,6/18/2015,13:30,Unnamed_SPE+LCMS/MS,0,0,0,0,0,0,0,,,,0,,,0,,0,0,,,,,,,,,0,,0,,,0,,0,,0,,,0,,0,,,,
Ahrens_et_al_2023,S7,Sediment or Soil,78.11416667,14.94722222,6/12/2015,12:10,Unnamed_SPE+LCMS/MS,0,0,0,0,0,0,0,,,,0,,,0,,0,0,,,,,,,,,0,,0,,,0,,0,,0,,,0,,0,,,,
Ahrens_et_al_2023,S8,Sediment or Soil,78.20333333,15.19666667,6/18/2015,13:45,Unnamed_SPE+LCMS/MS,0,0,0,0,0,0,0,,,,0,,,0,,0,0,,,,,,,,,0,,0,,,0,,0,,0,,,0,,0.46,,,,
Ahrens_et_al_2023,S9,Surface Water,78.23972222,15.50777778,6/20/2015,12:30,Unnamed_SPE+LCMS/MS,523,18,1.2,1.24,11,5.2,2.2,,,,878,,,1.2,,1.1,2.1,,,,,,,,,1.38,,0.38,,,0.16,,1.67,,0.57,,,0.27,,124,,,,
Ahrens_et_al_2023,S10,Surface Water,78.23944444,15.50777778,6/20/2015,12:45,Unnamed_SPE+LCMS/MS,34,0.45,0.24,0.23,1.3,0.8,0.39,,,,6.2,,,0.53,,0,0.12,,,,,,,,,0.18,,0,,,0,,0.042,,0.021,,,0.032,,1.5,,,,
Ahrens_et_al_2023,S11,Surface Water,78.23916667,15.50861111,6/20/2015,13:00,Unnamed_SPE+LCMS/MS,0.55,0.086,0,0.014,0.37,0.36,0.16,,,,0,,,0.26,,0,0.28,,,,,,,,,0.016,,0,,,0,,0,,0,,,0,,0.0036,,,,
Ahrens_et_al_2023,S12,Sediment or Soil,78.25222222,15.50833333,6/12/2015,11:00,Unnamed_SPE+LCMS/MS,0,0,0,0,0,0,0,,,,0,,,0,,0,0,,,,,,,,,0,,0,,,0,,0,,0,,,0,,0.041,,,,
Ahrens_et_al_2023,S13,Surface Water,78.24000000,15.53305556,6/20/2015,13:45,Unnamed_SPE+LCMS/MS,2.8,0.15,0.021,0.13,0.42,0,0.067,,,,0,,,0,,0,0.04,,,,,,,,,0.1,,0,,,0,,0.014,,0,,,0.051,,0.11,,,,
Ahrens_et_al_2023,S14,Sediment or Soil,78.24305556,15.65527778,6/12/2015,10:15,Unnamed_SPE+LCMS/MS,0,0,0,0,0,0,0,,,,0,,,0,,0,0,,,,,,,,,0,,0,,,0,,0,,0,,,0,,0.031,,,,
Ahrens_et_al_2023,S15,Sediment or Soil,78.06722222,13.63194444,6/18/2015,11:30,Unnamed_SPE+LCMS/MS,0,0,0,0,0,0,0,,,,0,,,0,,0,0,,,,,,,,,0,,0,,,0,,0,,0,,,0,,0,,,,
Ahrens_et_al_2023,S16,Surface Water,78.06000000,13.77250000,6/16/2015,14:30,Unnamed_SPE+LCMS/MS,0,0.045,0,0.016,0,0,0,,,,0,,,0,,0,0,,,,,,,,,0,,0,,,0,,0,,0,,,0,,0,,,,
Ahrens_et_al_2023,S17,Surface Water,78.04805556,13.80138889,6/16/2015,12:00,Unnamed_SPE+LCMS/MS,0,0.024,0,0.016,0,0,0,,,,0,,,0,,0,0,,,,,,,,,0,,0,,,0,,0,,0,,,0,,0,,,,
Ahrens_et_al_2023,S18,Surface Water,78.03972222,13.82750000,6/15/2015,15:30,Unnamed_SPE+LCMS/MS,0,0.054,0,0.045,0,0,0,,,,0,,,0,,0,0,,,,,,,,,0.018,,0,,,0,,0,,0,,,0,,0,,,,
Ahrens_et_al_2023,S19,Surface Water,78.03416667,13.85444444,6/15/2015,13:45,Unnamed_SPE+LCMS/MS,0,0.046,0,0.049,0,0,0,,,,0,,,0,,0,0,,,,,,,,,0.017,,0,,,0,,0,,0,,,0,,0,,,,