Article (Author et al YYYY),Sample Name,Sample Type,Latitude,Longitude,Sampling Year,Sample Date (MM/DD/YYY),Sample Time,Analysis Method,Sampling Depth (m),Streamflow (m3/s),PFOS,FBSA,PFOA,PFDA,PFNA,PFHxS,PFHxA,PFHpA,PFHpS,GenX,4:2 FTS,6:2 FTS,8:2 FTS,10:2 FTS,PFPeA,PFPeS,PFBA,PFBS,PFMOPrA,PFMOBA,PFMOAA,PFO2HxA,PFO3OA,PFO4DA,PFESA BP 1,PFESA BP 2,PFU0A,N-MeFOSE,NMeFOSAA,NMeFOSA,N-EtFOSE,NEtFOSAA,N-EtFOSA,PFDoA,PFDS,PFTeDA,PFHxDA,PFNS,PFTrDA,PFOSA,9-Cl-PF3ONS,ADONA,11-Cl-PF3OUdS,PFECA-G
Bai_a0_Son_2021,TR1,Surface Water,39.235833,-120.025,2019,4/15/2019,,Unnamed_SPE_LCMS_MS,0.15,,0,,1.8,0,0,0,4.9,0,0,,,,,,0,0,0,5.6,,,,,,,,,0,,,,,,,0,0,,,0,0,,,,,
Bai_a0_Son_2021,TR2,Surface Water,39.510556,-119.865556,2019,4/15/2019,,Unnamed_SPE_LCMS_MS,0.15,,0,,3.4,0,0,0,3.2,0,0,,,,,,1.3,0,0,7.2,,,,,,,,,0,,,,,,,0,0,,,0,0,,,,,
Bai_a0_Son_2021,TR3,Surface Water,39.521389,-119.770556,2019,4/15/2019,,Unnamed_SPE_LCMS_MS,0.15,,0,,3.3,0,0,0,4.2,0,0,,,,,,1.7,0,0,2.3,,,,,,,,,0,,,,,,,0,5.2,,,9,0,,,,,
Bai_a0_Son_2021,TR4,Surface Water,39.513889,-119.729167,2019,4/15/2019,,Unnamed_SPE_LCMS_MS,0.15,,0,,1.6,0,0,0,3.3,0,0,,,,,,0,0,0,2.5,,,,,,,,,0,,,,,,,0,8.6,,,0,0,,,,,
Bai_a0_Son_2021,TR5,Surface Water,39.517222,-119.705556,2019,4/15/2019,,Unnamed_SPE_LCMS_MS,0.15,,17.4,,19.2,0,0,33.9,59.6,10.4,0,,,,,,21.8,5.6,0,11.4,,,,,,,,,0,,,,,,,0,23.7,,,0,0,,,,,
Bai_a0_Son_2021,TR6,Surface Water,39.510833,-119.668889,2019,4/15/2019,,Unnamed_SPE_LCMS_MS,0.15,,0,,6.2,0,0,4.9,7.4,0,0,,,,,,1.9,0,0,3,,,,,,,,,0,,,,,,,0,11.6,,,0,0,,,,,
Bai_a0_Son_2021,TR7,Surface Water,39.564722,-119.486667,2019,4/15/2019,,Unnamed_SPE_LCMS_MS,0.15,,0,,9.4,0,0,5,21.9,0,0,,,,,,11.3,0,0,4.7,,,,,,,,,0,,,,,,,0,0,,,0,0,,,,,
Bai_a0_Son_2021,TR8,Surface Water,39.849167,-119.456944,2019,4/15/2019,,Unnamed_SPE_LCMS_MS,0.15,,0,,10,0,0,7,39.4,3.6,0,,,,,,8.1,0,0,5.1,,,,,,,,,0,,,,,,,0,9.1,,,0,0,,,,,
Bai_a0_Son_2021,LVW1_winter,Surface Water,36.104722,-115.019111,2019,1/18/2019,,Unnamed_SPE_LCMS_MS,0.15,,16.4,,45.1,0,0,15.6,118.9,18.5,0,,,,,,65.7,0,0,31.8,,,,,,,,,0,,,,,,,0,0,,,0,0,,,,,
Bai_a0_Son_2021,LVW2_winter,Surface Water,36.0875,-114.984722,2019,1/18/2019,,Unnamed_SPE_LCMS_MS,0.15,,36.1,,65.5,0,0,28.7,187,25.9,0,,,,,,170,9.3,21.8,31.5,,,,,,,,,0,,,,,,,0,16.2,,,0,0,,,,,
Bai_a0_Son_2021,LVW3_winter,Surface Water,36.100278,-114.943056,2019,1/18/2019,,Unnamed_SPE_LCMS_MS,0.15,,29.3,,64,0,0,31.8,130.6,32.5,0,,,,,,56.7,4.9,4.4,44.7,,,,,,,,,0,,,,,,,0,8,,,0,0,,,,,
Bai_a0_Son_2021,LVW4_winter,Surface Water,36.120278,-114.861222,2019,1/18/2019,,Unnamed_SPE_LCMS_MS,0.15,,38,,54,0,0,27.2,131.4,31.9,0,,,,,,62.2,8.5,0,36.2,,,,,,,,,5.2,,,,,,,0,10.5,,,0,0,,,,,
Bai_a0_Son_2021,LVW5_winter,Surface Water,36.098889,-114.820833,2019,1/18/2019,,Unnamed_SPE_LCMS_MS,0.15,,0,,7.8,0,0,5.4,154.3,0,0,,,,,,80,0,0,16.5,,,,,,,,,0,,,,,,,0,7.9,,,0,0,,,,,
Bai_a0_Son_2021,LVW2_summer,Surface Water,36.0875,-114.984722,2019,7/25/2019,,Unnamed_SPE_LCMS_MS,0.15,,0,,11.3,0,0,0,30.5,0,0,,,,,,37.2,0,0,6.4,,,,,,,,,0,,,,,,,0,0,,,0,0,,,,,
Bai_a0_Son_2021,LVW3_summer,Surface Water,36.100278,-114.943056,2019,7/25/2019,,Unnamed_SPE_LCMS_MS,0.15,,9.3,,9.8,0,0,0,17.9,3.7,0,,,,,,19.8,0,0,5.3,,,,,,,,,0,,,,,,,0,0,,,0,0,,,,,
Bai_a0_Son_2021,LVW4_summer,Surface Water,36.120278,-114.861222,2019,7/25/2019,,Unnamed_SPE_LCMS_MS,0.15,,0,,12.1,0,0,3.4,29.3,3.8,0,,,,,,23.3,0,0,4.9,,,,,,,,,0,,,,,,,0,0,,,0,0,,,,,
Bai_a0_Son_2021,LVW5_summer,Surface Water,36.098889,-114.820833,2019,7/25/2019,,Unnamed_SPE_LCMS_MS,0.15,,0,,3,0,0,0,5.6,0,0,,,,,,6.2,0,0,0,,,,,,,,,0,,,,,,,0,0,,,0,0,,,,,
Bai_a0_Son_2021,LVW6_summer,Surface Water,36.026667,-114.763611,2019,7/25/2019,,Unnamed_SPE_LCMS_MS,0.15,,0,,0,0,0,0,1.5,0,0,,,,,,2.3,0,0,0,,,,,,,,,0,,,,,,,0,0,,,0,0,,,,,
Bai_a0_Son_2021,TR1,Sediment or Soil,39.235833,-120.025,2019,4/15/2019,,Unnamed_SPE_LCMS_MS,,,0,,0,0,0,4.9,2.7,0,10.7,,,,,,2.7,3.9,0,12.6,,,,,,,,,22.9,,,,,,,0,0,,,0,0,,,,,
Bai_a0_Son_2021,TR2,Sediment or Soil,39.510556,-119.865556,2019,4/15/2019,,Unnamed_SPE_LCMS_MS,,,0,,0,0,0,0,2.1,0,0,,,,,,0,0,0,0,,,,,,,,,0,,,,,,,0,0,,,0,0,,,,,
Bai_a0_Son_2021,TR3,Sediment or Soil,39.521389,-119.770556,2019,4/15/2019,,Unnamed_SPE_LCMS_MS,,,0,,0,0,0,0,3.6,0,0,,,,,,0,0,0,0,,,,,,,,,0,,,,,,,0,0,,,0,0,,,,,
Bai_a0_Son_2021,TR4,Sediment or Soil,39.513889,-119.729167,2019,4/15/2019,,Unnamed_SPE_LCMS_MS,,,0,,0,0,0,0,3.7,0,0,,,,,,0,0,0,0,,,,,,,,,0,,,,,,,0,0,,,0,0,,,,,
Bai_a0_Son_2021,TR5,Sediment or Soil,39.517222,-119.705556,2019,4/15/2019,,Unnamed_SPE_LCMS_MS,,,0,,0,0,0,0,2.8,0,0,,,,,,0,0,0,0,,,,,,,,,0,,,,,,,0,0,,,0,0,,,,,
Bai_a0_Son_2021,TR6,Sediment or Soil,39.510833,-119.668889,2019,4/15/2019,,Unnamed_SPE_LCMS_MS,,,0,,0,0,0,0,1.8,0,0,,,,,,0,0,0,0,,,,,,,,,0,,,,,,,0,0,,,0,0,,,,,
Bai_a0_Son_2021,TR7,Sediment or Soil,39.564722,-119.486667,2019,4/15/2019,,Unnamed_SPE_LCMS_MS,,,0,,10,0,0,21.3,20.3,21.8,15.5,,,,,,0,0,0,29.1,,,,,,,,,14,,,,,,,18.6,11.6,,,7.8,14,,,,,
Bai_a0_Son_2021,TR8,Sediment or Soil,39.849167,-119.456944,2019,4/15/2019,,Unnamed_SPE_LCMS_MS,,,0,,0,0,0,0,2.3,0,0,,,,,,0,0,0,0,,,,,,,,,0,,,,,,,0,12.5,,,0,0,,,,,
Bai_a0_Son_2021,LVW1_winter,Sediment or Soil,36.104722,-115.019111,2019,1/18/2019,,Unnamed_SPE_LCMS_MS,,,0,,0,0,0,7.6,9.8,0,5.7,,,,,,2.1,0,0,8.8,,,,,,,,,5.4,,,,,,,0,88.2,,,6.6,0,,,,,
Bai_a0_Son_2021,LVW2_winter,Sediment or Soil,36.0875,-114.984722,2019,1/18/2019,,Unnamed_SPE_LCMS_MS,,,0,,6.3,0,0,3.5,18.7,7.2,0,,,,,,0,3.5,0,10.1,,,,,,,,,7,,,,,,,0,22.3,,,0,0,,,,,
Bai_a0_Son_2021,LVW3_winter,Sediment or Soil,36.100278,-114.943056,2019,1/18/2019,,Unnamed_SPE_LCMS_MS,,,0,,0,0,0,0,0,0,0,,,,,,0,4,0,0,,,,,,,,,0,,,,,,,0,0,,,0,0,,,,,
Bai_a0_Son_2021,LVW4U_winter,Sediment or Soil,36.120278,-114.861222,2019,1/18/2019,,Unnamed_SPE_LCMS_MS,0.1,,0,,0,0,0,0,2.7,0,0,,,,,,0,0,0,0,,,,,,,,,5.7,,,,,,,0,0,,,0,0,,,,,
Bai_a0_Son_2021,LVW4L_winter,Sediment or Soil,36.120278,-114.861222,2019,1/18/2019,,Unnamed_SPE_LCMS_MS,0.2,,0,,5,0,0,12.1,5.4,0,6.9,,,,,,0,0,0,5.4,,,,,,,,,9.8,,,,,,,0,15.6,,,6.9,0,,,,,
Bai_a0_Son_2021,LVW2U_summer,Sediment or Soil,36.0875,-114.984722,2019,7/25/2019,,Unnamed_SPE_LCMS_MS,0.1,,0,,0,0,0,0,0,0,0,,,,,,0,0,0,0,,,,,,,,,0,,,,,,,0,0,,,0,0,,,,,
Bai_a0_Son_2021,LVW2L_summer,Sediment or Soil,36.0875,-114.984722,2019,7/25/2019,,Unnamed_SPE_LCMS_MS,0.2,,0,,0,0,0,0,0,0,0,,,,,,0,0,1.4,3.8,,,,,,,,,0,,,,,,,0,8,,,0,0,,,,,
Bai_a0_Son_2021,LVW3U_summer,Sediment or Soil,36.100278,-114.943056,2019,7/25/2019,,Unnamed_SPE_LCMS_MS,0.1,,0,,0,0,0,0,0,0,0,,,,,,0,0,0,0,,,,,,,,,0,,,,,,,0,18.2,,,0,0,,,,,
Bai_a0_Son_2021,LVW3L_summer,Sediment or Soil,36.100278,-114.943056,2019,7/25/2019,,Unnamed_SPE_LCMS_MS,0.2,,0,,0,0,0,0,0,0,0,,,,,,0,0,2.2,0,,,,,,,,,0,,,,,,,0,0,,,0,0,,,,,
Bai_a0_Son_2021,LVW4U_summer,Sediment or Soil,36.120278,-114.861222,2019,7/25/2019,,Unnamed_SPE_LCMS_MS,0.1,,0,,0,0,0,0,0,0,0,,,,,,0,0,0,5.3,,,,,,,,,0,,,,,,,0,5.7,,,0,0,,,,,
Bai_a0_Son_2021,LVW4L_summer,Sediment or Soil,36.120278,-114.861222,2019,7/25/2019,,Unnamed_SPE_LCMS_MS,0.2,,0,,0,0,0,0,0,0,0,,,,,,0,0,0,0,,,,,,,,,0,,,,,,,0,0,,,8.9,0,,,,,
Bai_a0_Son_2021,LVW6U_summer,Sediment or Soil,36.026667,-114.763611,2019,7/25/2019,,Unnamed_SPE_LCMS_MS,0.1,,0,,0,0,0,0,0,0,0,,,,,,0,0,0,0,,,,,,,,,0,,,,,,,0,0,,,0,0,,,,,
Bai_a0_Son_2021,LVW6L_summer,Sediment or Soil,36.026667,-114.763611,2019,7/25/2019,,Unnamed_SPE_LCMS_MS,0.2,,0,,0,0,0,0,0,0,0,,,,,,0,0,0,0,,,,,,,,,0,,,,,,,0,0,,,0,0,,,,,
