Article (Author et al YYYY),Sample Name,Sample Type,Latitude,Longitude,Sampling Year,Sample Date (MM/DD/YYY),Sample Time,Analysis Method,Streamflow (m3/s),Sampling Depth (m),Units,PFOS,PFOA,FBSA,PFDA,PFNA,PFHxS,PFHxA,PFHpA,PFHpS,GenX,4:2 FTS,6:2 FTS,8:2 FTS,10:2 FTS,3:3 FTCA,5:3 FTCA,7:3 FTCA,PFPA,PFPeA,PFPeS,PFBS,PFBA,PFMOPrA,PFMOBA,PFMOAA,PFO2HxA,PFO3OA,PFO4DA,PFESA BP 1,PFESA BP 2,PFDoS,PFU0A,FOSAA,N-MeFOSE,NMeFOSAA,NMeFOSA,N-EtFOSE,NEtFOSAA,N-EtFOSA,PFDS,PFTeDA,PFHxDA,PFNS,PFTrDA,PFDoA,PFOSA,9-Cl-PF3ONS,11-Cl-PF3OUdS,PFECA-G,ADONA,PFEESA,NFDHA,PFODA
Forster_et_al_2024,Savannah River,Surface Water,32.287104,-81.1186577,2022,,,Unnamed_SPE_LCMS_MS,,,ng/L,1.9,23.4,,0,0,2.3,0,16,0,10.4,0,0,0,,,,,,9,1.4,14,0,,,,,,,,,0,0,,0,0,4,0,0,0,0,0,,0,0,2.7,0,,,,0,,,
Forster_et_al_2024,Captain Bill Creek,Surface Water,32.4807122,-80.9728248,2022,,,Unnamed_SPE_LCMS_MS,,,ng/L,2.7,3.4,,0,1.2,7.3,0,1.9,0,5.7,0,0,0,,,,,,3.8,1.8,11.7,0,,,,,,,,,0,0,,0,0,4.2,0,0,0,3.1,0,,0,0,0,0,,,,0,,,
Forster_et_al_2024,Ashley River,Surface Water,32.8874306,-80.0662931,2022,,,Unnamed_SPE_LCMS_MS,,,ng/L,3.9,5.7,,0,0,0,0,0,0,0,0,0,0,,,,,,0,0,0,0,,,,,,,,,0,0,,0,0,0,0,0,0,2.1,0,,0,0,0,0,,,,0,,,
Forster_et_al_2024,Clouter Creek,Surface Water,32.9037394,-79.9280276,2022,,,Unnamed_SPE_LCMS_MS,,,ng/L,5.2,2.5,,0,0,1.4,0,0,0,0,0,0,0,,,,,,0,0,0,0,,,,,,,,,0,0,,0,0,0,0,0,0,4.5,0,,0,0,0,0,,,,0,,,
Forster_et_al_2024,Cooper River,Surface Water,32.9671628,-79.9318172,2022,,,Unnamed_SPE_LCMS_MS,,,ng/L,1.4,14.8,,0,4.6,0,0,0,0,0,0,0,0,,,,,,0,0,0,0,,,,,,,,,0,0,,0,0,0,0,0,0,0,0,,0,0,0,0,,,,0,,,
Forster_et_al_2024,Great Pee Dee River,Surface Water,33.3660134,-79.2853695,2022,,,Unnamed_SPE_LCMS_MS,,,ng/L,2.9,32.5,,0,0,0,0,0,0,0,0,0,0,,,,,,0,0,0,0,,,,,,,,,0,0,,0,0,0,0,0,0,0,0,,0,0,0,0,,,,0,,,
Forster_et_al_2024,Myrtle Beach Intracoastal Water Way,Surface Water,33.790726,-78.7700116,2022,,,Unnamed_SPE_LCMS_MS,,,ng/L,5.7,12.5,,0,0,3.4,0,0,0,0,0,0,0,,,,,,0,0,0,0,,,,,,,,,0,0,,0,0,0,0,0,0,0,0,,0,0,0,0,,,,0,,,
Forster_et_al_2024,North Folk Edisto River,Surface Water,33.4798448,-80.8733729,2022,,,Unnamed_SPE_LCMS_MS,,,ng/L,2.9,2.4,,0,2.3,0,0,16.3,0,2.3,0,0,0,,,,,,3.3,2.1,9.5,0,,,,,,,,,0,0,,0,0,3.4,0,0,0,0,0,,0,0,0,0,,,,0,,,
Forster_et_al_2024,Waccamaw River,Surface Water,33.9005034,-78.8563943,2022,,,Unnamed_SPE_LCMS_MS,,,ng/L,7.3,2.7,,0,1.6,0,0,0,0,0,0,0,0,,,,,,0,0,0,0,,,,,,,,,0,0,,0,0,0,0,0,0,0,0,,0,0,0,0,,,,0,,,
Forster_et_al_2024,Pee Dee River,Surface Water,34.0435752,-79.2711486,2022,,,Unnamed_SPE_LCMS_MS,,,ng/L,6.2,1.5,,0,1.7,0,0,19,0,18.8,0,0,0,,,,,,3.7,0,98.7,3.1,,,,,,,,,0,0,,0,0,0,0,0,0,0,0,,0,0,4.8,0,,,,0,,,
Forster_et_al_2024,Covington Millpo0,Surface Water,34.6216037,-79.654131,2022,,,Unnamed_SPE_LCMS_MS,,,ng/L,7.9,0,,0,3.1,1.8,0,1.4,0,4.2,0,0,0,,,,,,0,1.3,11.9,10,,,,,,,,,0,0,,0,0,0,0,0,0,0,0,,0,0,2.7,0,,,,0,,,
Forster_et_al_2024,Mush Swamp Creek,Surface Water,33.9612801,-80.4587202,2022,,,Unnamed_SPE_LCMS_MS,,,ng/L,7.1,3.4,,0,0,1.1,0,0,0,0,0,0,0,,,,,,0,1.8,0,0,,,,,,,,,0,0,,0,0,0,0,0,0,0,0,,0,0,0,0,,,,0,,,
Forster_et_al_2024,Congaree River,Surface Water,33.7533929,-80.6452487,2022,,,Unnamed_SPE_LCMS_MS,,,ng/L,5.4,4.3,,0,0,0,0,1.8,0,0,0,89.8,0,,,,,,4,0,9.5,0,,,,,,,,,0,0,,0,30.6,0,0,0,0,0,0,,0,0,0,0,,,,0,,,
Forster_et_al_2024,Big Beaver Creek,Surface Water,33.589318,-81.1045482,2022,,,Unnamed_SPE_LCMS_MS,,,ng/L,3.8,2.7,,0,0,0,0,1.6,0,4.5,0,0,0,,,,,,0,0,13.6,0,,,,,,,,,0,0,,0,19.7,0,0,0,0,0,0,,0,0,0,0,,,,0,,,
Forster_et_al_2024,Horse Creek,Surface Water,33.4759618,-81.9126671,2022,,,Unnamed_SPE_LCMS_MS,,,ng/L,4,16.7,,0,5.7,2.1,0,0,0,0,0,0,0,,,,,,0,0,0,0,,,,,,,,,0,0,,0,0,0,0,0,0,2.1,0,,0,0,0,0,,,,0,,,
Forster_et_al_2024,Chinquapin Creek,Surface Water,33.8263534,-81.5197887,2022,,,Unnamed_SPE_LCMS_MS,,,ng/L,3.7,3.2,,0,2.9,3.4,0,0,0,0,0,0,0,,,,,,0,1.3,0,0,,,,,,,,,0,0,,0,0,0,0,0,0,8.1,0,,0,0,0,0,,,,0,,,
Forster_et_al_2024,Big Branch Creek,Surface Water,33.66546,-81.65438,2022,,,Unnamed_SPE_LCMS_MS,,,ng/L,3.3,1.8,,0,11.7,0,1.3,0,0,0,0,0,0,,,,,,0,1.1,7,0,,,,,,,,,0,0,,0,31.5,0,0,0,0,0,0,,0,0,0,0,,,,0,,,
Forster_et_al_2024,Bridge Creek Po0,Surface Water,33.576097,-81.7986615,2022,,,Unnamed_SPE_LCMS_MS,,,ng/L,72.2,1.5,,0,0,0,0,0,0,0,0,0,0,,,,,,24,1.4,0,0,,,,,,,,,0,0,,0,0,0,0,0,0,0,0,,0,0,0,0,,,,0,,,
Forster_et_al_2024,Vaucluse Po0,Surface Water,33.6140476,-81.8079714,2022,,,Unnamed_SPE_LCMS_MS,,,ng/L,122,0,,0,0,0,0,14.2,0,3.2,0,0,0,,,,,,0,0,0,0,,,,,,,,,0,0,,0,0,4.4,0,0,0,0,0,,0,0,0,0,,,,0,,,
Forster_et_al_2024,Good Spring Branch Creek,Surface Water,33.6111194,-81.8048558,2022,,,Unnamed_SPE_LCMS_MS,,,ng/L,20.3,0,,0,0,2.2,0,13.9,0,4.2,0,0,0,,,,,,0,0,11.7,0,,,,,,,,,0,0,,0,0,3.3,0,0,0,0,0,,0,0,0,0,,,,0,,,
Forster_et_al_2024,Blatt Creek,Surface Water,33.990942,-81.0271988,2022,,,Unnamed_SPE_LCMS_MS,,,ng/L,12,50.8,,0,0,2.3,5.4,23.3,0,0,0,5.2,0,,,,,,18,0,0,2.3,,,,,,,,,0,0,,0,34.8,0,0,0,0,0,0,,0,0,0,0,,,,0,,,
Forster_et_al_2024,Upper Saluda River,Surface Water,34.0465182,-81.1897949,2022,,,Unnamed_SPE_LCMS_MS,,,ng/L,8.7,3.2,,0,0,0,0,1.7,0,10.9,0,0,0,,,,,,26,0,9.3,2.8,,,,,,,,,0,0,,0,29.4,0,0,0,0,2.1,0,,0,0,2.2,0,,,,0,,,
Forster_et_al_2024,Lower Saluda River,Surface Water,34.0296819,-81.1388884,2022,,,Unnamed_SPE_LCMS_MS,,,ng/L,1.6,1.7,,0,0,1.7,0,16.5,0,5.1,0,0,0,,,,,,3.1,0,0,1.5,,,,,,,,,0,0,,0,37.1,0,0,0,0,6.4,0,,0,0,0,0,,,,0,,,
Forster_et_al_2024,Broad River,Surface Water,34.007252,-81.058468,2022,,,Unnamed_SPE_LCMS_MS,,,ng/L,1.3,11.1,,0,0,1.9,35.2,4.5,0,114.5,0,0,0,,,,,,40,0,0,0,,,,,,,,,0,0,,0,3.1,0,0,0,0,0,0,,0,0,133.8,0,,,,0,,,
Forster_et_al_2024,Gills Creek,Surface Water,33.9855894,-80.9756443,2022,,,Unnamed_SPE_LCMS_MS,,,ng/L,0,5.4,,0,1.7,1.9,0,13.4,0,4.6,0,0,0,,,,,,4.7,0,15.1,3.9,,,,,,,,,0,0,,0,8.3,0,0,0,0,0,0,,0,0,0,0,,,,0,,,
Forster_et_al_2024,25 Mile Creek,Surface Water,34.2443535,-80.6729811,2022,,,Unnamed_SPE_LCMS_MS,,,ng/L,7.6,1.3,,0,2.5,0,0,1.6,0,0,0,0,0,,,,,,0,0,0,0,,,,,,,,,0,0,,0,1.1,0,0,0,0,0,0,,0,0,0,0,,,,0,,,
Forster_et_al_2024,Gillies Creek,Surface Water,34.1916255,-80.6899705,2022,,,Unnamed_SPE_LCMS_MS,,,ng/L,5.3,1.8,,0,4.3,1.3,0,1.3,0,0,0,0,0,,,,,,0,0,76.8,0,,,,,,,,,0,0,,0,8.3,0,0,0,0,0,0,,0,0,0,0,,,,0,,,
Forster_et_al_2024,Lake Monticello,Surface Water,35.0153663,-81.0093394,2022,,,Unnamed_SPE_LCMS_MS,,,ng/L,2.6,1.5,,0,4.6,1.4,0,0,0,0,0,0,0,,,,,,0,1.7,0,0,,,,,,,,,0,0,,0,0,0,0,0,0,0,0,,0,0,0,0,,,,0,,,
Forster_et_al_2024,Lake Wateree,Surface Water,34.4280398,-80.8619412,2022,,,Unnamed_SPE_LCMS_MS,,,ng/L,8.3,2.4,,0,3.7,1.3,0,0,0,0,0,0,0,,,,,,0,2.8,0,0,,,,,,,,,0,0,,0,0,0,0,0,0,0,0,,0,0,0,0,,,,0,,,
Forster_et_al_2024,Catawba River Lower,Surface Water,34.7094316,-80.8577708,2022,,,Unnamed_SPE_LCMS_MS,,,ng/L,11.2,3.8,,0,0,0,0,0,0,0,0,0,0,,,,,,0,,0,0,,,,,,,,,0,0,,0,0,0,0,0,0,0,0,,0,0,0,0,,,,0,,,
Forster_et_al_2024,Catawba River Upper,Surface Water,34.8453499,-80.8785945,2022,,,Unnamed_SPE_LCMS_MS,,,ng/L,3.9,8.2,,0,0,2.1,0,0,0,0,0,0,0,,,,,,0,0,0,0,,,,,,,,,0,0,,0,0,0,0,0,0,3.2,0,,0,0,0,0,,,,0,,,
Forster_et_al_2024,Willowbrook Creek,Surface Water,34.2722212,-81.6275676,2022,,,Unnamed_SPE_LCMS_MS,,,ng/L,4.2,3.3,,0,1.5,3.1,0,8.9,0,3.6,0,0,0,,,,,,2.5,1.4,5.7,3.1,,,,,,,,,0,0,,0,1.3,0,0,0,0,2.3,0,,0,0,0,0,,,,0,,,
Forster_et_al_2024,Lake Greenwood,Surface Water,34.199832,-81.949904,2022,,,Unnamed_SPE_LCMS_MS,,,ng/L,14.3,1.3,,0,0,1.5,0,0,0,0,0,0,0,,,,,,0,2.6,0,0,,,,,,,,,0,0,,0,0,0,0,0,0,2.8,0,,0,0,0,0,,,,0,,,
Forster_et_al_2024,Reedy Creek,Surface Water,34.3059712,-81.6543632,2022,,,Unnamed_SPE_LCMS_MS,,,ng/L,1.2,0,,0,2.8,1.8,0,1.4,0,1.8,0,0,0,,,,,,0,0,13,2.6,,,,,,,,,0,0,,0,0,2.2,0,0,0,2.9,0,,0,0,0,0,,,,0,,,
Forster_et_al_2024,Spartanburg Po0,Surface Water,34.9875321,-81.9588802,2022,,,Unnamed_SPE_LCMS_MS,,,ng/L,9.3,0,,0,6.5,0,0,1.3,0,2.1,0,0,0,,,,,,0,0,6.7,7,,,,,,,,,0,0,,0,1.6,0,0,0,0,0,0,,0,0,0,0,,,,0,,,
Forster_et_al_2024,Reedy River ,Surface Water,34.8446515,-82.4010224,2022,,,Unnamed_SPE_LCMS_MS,,,ng/L,13,8.5,,0,0,2.8,0,23.1,0,0,0,0,0,,,,,,5.1,0,11.8,0,,,,,,,,,0,0,,0,0,5,0,0,0,0,0,,0,0,0,0,,,,0,,,
Forster_et_al_2024,Lake Conestee,Surface Water,34.7748194,-82.3506671,2022,,,Unnamed_SPE_LCMS_MS,,,ng/L,10.7,19.2,,0,0,1.1,0,1.9,0,0,0,0,0,,,,,,7.3,0,9.9,0,,,,,,,,,0,0,,0,0,4.1,0,0,0,0,0,,0,0,0,0,,,,0,,,
Forster_et_al_2024,Little Po0,Surface Water,34.8133225,-82.3004647,2022,,,Unnamed_SPE_LCMS_MS,,,ng/L,4.5,0,,0,11.2,2.3,0,1.5,0,3.9,0,0,0,,,,,,0,0,0,2.4,,,,,,,,,0,0,,0,30.2,0,0,0,0,0,0,,0,0,0,0,,,,0,,,
Forster_et_al_2024,Gregg Shoals,Surface Water,34.213842,-82.739269,2022,,,Unnamed_SPE_LCMS_MS,,,ng/L,3.8,0,,0,0,0,0,13.9,0,5.2,0,0,0,,,,,,0,0,10.8,0,,,,,,,,,0,0,,0,40.8,0,0,0,0,0,0,,0,0,0,0,,,,0,,,
Forster_et_al_2024,Lake Keowee,Surface Water,34.7114137,-82.9693495,2022,,,Unnamed_SPE_LCMS_MS,,,ng/L,5.7,4.3,,0,2.4,0,1.3,2.7,0,1.2,0,0,0,,,,,,7.8,1.4,13.9,2.7,,,,,,,,,0,0,,0,5.1,3.1,0,0,0,2.5,0,,0,0,0,0,,,,0,,,
