Article (Author et al YYYY),Sample Name,Approx Mile Marker,Sample Type,Latitude,Longitude,Sampling Year,Sample Date (MM/DD/YYY),Sample Time,Analysis Method,Streamflow (m3/s),Sampling Depth (m),Units,PFOS,PFOA,FBSA,PFDA,PFNA,PFHxS,PFHxA,PFHpA,PFHpS,GenX,4:2 FTS,6:2 FTS,8:2 FTS,10:2 FTS,3:3 FTCA,5:3 FTCA,7:3 FTCA,PFPA,PFPeA,PFPeS,PFBS,PFBA,PFMOPrA,PFMOBA,PFMOAA,PFO2HxA,PFO3OA,PFO4DA,PFESA BP 1,PFESA BP 2,PFDoS,PFUnDA,FOSAA,N-MeFOSE,NMeFOSAA,NMeFOSA,N-EtFOSE,NEtFOSAA,N-EtFOSA,PFDS,PFTeDA,PFHxDA,PFHxSA,PFNS,PFTrDA,PFDoA,PFOSA,9-Cl-PF3ONS,11-Cl-PF3OUdS,PFECA-G,ADONA,PFEESA,NFDHA,PFODA,pH,TOC (g/l),DOC
Hansen_et_al_2002,1,337,Surface Water,34.5285,-86.5445,2000,11/15/2000,,Unnamed_SPE_LCMS_MS,,4.2672,ng/L,27.8,,,,,,,,,,,,,,,,,,,,,,,,,,,,,,,,,,,,,,,,,,,,,,,,,,,,,,,,
Hansen_et_al_2002,2,335,Surface Water,34.5558,-86.5518,2000,11/15/2000,,Unnamed_SPE_LCMS_MS,,10.9728,ng/L,28.9,,,,,,,,,,,,,,,,,,,,,,,,,,,,,,,,,,,,,,,,,,,,,,,,,,,,,,,,
Hansen_et_al_2002,3,333,Surface Water,34.5782,-86.573,2000,11/15/2000,,Unnamed_SPE_LCMS_MS,,6.096,ng/L,28.8,,,,,,,,,,,,,,,,,,,,,,,,,,,,,,,,,,,,,,,,,,,,,,,,,,,,,,,,
Hansen_et_al_2002,4,331,Surface Water,34.5802,-86.6064,2000,11/15/2000,,Unnamed_SPE_LCMS_MS,,6.096,ng/L,25.8,,,,,,,,,,,,,,,,,,,,,,,,,,,,,,,,,,,,,,,,,,,,,,,,,,,,,,,,
Hansen_et_al_2002,5,329,Surface Water,34.5619,-86.6327,2000,11/15/2000,,Unnamed_SPE_LCMS_MS,,8.5344,ng/L,36.9,,,,,,,,,,,,,,,,,,,,,,,,,,,,,,,,,,,,,,,,,,,,,,,,,,,,,,,,
Hansen_et_al_2002,6,327,Surface Water,34.55,-86.6587,2000,11/15/2000,,Unnamed_SPE_LCMS_MS,,11.5824,ng/L,16.8,,,,,,,,,,,,,,,,,,,,,,,,,,,,,,,,,,,,,,,,,,,,,,,,,,,,,,,,
Hansen_et_al_2002,7,325,Surface Water,34.5706,-86.6749,2000,11/15/2000,,Unnamed_SPE_LCMS_MS,,11.8872,ng/L,27.4,,,,,,,,,,,,,,,,,,,,,,,,,,,,,,,,,,,,,,,,,,,,,,,,,,,,,,,,
Hansen_et_al_2002,8,323,Surface Water,34.5884,-86.6987,2000,11/15/2000,,Unnamed_SPE_LCMS_MS,,12.192,ng/L,31,,,,,,,,,,,,,,,,,,,,,,,,,,,,,,,,,,,,,,,,,,,,,,,,,,,,,,,,
Hansen_et_al_2002,9,321,Surface Water,34.5781,-86.7275,2000,11/15/2000,,Unnamed_SPE_LCMS_MS,,6.096,ng/L,26.9,,,,,,,,,,,,,,,,,,,,,,,,,,,,,,,,,,,,,,,,,,,,,,,,,,,,,,,,
Hansen_et_al_2002,10,319,Surface Water,34.5573,86.7519,2000,11/15/2000,,Unnamed_SPE_LCMS_MS,,11.2776,ng/L,22.3,,,,,,,,,,,,,,,,,,,,,,,,,,,,,,,,,,,,,,,,,,,,,,,,,,,,,,,,
Hansen_et_al_2002,11,317,Surface Water,34.5509,-86.7837,2000,11/15/2000,,Unnamed_SPE_LCMS_MS,,7.9248,ng/L,21.8,,,,,,,,,,,,,,,,,,,,,,,,,,,,,,,,,,,,,,,,,,,,,,,,,,,,,,,,
Hansen_et_al_2002,12,315,Surface Water,34.5547,-86.8183,2000,11/15/2000,,Unnamed_SPE_LCMS_MS,,6.7056,ng/L,21.4,,,,,,,,,,,,,,,,,,,,,,,,,,,,,,,,,,,,,,,,,,,,,,,,,,,,,,,,
Hansen_et_al_2002,13,313,Surface Water,34.5628,-86.8515,2000,11/15/2000,,Unnamed_SPE_LCMS_MS,,6.4008,ng/L,18.4,,,,,,,,,,,,,,,,,,,,,,,,,,,,,,,,,,,,,,,,,,,,,,,,,,,,,,,,
Hansen_et_al_2002,14,311,Surface Water,34.5745,-86.8838,2000,11/15/2000,,Unnamed_SPE_LCMS_MS,,6.096,ng/L,31.6,,,,,,,,,,,,,,,,,,,,,,,,,,,,,,,,,,,,,,,,,,,,,,,,,,,,,,,,
Hansen_et_al_2002,15,309,Surface Water,34.5843,-86.9161,2000,11/15/2000,,Unnamed_SPE_LCMS_MS,,5.7912,ng/L,51.9,,,,,,,,,,,,,,,,,,,,,,,,,,,,,,,,,,,,,,,,,,,,,,,,,,,,,,,,
Hansen_et_al_2002,16,307,Surface Water,34.5992,-86.946,2000,11/15/2000,,Unnamed_SPE_LCMS_MS,,7.3152,ng/L,52.6,,,,,,,,,,,,,,,,,,,,,,,,,,,,,,,,,,,,,,,,,,,,,,,,,,,,,,,,
Hansen_et_al_2002,17,305,Surface Water,34.6131,-86.9738,2000,11/15/2000,,Unnamed_SPE_LCMS_MS,,6.7056,ng/L,37.1,,,,,,,,,,,,,,,,,,,,,,,,,,,,,,,,,,,,,,,,,,,,,,,,,,,,,,,,
Hansen_et_al_2002,18,303,Surface Water,34.6303,-86.9995,2000,11/15/2000,,Unnamed_SPE_LCMS_MS,,10.0584,ng/L,39.4,,,,,,,,,,,,,,,,,,,,,,,,,,,,,,,,,,,,,,,,,,,,,,,,,,,,,,,,
Hansen_et_al_2002,19,302,Surface Water,34.639,-87.0136,2000,11/15/2000,,Unnamed_SPE_LCMS_MS,,7.9248,ng/L,39.4,,,,,,,,,,,,,,,,,,,,,,,,,,,,,,,,,,,,,,,,,,,,,,,,,,,,,,,,
Hansen_et_al_2002,20,301,Surface Water,34.6477,-87.0275,2000,11/15/2000,,Unnamed_SPE_LCMS_MS,,7.3152,ng/L,54.1,,,,,,,,,,,,,,,,,,,,,,,,,,,,,,,,,,,,,,,,,,,,,,,,,,,,,,,,
Hansen_et_al_2002,21,299,Surface Water,34.6618,-87.0544,2000,11/15/2000,,Unnamed_SPE_LCMS_MS,,7.0104,ng/L,37.3,,,,,,,,,,,,,,,,,,,,,,,,,,,,,,,,,,,,,,,,,,,,,,,,,,,,,,,,
Hansen_et_al_2002,22,297,Surface Water,34.6703,-87.0863,2000,11/15/2000,,Unnamed_SPE_LCMS_MS,,7.62,ng/L,30.3,,,,,,,,,,,,,,,,,,,,,,,,,,,,,,,,,,,,,,,,,,,,,,,,,,,,,,,,
Hansen_et_al_2002,23,295,Surface Water,34.6899,-87.1118,2000,11/15/2000,,Unnamed_SPE_LCMS_MS,,7.0104,ng/L,74.8,140,,,,,,,,,,,,,,,,,,,,,,,,,,,,,,,,,,,,,,,,,,,,,,,,,,,,,,,
Hansen_et_al_2002,24,293,Surface Water,34.7094,-87.1375,2000,11/15/2000,,Unnamed_SPE_LCMS_MS,,7.9248,ng/L,96.4,203,,,,,,,,,,,,,,,,,,,,,,,,,,,,,,,,,,,,,,,,,,,,,,,,,,,,,,,
Hansen_et_al_2002,25,291,Surface Water,34.7263,-87.1651,2000,11/15/2000,,Unnamed_SPE_LCMS_MS,,6.096,ng/L,98,266,,,,,,,,,,,,,,,,,,,,,,,,,,,,,,,,,,,,,,,,,,,,,,,,,,,,,,,
Hansen_et_al_2002,26,289,Surface Water,34.7429,-87.1924,2000,11/15/2000,,Unnamed_SPE_LCMS_MS,,6.4008,ng/L,107,323,,,,,,,,,,,,,,,,,,,,,,,,,,,,,,,,,,,,,,,,,,,,,,,,,,,,,,,
Hansen_et_al_2002,27,287,Surface Water,34.7586,-87.2194,2000,11/15/2000,,Unnamed_SPE_LCMS_MS,,5.4864,ng/L,136,513,,,,,,,,,,,,,,,,,,,,,,,,,,,,,,,,,,,,,,,,,,,,,,,,,,,,,,,
Hansen_et_al_2002,28,285,Surface Water,34.7439,-87.2527,2000,11/15/2000,,Unnamed_SPE_LCMS_MS,,8.5344,ng/L,140,375,,,,,,,,,,,,,,,,,,,,,,,,,,,,,,,,,,,,,,,,,,,,,,,,,,,,,,,
Hansen_et_al_2002,29,283,Surface Water,34.7428,-87.2881,2000,11/15/2000,,Unnamed_SPE_LCMS_MS,,8.8392,ng/L,106,355,,,,,,,,,,,,,,,,,,,,,,,,,,,,,,,,,,,,,,,,,,,,,,,,,,,,,,,
Hansen_et_al_2002,30,281,Surface Water,34.7605,-87.3143,2000,11/15/2000,,Unnamed_SPE_LCMS_MS,,9.7536,ng/L,134,507,,,,,,,,,,,,,,,,,,,,,,,,,,,,,,,,,,,,,,,,,,,,,,,,,,,,,,,
Hansen_et_al_2002,31,279,Surface Water,34.7859,-87.3273,2000,11/15/2000,,Unnamed_SPE_LCMS_MS,,14.0208,ng/L,106,404,,,,,,,,,,,,,,,,,,,,,,,,,,,,,,,,,,,,,,,,,,,,,,,,,,,,,,,
Hansen_et_al_2002,32,277,Surface Water,34.8107,-87.346,2000,11/15/2000,,Unnamed_SPE_LCMS_MS,,7.9248,ng/L,112,275,,,,,,,,,,,,,,,,,,,,,,,,,,,,,,,,,,,,,,,,,,,,,,,,,,,,,,,
Hansen_et_al_2002,33,275,Surface Water,34.8137,-87.3804,2000,11/15/2000,,Unnamed_SPE_LCMS_MS,,15.24,ng/L,144,383,,,,,,,,,,,,,,,,,,,,,,,,,,,,,,,,,,,,,,,,,,,,,,,,,,,,,,,
Hansen_et_al_2002,34,273,Surface Water,34.8077,-87.4144,2000,11/15/2000,,Unnamed_SPE_LCMS_MS,,5.7912,ng/L,92.3,295,,,,,,,,,,,,,,,,,,,,,,,,,,,,,,,,,,,,,,,,,,,,,,,,,,,,,,,
Hansen_et_al_2002,35,271,Surface Water,34.8058,-87.4462,2000,11/15/2000,,Unnamed_SPE_LCMS_MS,,7.3152,ng/L,110,385,,,,,,,,,,,,,,,,,,,,,,,,,,,,,,,,,,,,,,,,,,,,,,,,,,,,,,,
Hansen_et_al_2002,36,269,Surface Water,34.8083,-87.4781,2000,11/15/2000,,Unnamed_SPE_LCMS_MS,,11.5824,ng/L,105,348,,,,,,,,,,,,,,,,,,,,,,,,,,,,,,,,,,,,,,,,,,,,,,,,,,,,,,,
Hansen_et_al_2002,37,267,Surface Water,34.8161,-87.5087,2000,11/15/2000,,Unnamed_SPE_LCMS_MS,,14.6304,ng/L,119,531,,,,,,,,,,,,,,,,,,,,,,,,,,,,,,,,,,,,,,,,,,,,,,,,,,,,,,,
Hansen_et_al_2002,38,265,Surface Water,34.8235,-87.5398,2000,11/15/2000,,Unnamed_SPE_LCMS_MS,,16.764,ng/L,133,598,,,,,,,,,,,,,,,,,,,,,,,,,,,,,,,,,,,,,,,,,,,,,,,,,,,,,,,
Hansen_et_al_2002,39,263,Surface Water,34.8176,-87.5709,2000,11/15/2000,,Unnamed_SPE_LCMS_MS,,21.336,ng/L,127,580,,,,,,,,,,,,,,,,,,,,,,,,,,,,,,,,,,,,,,,,,,,,,,,,,,,,,,,
Hansen_et_al_2002,40,261,Surface Water,34.811,-87.6018,2000,11/15/2000,,Unnamed_SPE_LCMS_MS,,22.86,ng/L,119,521,,,,,,,,,,,,,,,,,,,,,,,,,,,,,,,,,,,,,,,,,,,,,,,,,,,,,,,
