Article (Author et al YYYY),Sample Name,Sample Type,Latitude,Longitude,Sampling Year,Sample Date (MM/DD/YYY),Sample Time,Analysis Method,Sampling Depth (m),Streamflow (m3/s),PFOS,FBSA,PFOA,PFDA,PFNA,PFHxS,PFHxA,PFHpA,PFHpS,GenX,4:2 FTS,6:2 FTS,8:2 FTS,10:2 FTS,PFPeA,PFPeS,PFBA,PFBS,PFMOPrA,PFMOBA,PFMOAA,PFO2HxA,PFO3OA,PFO4DA,PFESA BP 1,PFESA BP 2,PFUnDA,N-MeFOSE,NMeFOSAA,NMeFOSA,N-EtFOSE,NEtFOSAA,N-EtFOSA,PFDoA,PFDS,PFTeDA,PFHxDA,PFNS,PFTrDA,PFOSA,9-Cl-PF3ONS,ADONA,11-Cl-PF3OUdS,PFECA-G,PFODA
Hayworth_et_al_2022,CT_6*,Surface Water,-85.336281,33.74139,2020,6/27/2020,12:10:00 PM,Unnamed_SPE_LCMS_MS,,,0.00,,0.00,,,,0.00,0.00,,,,,,,5.56,,,0.00,,,,,,,,,,,,,,,,,,,,,,,,,,,
Hayworth_et_al_2022,CT_7,Surface Water,-85.574866,33.30686,2020,6/27/2020,1:40:00 PM,Unnamed_SPE_LCMS_MS,,,0.00,,0.00,,,,0.00,0.00,,,,,,,5.91,,,0.00,,,,,,,,,,,,,,,,,,,,,,,,,,,
Hayworth_et_al_2022,CT_8,Surface Water,-85.898041,32.44973,2020,6/27/2020,4:13:00 PM,Unnamed_SPE_LCMS_MS,,,0.00,,5.78,,,,0.00,0.00,,,,,,,7.80,,,0.00,,,,,,,,,,,,,,,,,,,,,,,,,,,
Hayworth_et_al_2022,CT_9,Surface Water,-86.202964,32.45539,2020,6/27/2020,5:09:00 PM,Unnamed_SPE_LCMS_MS,,,0.00,,5.43,,,,0.00,0.00,,,,,,,8.55,,,0.00,,,,,,,,,,,,,,,,,,,,,,,,,,,
Hayworth_et_al_2022,AC_1A,Surface Water,-86.315984,32.43579,2020,6/27/2020,5:44:00 PM,Unnamed_SPE_LCMS_MS,,,11.04,,18.31,,,,29.88,8.83,,,,,,,34.19,,,52.77,,,,,,,,,,,,,,,,,,,,,,,,,,,
Hayworth_et_al_2022,CT_1*,Surface Water,-85.355577,34.24861,2020,6/28/2020,11:35:00 PM,Unnamed_SPE_LCMS_MS,,,20.51,,26.01,,,,35.93,11.91,,,,,,,52.07,,,67.12,,,,,,,,,,,,,,,,,,,,,,,,,,,
Hayworth_et_al_2022,CT_2,Surface Water,-85.995171,34.01274,2020,6/28/2020,12:57:00 PM,Unnamed_SPE_LCMS_MS,,,20.36,,30.24,,,,39.31,13.10,,,,,,,54.90,,,79.39,,,,,,,,,,,,,,,,,,,,,,,,,,,
Hayworth_et_al_2022,CT_3,Surface Water,-86.026126,33.94254,2020,6/28/2020,1:54:00 PM,Unnamed_SPE_LCMS_MS,,,29.59,,22.39,,,,24.46,11.31,,,,,,,35.59,,,61.35,,,,,,,,,,,,,,,,,,,,,,,,,,,
Hayworth_et_al_2022,CT_4,Surface Water,-86.515252,32.95371,2020,6/28/2020,4:17:00 PM,Unnamed_SPE_LCMS_MS,,,18.11,,21.43,,,,22.50,10.44,,,,,,,33.85,,,59.00,,,,,,,,,,,,,,,,,,,,,,,,,,,
Hayworth_et_al_2022,CT_5,Surface Water,-86.206968,32.53842,2020,6/28/2020,5:31:00 PM,Unnamed_SPE_LCMS_MS,,,19.55,,19.20,,,,19.48,9.43,,,,,,,29.48,,,45.06,,,,,,,,,,,,,,,,,,,,,,,,,,,
Hayworth_et_al_2022,AC_1B*,Surface Water,-86.315984,32.43579,2020,7/8/2020,10:30:00 AM,Unnamed_SPE_LCMS_MS,,,12.04,,14.12,,,,13.24,7.55,,,,,,,20.81,,,28.65,,,,,,,,,,,,,,,,,,,,,,,,,,,
Hayworth_et_al_2022,AC_2,Surface Water,-86.408425,32.41137,2020,7/8/2020,11:16:00 AM,Unnamed_SPE_LCMS_MS,,,12.98,,14.78,,,,15.26,7.93,,,,,,,23.49,,,33.30,,,,,,,,,,,,,,,,,,,,,,,,,,,
Hayworth_et_al_2022,AC_3,Surface Water,-86.997498,32.38676,2020,7/8/2020,12:28:00 PM,Unnamed_SPE_LCMS_MS,,,11.42,,15.12,,,,14.21,7.67,,,,,,,22.31,,,31.73,,,,,,,,,,,,,,,,,,,,,,,,,,,
Hayworth_et_al_2022,AC_4,Surface Water,-87.391959,32.11354,2020,7/8/2020,1:47:00 PM,Unnamed_SPE_LCMS_MS,,,10.86,,13.97,,,,14.13,8.18,,,,,,,21.27,,,29.60,,,,,,,,,,,,,,,,,,,,,,,,,,,
Hayworth_et_al_2022,AC_5,Surface Water,-87.412779,31.96977,2020,7/8/2020,2:20:00 PM,Unnamed_SPE_LCMS_MS,,,11.99,,14.14,,,,14.02,7.58,,,,,,,22.65,,,29.35,,,,,,,,,,,,,,,,,,,,,,,,,,,
Hayworth_et_al_2022,AC_6,Surface Water,-87.516747,31.54806,2020,7/8/2020,3:59:00 PM,Unnamed_SPE_LCMS_MS,,,10.65,,15.30,,,,13.93,7.79,,,,,,,21.13,,,28.24,,,,,,,,,,,,,,,,,,,,,,,,,,,
Hayworth_et_al_2022,AC_7,Surface Water,-86.599476,33.62233,2020,7/9/2020,10:43:00 AM,Unnamed_SPE_LCMS_MS,,,0.00,,6.37,,,,0.00,0.00,,,,,,,9.47,,,0.00,,,,,,,,,,,,,,,,,,,,,,,,,,,
Hayworth_et_al_2022,AC_8,Surface Water,-86.714251,33.432234,2020,7/9/2020,11:17:00 AM,Unnamed_SPE_LCMS_MS,,,0.00,,5.74,,,,6.64,0.00,,,,,,,13.05,,,0.00,,,,,,,,,,,,,,,,,,,,,,,,,,,
Hayworth_et_al_2022,AC_9,Surface Water,-86.813929,33.36338,2020,7/9/2020,12:05:00 PM,Unnamed_SPE_LCMS_MS,,,0.00,,7.11,,,,7.31,0.00,,,,,,,14.97,,,0.00,,,,,,,,,,,,,,,,,,,,,,,,,,,
Hayworth_et_al_2022,AC_10,Surface Water,-87.241447,32.66811,2020,7/9/2020,2:12:00 PM,Unnamed_SPE_LCMS_MS,,,0.00,,0.00,,,,0.00,0.00,,,,,,,8.65,,,0.00,,,,,,,,,,,,,,,,,,,,,,,,,,,
Hayworth_et_al_2022,AC_11,Surface Water,-87.100699,32.33574,2020,7/9/2020,3:11:00 PM,Unnamed_SPE_LCMS_MS,,,0.00,,0.00,,,,0.00,0.00,,,,,,,8.50,,,0.00,,,,,,,,,,,,,,,,,,,,,,,,,,,
Hayworth_et_al_2022,CH_1*,Surface Water,-85.18144,32.87525,2020,7/27/2020,9:45:00 AM,Unnamed_SPE_LCMS_MS,,,0.00,,6.96,,,,8.99,5.26,,,,,,,14.50,,,0.00,,,,,,,,,,,,,,,,,,,,,,,,,,,
Hayworth_et_al_2022,CH_2,Surface Water,-85.16551,32.80982,2020,7/27/2020,10:20:00 AM,Unnamed_SPE_LCMS_MS,,,0.00,,8.97,,,,10.76,6.22,,,,,,,17.53,,,0.00,,,,,,,,,,,,,,,,,,,,,,,,,,,
Hayworth_et_al_2022,CH_3,Surface Water,-84.99634,32.47258,2020,7/27/2020,11:37:00 AM,Unnamed_SPE_LCMS_MS,,,0.00,,7.86,,,,9.45,5.36,,,,,,,14.98,,,0.00,,,,,,,,,,,,,,,,,,,,,,,,,,,
Hayworth_et_al_2022,CH_4,Surface Water,-84.97725,32.44418,2020,7/27/2020,11:58:00 AM,Unnamed_SPE_LCMS_MS,,,0.00,,4.33,,,,5.63,0.00,,,,,,,11.80,,,0.00,,,,,,,,,,,,,,,,,,,,,,,,,,,
Hayworth_et_al_2022,CH_5,Surface Water,-85.00274,32.3466,2020,7/27/2020,12:57:00 PM,Unnamed_SPE_LCMS_MS,,,0.00,,6.26,,,,5.35,0.00,,,,,,,10.84,,,0.00,,,,,,,,,,,,,,,,,,,,,,,,,,,
Hayworth_et_al_2022,CH_6,Surface Water,-85.05576,31.60425,2020,7/27/2020,2:25:00 PM,Unnamed_SPE_LCMS_MS,,,0.00,,10.17,,,,4.63,0.00,,,,,,,10.66,,,0.00,,,,,,,,,,,,,,,,,,,,,,,,,,,
Hayworth_et_al_2022,CH_7,Surface Water,-85.10737,31.25454,2020,7/27/2020,3:19:00 PM,Unnamed_SPE_LCMS_MS,,,0.00,,9.28,,,,3.73,0.00,,,,,,,9.72,,,0.00,,,,,,,,,,,,,,,,,,,,,,,,,,,
Hayworth_et_al_2022,CH_8,Surface Water,-85.00608,30.97369,2020,7/27/2020,4:07:00 PM,Unnamed_SPE_LCMS_MS,,,0.00,,9.42,,,,3.56,0.00,,,,,,,8.40,,,0.00,,,,,,,,,,,,,,,,,,,,,,,,,,,
Hayworth_et_al_2022,CW_1*,Surface Water,-85.61102,31.34329,2020,8/1/2020,12:50:00 PM,Unnamed_SPE_LCMS_MS,,,0.00,,0.00,,,,0.00,0.00,,,,,,,0.00,,,0.00,,,,,,,,,,,,,,,,,,,,,,,,,,,
Hayworth_et_al_2022,CW_2,Surface Water,-85.68851,31.23624,2020,8/1/2020,1:20:00 PM,Unnamed_SPE_LCMS_MS,,,0.00,,0.00,,,,0.00,0.00,,,,,,,7.95,,,0.00,,,,,,,,,,,,,,,,,,,,,,,,,,,
Hayworth_et_al_2022,CW_3,Surface Water,-85.73809,31.23437,2020,8/1/2020,1:35:00 PM,Unnamed_SPE_LCMS_MS,,,0.00,,14.01,,,,14.98,0.00,,,,,,,15.74,,,0.00,,,,,,,,,,,,,,,,,,,,,,,,,,,
Hayworth_et_al_2022,CW_4,Surface Water,-85.831,31.1094,2020,8/1/2020,2:25:00 PM,Unnamed_SPE_LCMS_MS,,,19.10,,0.00,,,,0.00,0.00,,,,,,,7.45,,,0.00,,,,,,,,,,,,,,,,,,,,,,,,,,,
Hayworth_et_al_2022,CW_5,Surface Water,-85.8427,30.95009,2020,8/1/2020,3:05:00 PM,Unnamed_SPE_LCMS_MS,,,0.00,,0.00,,,,0.00,0.00,,,,,,,5.96,,,0.00,,,,,,,,,,,,,,,,,,,,,,,,,,,
Hayworth_et_al_2022,FP_1,Surface Water,-86.537368,31.01008,2020,8/1/2020,4:29:00 PM,Unnamed_SPE_LCMS_MS,,,0.00,,0.00,,,,0.00,0.00,,,,,,,0.00,,,0.00,,,,,,,,,,,,,,,,,,,,,,,,,,,
Hayworth_et_al_2022,CO_1,Surface Water,-86.04752,31.80399,2020,8/2/2020,10:02:00 AM,Unnamed_SPE_LCMS_MS,,,0.00,,0.00,,,,0.00,0.00,,,,,,,0.00,,,0.00,,,,,,,,,,,,,,,,,,,,,,,,,,,
Hayworth_et_al_2022,CO_2,Surface Water,-86.52942,31.34793,2020,8/2/2020,11:25:00 AM,Unnamed_SPE_LCMS_MS,,,0.00,,0.00,,,,0.00,0.00,,,,,,,0.00,,,0.00,,,,,,,,,,,,,,,,,,,,,,,,,,,
Hayworth_et_al_2022,CO_3,Surface Water,-86.79932,31.16392,2020,8/2/2020,12:40:00 PM,Unnamed_SPE_LCMS_MS,,,0.00,,0.00,,,,0.00,0.00,,,,,,,0.00,,,0.00,,,,,,,,,,,,,,,,,,,,,,,,,,,
Hayworth_et_al_2022,CO_4,Surface Water,-87.16185,31.00753,2020,8/3/2020,9:47:00 AM,Unnamed_SPE_LCMS_MS,,,0.00,,0.00,,,,0.00,0.00,,,,,,,0.00,,,0.00,,,,,,,,,,,,,,,,,,,,,,,,,,,
Hayworth_et_al_2022,BT_7*,Surface Water,-88.237942,33.080575,2020,8/5/2020,1:02:00 PM,Unnamed_SPE_LCMS_MS,,,0.00,,0.55,,,,0.00,0.00,,,,,,,5.78,,,0.00,,,,,,,,,,,,,,,,,,,,,,,,,,,
Hayworth_et_al_2022,BT_8,Surface Water,-88.114504,32.69454,2020,8/5/2020,2:15:00 PM,Unnamed_SPE_LCMS_MS,,,0.00,,0.40,,,,0.00,0.00,,,,,,,7.65,,,0.00,,,,,,,,,,,,,,,,,,,,,,,,,,,
Hayworth_et_al_2022,TM_1,Surface Water,-88.001152,32.45043,2020,8/5/2020,3:05:00 PM,Unnamed_SPE_LCMS_MS,,,0.00,,0.00,,,,0.00,0.00,,,,,,,8.42,,,0.00,,,,,,,,,,,,,,,,,,,,,,,,,,,
Hayworth_et_al_2022,TM_2,Surface Water,-88.01178,32.17152,2020,8/5/2020,4:40:00 PM,Unnamed_SPE_LCMS_MS,,,0.00,,0.00,,,,0.00,0.00,,,,,,,7.87,,,0.00,,,,,,,,,,,,,,,,,,,,,,,,,,,
Hayworth_et_al_2022,TM_3,Surface Water,-87.989013,31.256707,2020,8/5/2020,6:53:00 PM,Unnamed_SPE_LCMS_MS,,,0.00,,0.00,,,,11.55,0.00,,,,,,,9.05,,,0.00,,,,,,,,,,,,,,,,,,,,,,,,,,,
Hayworth_et_al_2022,BT_1,Surface Water,-87.142727,33.5747,2020,8/6/2020,11:42:00 AM,Unnamed_SPE_LCMS_MS,,,0.00,,6.14,,,,0.00,0.00,,,,,,,23.07,,,0.00,,,,,,,,,,,,,,,,,,,,,,,,,,,
Hayworth_et_al_2022,BT_2,Surface Water,-87.17578,33.66304,2020,8/6/2020,11:16:00 AM,Unnamed_SPE_LCMS_MS,,,0.00,,0.24,,,,0.00,0.00,,,,,,,2.11,,,0.00,,,,,,,,,,,,,,,,,,,,,,,,,,,
Hayworth_et_al_2022,BT_3,Surface Water,-87.24052,33.52678,2020,8/6/2020,12:28:00 PM,Unnamed_SPE_LCMS_MS,,,0.00,,1.22,,,,0.00,0.00,,,,,,,7.41,,,0.00,,,,,,,,,,,,,,,,,,,,,,,,,,,
Hayworth_et_al_2022,BT_4,Surface Water,-87.66532,33.11957,2020,8/6/2020,1:52:00 PM,Unnamed_SPE_LCMS_MS,,,0.00,,1.51,,,,0.00,0.00,,,,,,,6.90,,,0.00,,,,,,,,,,,,,,,,,,,,,,,,,,,
Hayworth_et_al_2022,BT_5,Surface Water,-87.63816,33.01125,2020,8/6/2020,3:02:00 PM,Unnamed_SPE_LCMS_MS,,,0.00,,1.76,,,,0.00,0.00,,,,,,,6.49,,,0.00,,,,,,,,,,,,,,,,,,,,,,,,,,,
Hayworth_et_al_2022,BT_6,Surface Water,-87.74452,32.58716,2020,8/6/2020,3:56:00 PM,Unnamed_SPE_LCMS_MS,,,0.00,,1.09,,,,0.00,0.00,,,,,,,5.96,,,0.00,,,,,,,,,,,,,,,,,,,,,,,,,,,
Hayworth_et_al_2022,ES_1*,Surface Water,-88.370773,31.04874,2020,8/22/2020,2:45:00 PM,Unnamed_SPE_LCMS_MS,,,0.00,,0.00,,,,0.00,0.00,,,,,,,0.00,,,0.00,,,,,,,,,,,,,,,,,,,,,,,,,,,
Hayworth_et_al_2022,ES_2,Surface Water,-88.417744,30.86283,2020,8/22/2020,3:30:00 PM,Unnamed_SPE_LCMS_MS,,,0.00,,0.00,,,,0.00,0.00,,,,,,,0.00,,,0.00,,,,,,,,,,,,,,,,,,,,,,,,,,,
Hayworth_et_al_2022,ES_3,Surface Water,-88.332825,30.80104,2020,8/22/2020,3:54:00 PM,Unnamed_SPE_LCMS_MS,,,0.00,,0.00,,,,0.00,0.00,,,,,,,0.00,,,0.00,,,,,,,,,,,,,,,,,,,,,,,,,,,
Hayworth_et_al_2022,TM_4,Surface Water,-87.97826,31.08773,2020,8/22/2020,1:45:00 PM,Unnamed_SPE_LCMS_MS,,,0.00,,6.40,,,,4.72,0.00,,,,,,,12.89,,,0.00,,,,,,,,,,,,,,,,,,,,,,,,,,,
Hayworth_et_al_2022,TM_5,Surface Water,-88.03724,30.69082,2020,8/22/2020,6:53:00 PM,Unnamed_SPE_LCMS_MS,,,0.00,,6.45,,,,5.03,0.00,,,,,,,12.74,,,0.00,,,,,,,,,,,,,,,,,,,,,,,,,,,
Hayworth_et_al_2022,TM_6,Surface Water,-88.01368,30.68731,2020,8/22/2020,7:20:00 PM,Unnamed_SPE_LCMS_MS,,,0.00,,6.78,,,,4.87,0.00,,,,,,,14.10,,,0.00,,,,,,,,,,,,,,,,,,,,,,,,,,,
Hayworth_et_al_2022,TM_7,Surface Water,-87.95444,30.67281,2020,8/22/2020,7:33:00 PM,Unnamed_SPE_LCMS_MS,,,0.00,,7.53,,,,5.81,0.00,,,,,,,14.68,,,0.00,,,,,,,,,,,,,,,,,,,,,,,,,,,
Hayworth_et_al_2022,TM_8,Surface Water,-88.05884,30.64487,2020,8/22/2020,6:30:00 PM,Unnamed_SPE_LCMS_MS,,,0.00,,6.27,,,,4.58,0.00,,,,,,,12.34,,,0.00,,,,,,,,,,,,,,,,,,,,,,,,,,,
Hayworth_et_al_2022,TM_9,Surface Water,-88.088369,30.56482,2020,8/22/2020,5:27:00 PM,Unnamed_SPE_LCMS_MS,,,0.00,,5.86,,,,4.62,0.00,,,,,,,11.73,,,0.00,,,,,,,,,,,,,,,,,,,,,,,,,,,
Hayworth_et_al_2022,TM_10,Surface Water,-88.123917,30.53379,2020,8/22/2020,4:55:00 PM,Unnamed_SPE_LCMS_MS,,,30.69,,6.19,,,,6.50,0.00,,,,,,,13.30,,,0.00,,,,,,,,,,,,,,,,,,,,,,,,,,,
Hayworth_et_al_2022,TM_11,Surface Water,-87.898556,30.55129,2020,8/23/2020,9:50:00 AM,Unnamed_SPE_LCMS_MS,,,0.00,,2.68,,,,1.41,0.00,,,,,,,4.39,,,0.00,,,,,,,,,,,,,,,,,,,,,,,,,,,
Hayworth_et_al_2022,TM_12,Surface Water,-87.823803,30.41556,2020,8/23/2020,10:43:00 AM,Unnamed_SPE_LCMS_MS,,,0.00,,3.44,,,,0.00,0.00,,,,,,,6.69,,,0.00,,,,,,,,,,,,,,,,,,,,,,,,,,,
Hayworth_et_al_2022,FP_2,Surface Water,-87.599125,31.00372,2020,8/23/2020,2:01:00 PM,Unnamed_SPE_LCMS_MS,,,0.00,,2.59,,,,0.00,0.00,,,,,,,4.16,,,0.00,,,,,,,,,,,,,,,,,,,,,,,,,,,
Hayworth_et_al_2022,FP_3,Surface Water,-87.484393,30.71656,2020,8/23/2020,1:02:00 PM,Unnamed_SPE_LCMS_MS,,,0.00,,8.38,,,,5.48,0.00,,,,,,,13.48,,,0.00,,,,,,,,,,,,,,,,,,,,,,,,,,,
Hayworth_et_al_2022,FP_4,Surface Water,-87.445177,30.52354,2020,8/23/2020,12:13:00 PM,Unnamed_SPE_LCMS_MS,,,0.00,,9.01,,,,6.07,0.00,,,,,,,13.87,,,0.00,,,,,,,,,,,,,,,,,,,,,,,,,,,
Hayworth_et_al_2022,FP_5,Surface Water,-87.445687,30.50846,2020,8/23/2020,11:51:00 AM,Unnamed_SPE_LCMS_MS,,,0.00,,5.85,,,,3.18,0.00,,,,,,,9.97,,,0.00,,,,,,,,,,,,,,,,,,,,,,,,,,,
Hayworth_et_al_2022,TN_1*,Surface Water,-85.69544,35.01647,2020,8/30/2020,7:50:00 AM,Unnamed_SPE_LCMS_MS,,,0.00,,3.02,,,,0.88,0.00,,,,,,,5.26,,,0.00,,,,,,,,,,,,,,,,,,,,,,,,,,,
Hayworth_et_al_2022,TN_2,Surface Water,-85.97196,34.63306,2020,8/30/2020,9:03:00 AM,Unnamed_SPE_LCMS_MS,,,0.00,,3.25,,,,1.51,0.00,,,,,,,6.43,,,0.00,,,,,,,,,,,,,,,,,,,,,,,,,,,
Hayworth_et_al_2022,TN_3,Surface Water,-86.28884,34.38055,2020,8/30/2020,9:51:00 AM,Unnamed_SPE_LCMS_MS,,,0.00,,3.37,,,,2.14,0.00,,,,,,,6.23,,,0.00,,,,,,,,,,,,,,,,,,,,,,,,,,,
Hayworth_et_al_2022,TN_4,Surface Water,-86.55872,34.57187,2020,8/30/2020,10:52:00 AM,Unnamed_SPE_LCMS_MS,,,0.00,,3.22,,,,5.75,0.00,,,,,,,7.99,,,0.00,,,,,,,,,,,,,,,,,,,,,,,,,,,
Hayworth_et_al_2022,TN_5,Surface Water,-86.97268,34.61615,2020,8/30/2020,11:55:00 AM,Unnamed_SPE_LCMS_MS,,,0.00,,3.31,,,,7.02,0.00,,,,,,,8.24,,,0.00,,,,,,,,,,,,,,,,,,,,,,,,,,,
Hayworth_et_al_2022,TN_6,Surface Water,-87.07123,34.68456,2020,8/30/2020,12:31:00 PM,Unnamed_SPE_LCMS_MS,,,0.00,,3.93,,,,4.22,0.00,,,,,,,7.72,,,0.00,,,,,,,,,,,,,,,,,,,,,,,,,,,
Hayworth_et_al_2022,TN_7,Surface Water,-87.386488,34.796179,2020,8/30/2020,1:32:00 PM,Unnamed_SPE_LCMS_MS,,,9.51,,10.70,,,,6.58,0.00,,,,,,,8.78,,,0.00,,,,,,,,,,,,,,,,,,,,,,,,,,,
Hayworth_et_al_2022,TN_8,Surface Water,-87.711904,34.767245,2020,8/30/2020,2:16:00 PM,Unnamed_SPE_LCMS_MS,,,9.07,,9.40,,,,6.01,0.00,,,,,,,8.20,,,0.00,,,,,,,,,,,,,,,,,,,,,,,,,,,
Hayworth_et_al_2022,TN_9,Surface Water,-87.993785,34.901112,2020,8/30/2020,3:13:00 PM,Unnamed_SPE_LCMS_MS,,,7.39,,10.06,,,,6.73,0.00,,,,,,,7.56,,,0.00,,,,,,,,,,,,,,,,,,,,,,,,,,,
