Article (Author et al YYYY),Sample Name,Sample Type,Latitude,Longitude,Sampling Year,Sample Date (MM/DD/YYY),Sample Time,Analysis Method,Streamflow (m3/s),Sampling Depth (m),PFOS,PFOA,FBSA,PFDA,PFNA,PFHxS,PFHxA,PFHpA,PFHpS,GenX,4:2 FTS,6:2 FTS,8:2 FTS,10:2 FTS,3:3 FTCA,5:3 FTCA,7:3 FTCA,PFPA,PFPeA,PFPeS,PFBS,PFBA,PFMOPrA,PFMOBA,PFMOAA,PFO2HxA,PFO3OA,PFO4DA,PFESA BP 1,PFESA BP 2,PFDoS,PFUnDA,FOSAA,N-MeFOSE,NMeFOSAA,NMeFOSA,N-EtFOSE,NEtFOSAA,N-EtFOSA,PFDS,PFTeDA,PFHxDA,PFNS,PFTrDA,PFDoA,PFOSA,9-Cl-PF3ONS,11-Cl-PF3OUdS,PFECA-G,ADONA,PFEESA,NFDHA,PFMBA,PFODA
MaineDEP_Dump2026,LK3836-SW-PFAS-2024-05-24,Surface Water,44.32091242,-70.07727601,2024,5/24/2024,,EPA 1633,,,1.14,1.07,,0.351,0.523,0,0.688,0.702,0,0,0,0,0,,0,0,0,,0.609,0,0.251,1.15,0,0,,,,,,,0,0.33,,0,0,0,0,0,0,0,0.236,0,0,0.426,0.437,0,0,0,,0,0,,,0
MaineDEP_Dump2026,LK3836-SW-PFAS-2025-05-19,Surface Water,44.32091242,-70.07727601,2025,5/19/2025,,EPA 1633,,,1.35,0,,0,0.498,0,0.608,0.601,0,0,0,0,0,,0,0,0,,0,0,0,0,0,0,,,,,,,0,0,,0,0,0,0,0,0,0,0,0,0,0,0,0,0,0,,0,0,,,0
MaineDEP_Dump2026,ALV-SW-PFAS-2022-08-10,Surface Water,44.49167884,-70.20560915,2022,8/10/2022,,EPA 537.1,,,0.918,0.724,,0,0.281,0,1.05,0.582,0,0,0,0,0,,0,0,0,,1.17,0,0,0.783,0,0,,,,,,,0,0,,0,0,0,0,4.62,0,0,0,0,0,0,0,0,0,0,,0,0,,,0
MaineDEP_Dump2026,ARB-SW-PFAS-2022-08-11,Surface Water,43.92110085,-69.96343,2022,8/11/2022,,EPA 537.1,,,4.38,1.44,,0,0.398,0,2.05,0.863,0,0,0,15.1,0,,0,0,0,,2.11,0,0.416,1.3,0,0,,,,,,,0,0,,0,0,0,0,5.35,0,0,0,0,0,0,0,0,0,0,,0,0,,,0
MaineDEP_Dump2026,ARB-SW-PFAS-2023-08-28,Surface Water,43.92110085,-69.96343,2023,8/28/2023,,EPA 537.1,,,1.35,1.31,,0,0.454,0,0.938,0.786,0,0,0,0,0,,0,0,0,,0.923,0,0.465,1.37,0,0,,,,,,,0,0,,0,0,0,0,0,0,0,0,0,0,0,0,0,0,0,,0,0,,,0
MaineDEP_Dump2026,ARB1-SW-2024-09-05,Surface Water,43.91562226,-69.94059131,2024,9/5/2024,,EPA 1633,,,1.46,1.31,,0,0.525,0,0.864,0.694,0,0,0,0,0,,0,0,0,,0,0,0.532,1.57,0,0,,,,,,,0,0,,0,0,0,0,2.11,0,0,0,0,0,0,0,0,0,0,,0,0,,,0
MaineDEP_Dump2026,ARB1-SW-PFAS-2024-08-27,Surface Water,43.91562226,-69.94059131,2024,8/27/2024,,EPA 1633,,,2.72,1.2,,0,0.855,0.39,0.982,0.675,0,0,0,0,0,,0,0,0,,1.07,0,0,3.76,0,0,,,,,,,0,0,,0,0,0,0,1.15,0,0,0,0,0,0,0,0,0,0,,0,0,,,0
MaineDEP_Dump2026,ARB1-SW-PFAS-2024-09-09,Surface Water,43.91562226,-69.94059131,2024,9/9/2024,,EPA 1633,,,1.17,1.04,,0,0,0,0.765,0.613,0,0,0,0,0,,0,0,0,,0,0,0,1.23,0,0,,,,,,,0,0,,0,0,0,0,0.916,0,0,0,0,0,0,0,0,0,0,,0,0,,,0
MaineDEP_Dump2026,ARB1-SW-PFAS-2024-09-19,Surface Water,43.91562226,-69.94059131,2024,9/19/2024,,EPA 1633,,,1.42,1.03,,0,0,0,0.906,0.627,0,0,0,0,0,,0,0,0,,0,0,0.635,0,0,0,,,,,,,0,0,,0,0,0,0,0,0,0,0,0,0,0,0,0,0,0,,0,0,,,0
MaineDEP_Dump2026,ARB1-SW-PFAS-2024-09-23,Surface Water,43.91562226,-69.94059131,2024,9/23/2024,,EPA 1633,,,1.41,1.29,,0,0,0,0.638,0.684,0,0,0,0,0,,0,0,0,,0,0,0.591,0,0,0,,,,,,,0,0,,0,0,0,0,0,0,0,0,0,0,0,0,0,0,0,,0,0,,,0
MaineDEP_Dump2026,ARB2-SW-2024-09-05,Surface Water,43.91410721,-69.92447631,2024,9/5/2024,,EPA 1633,,,1.92,1.24,,0,0,0,0.827,0.729,0,0,0,0,0,,0,0,0,,0,0,0.639,1.5,0,0,,,,,,,0,0,,0,0,0,0,2.35,0,0,0,0,0,0,0,0,0,0,,0,0,,,0
MaineDEP_Dump2026,ARB2-SW-PFAS-2024-08-27,Surface Water,43.91410721,-69.92447631,2024,8/27/2024,,EPA 1633,,,3.68,1.44,,0,0,0.584,1.08,0.774,0,0,0,0,0,,0,0,0,,1.12,0,0.533,4.26,0,0,,,,,,,0,0,,0,0,0,0,1.28,0,0,0,0,0,0,0,0,0,0,,0,0,,,0
MaineDEP_Dump2026,ARB2-SW-PFAS-2024-09-09,Surface Water,43.91410721,-69.92447631,2024,9/9/2024,,EPA 1633,,,1.59,1.17,,0,0,0.396,0.76,0.59,0,0,0,0,0,,0,0,0,,0,0,0.582,1.32,0,0,,,,,,,0,0,,0,0,0,0,0,0,0,0,0,0,0,0,0,0,0,,0,0,,,0
MaineDEP_Dump2026,ARB2-SW-PFAS-2024-09-19,Surface Water,43.91410721,-69.92447631,2024,9/19/2024,,EPA 1633,,,1.62,0.941,,0,0,0,0.862,0.577,0,0,0,9.71,0,,0,0,0,,0,0,0.53,0,0,0,,,,,,,0,0,,0,0,0,0,0,0,0,0,0,0,0,0,0,0,0,,0,0,,,0
MaineDEP_Dump2026,ARB2-SW-PFAS-2024-09-23,Surface Water,43.91410721,-69.92447631,2024,9/23/2024,,EPA 1633,,,1.57,1.16,,0,0,0,0.791,0.659,0,0,0,0,0,,0,0,0,,0,0,0.52,0,0,0,,,,,,,0,0,,0,0,0,0,0,0,0,0,0,0,0,0,0,0,0,,0,0,,,0
MaineDEP_Dump2026,ARB2-SW-PFAS-2025-06-27,Surface Water,43.91410721,-69.92447631,2025,6/27/2025,,EPA 1633,,,1.53,0.851,,0,0,0,0.748,0.518,0,0,0,0,0,,0,0,0,,0,0,0,0,0,0,,,,,,,0,0,,0,0,0,0,0,0,0,0,0,0,0,0,0,0,0,,0,0,,,0
MaineDEP_Dump2026,BRUNSWICK SD DOWNSTREAM #1,Surface Water,43.91410721,-69.92447631,2024,9/5/2024,,EPA 1633,,,1.87,1.26,,0,0.554,0.418,0.93,0.742,0,0,0,0,0,,0,0,0,,0,0,0,1.59,0,0,,,,,,,0,0,,0,0,0,0,3.21,0,0,0,0,0,0,0,0,0,0,,0,0,,,0
MaineDEP_Dump2026,ARB3-SW-2024-09-05,Surface Water,43.920684,-69.9132863,2024,9/5/2024,,EPA 1633,,,2.29,1.29,,0,0,0,0.93,0.708,0,0,0,0,0,,0,0,0,,0,0,0,1.48,0,0,,,,,,,0,0,,0,0,0,0,2.85,0,0,0,0,0,0,0,0,0,0,,0,0,,,0
MaineDEP_Dump2026,ARB3-SW-PFAS-2024-09-09,Surface Water,43.920684,-69.9132863,2024,9/9/2024,,EPA 1633,,,1.75,1.19,,0,0,0,0.779,0.656,0,0,0,0,0,,0,0,0,,0.902,0,0,1.34,0,0,,,,,,,0,0,,0,0,0,0,1.04,0,0,0,0,0,0,0,0,0,0,,0,0,,,0
MaineDEP_Dump2026,ARB3-SW-PFAS-2024-09-19,Surface Water,43.920684,-69.9132863,2024,9/19/2024,,EPA 1633,,,2.25,1.08,,0,0,0,0.868,0.86,0,0,0,0,0,,0,0,0,,0,0,0.55,0,0,0,,,,,,,0,0,,0,0,0,0,0,0,0,0,0,0,0,0,0,0,0,,0,0,,,0
MaineDEP_Dump2026,ARB3-SW-PFAS-2024-09-23,Surface Water,43.920684,-69.9132863,2024,9/23/2024,,EPA 1633,,,1.44,1.1,,0,0,0,0.745,0.625,0,0,0,0,0,,0,0,0,,0,0,0,0,0,0,,,,,,,0,0,,0,0,0,0,0,0,0,0,0,0,0,0,0,0,0,,0,0,,,0
MaineDEP_Dump2026,ARP-SW-2022,Surface Water,44.50495116,-70.67541944,2022,7/28/2022,,EPA 537.1,,,0.85,0.719,,0,0.332,0,0.75,0.56,0,0,0,0,0,,0,0,0,,0.719,0,0,0.567,0,0,,,,,,,0,0,,0,1.87,0,0,2.52,0,0,0.373,0,0,0.37,0,0,0,0,,0,0,,,0
MaineDEP_Dump2026,ART-SW-2024-09-05,Surface Water,43.91537109,-69.97770232,2024,9/5/2024,,EPA 1633,,,1.74,1.58,,0,0.549,0,0.938,0.755,0,0,0,0,0,,0,0,0,,0.839,0,0.587,1.62,0,0,,,,,,,0,0,,0,0,0,0,4.13,0,0,0,0,0,0,0,0,0,0,,0,0,,,0
MaineDEP_Dump2026,ART-SW-PFAS-2024-08-27,Surface Water,43.91537109,-69.97770232,2024,8/27/2024,,EPA 1633,,,2.25,1.28,,0,0.604,0.405,0.825,0.597,0,0,0,0,0,,0,0,0,,0.818,0,0,1.64,0,0,,,,,,,0,0,,0,0,0,0,1.2,0,0,0,0,0,0,0,0,0,0,,0,0,,,0
MaineDEP_Dump2026,ART-SW-PFAS-2024-09-09,Surface Water,43.91537109,-69.97770232,2024,9/9/2024,,EPA 1633,,,1.59,1.14,,0,0,0.375,0.75,0.573,0,0,0,0,0,,0,0,0,,0.948,0,0,1.35,0,0,,,,,,,0,0,,0,0,0,0,2.15,0,0,0,0,0,0,0,0,0,0,,0,0,,,0
MaineDEP_Dump2026,ART-SW-PFAS-2024-09-19,Surface Water,43.91537109,-69.97770232,2024,9/19/2024,,EPA 1633,,,1.87,1.62,,0,0,0,0.792,0.722,0,0,0,0,0,,0,0,0,,0,0,0,0,0,0,,,,,,,0,0,,0,0,0,0,0,0,0,0,0,0,0,0,0,0,0,,0,0,,,0
MaineDEP_Dump2026,ART-SW-PFAS-2024-09-23,Surface Water,43.91537109,-69.97770232,2024,9/23/2024,,EPA 1633,,,1.51,1.48,,0,0,0,0.852,0.624,0,0,0,0,0,,0,0,0,,0,0,0,2,0,0,,,,,,,0,0,,0,0,0,0,0,0,0,0,0,0,0,0,0,0,0,,0,0,,,0
MaineDEP_Dump2026,BRUNSWICK SD UPSTREAM #1,Surface Water,43.91537109,-69.97770232,2024,9/5/2024,,EPA 1633,,,1.41,1.34,,0,0,0,0.92,0.679,0,0,0,0,0,,0,0,0,,0.814,0,0.596,1.57,0,0,,,,,,,0,0,,0,0,0,0,6.56,0,0,0,0,0,0,0,0.618,0,0,,0,0,,,0
MaineDEP_Dump2026,LK9961-SW-PFAS-2023-05-25,Surface Water,44.26054045,-69.98759354,2023,5/25/2023,,EPA 537.1,,,1.27,1.49,,0,0,0,0.874,0.783,0,0,0,0,0,,0,0,0,,0.685,0,0.369,1,0,0,,,,,,,0,0,,0,0,0,0,0,0,0,0,0,0,0,0,0,0,0,,0,0,,,0
MaineDEP_Dump2026,LK9961-SW-PFAS-2024-05-29,Surface Water,44.26054045,-69.98759354,2024,5/29/2024,,EPA 1633,,,1.44,1.81,,0,0.538,0,1.04,0.98,0,0,0,0,0,,0,0,0,,0.962,0,0.531,1.51,0,0,,,,,,,0,0,,0,0,0,0,0,0,0,0,0,0,0,0,0,0,0,,0,0,,,0
MaineDEP_Dump2026,LK9961-SW-PFAS-2025-06-03,Surface Water,44.26054045,-69.98759354,2025,6/3/2025,,EPA 1633,,,1.32,1.65,,0,0.509,0,0.902,0.895,0,0,0,0,0,,0,0,0,,0,0,0.487,0,0,0,,,,,,,0,0,,0,0,0,0,0,0,0,0,0,0,0,0,0,0,0,,0,0,,,0
MaineDEP_Dump2026,ACB-SW-PFAS-2022-06-16,Surface Water,46.85431033,-67.95641654,2022,6/16/2022,,EPA 537.1,,,1.32,0.642,,0,0.27,0.628,0.368,0.52,0,0,0,0,0,,0,0,0,,0.933,0,0.27,0.6,0,0,,,,,,,0,0,,0,0,0,0,0,0,0,0,0,0,0,0,0,0,0,,0,0,,,0
MaineDEP_Dump2026,ACB-SW-PFAS-2022-08-03,Surface Water,46.85431033,-67.95641654,2022,8/3/2022,,EPA 537.1,,,2.62,1.21,,0,0.308,1.47,1.04,0.949,0,0,0,0,0,,0,0,0,,1.44,0,0.311,2.23,0,0,,,,,,,0,0,,0,0,0,0,0,0,0,0,0,0,0,0,0,0,0,,0,0,,,0
MaineDEP_Dump2026,ACB1-SW-PFAS-2023-05-30,Surface Water,46.855837,-68.001965,2023,5/30/2023,,EPA 537.1,,,0,0.273,,0,0,0,0.298,0,0,0,0,0,0,,0,0,0,,0,0,0,0.694,0,0,,,,,,,0,0,,0,0,0,0,0,0,0,0,0,0,0,0,0,0,0,,0,0,,,0
MaineDEP_Dump2026,ACB2-SW-PFAS-2023-06-01,Surface Water,46.842881,-67.945572,2023,6/1/2023,,EPA 537.1,,,0.478,0.446,,0,0,0,0,0.421,0,0,0,0,0,,0,0,0,,0,0,0,1.03,0,0,,,,,,,0,0,,0,0,0,0,0,0,0,0,0,0,0,0,0,0,0,,0,0,,,0
MaineDEP_Dump2026,AFF-SW-PFAS-2023-05-31,Surface Water,46.774198,-67.834172,2023,5/31/2023,,EPA 537.1,,,0.756,0.439,,0,0,0.408,0.366,0.484,0,0,0,0,0,,0,0,0,,0,0,0,0.867,0,0,,,,,,,0,0,,0,0,0,0,0,0,0,0,0,0,0,0,0,0,0,,0,0,,,0
MaineDEP_Dump2026,AFS-SW-PFAS-2024-06-05,Surface Water,46.807886,-67.873656,2024,6/5/2024,,EPA 1633,,,0.871,0.515,,0,0.455,0,0.479,0.459,0,0,0,0,0,,0,0,0,,0.483,0,0,1.03,0,0,,,,,,,0,0,,0,0,0,0,0,0,0,0,0,0,0,0,0,0,0,,0,0,,,0
MaineDEP_Dump2026,AOX-SW-PFAS-2022-06-16,Surface Water,46.477459,-68.454411,2022,6/16/2022,,EPA 537.1,,,0,0.392,,0,0.278,0,0,0.587,0,0,0,0,0,,0,0,0,,0.836,0,0,0.409,0,0,,,,,,,0,0,,0,0,0,0,0,0,0,0,0,0,0,0,0,0,0,,0,0,,,0
MaineDEP_Dump2026,AOX-SW-PFAS-2022-08-02,Surface Water,46.477459,-68.454411,2022,8/2/2022,,EPA 537.1,,,0,0.398,,0,0,0,0.47,0.592,0,0,0,0,0,,0,0,0,,0.852,0,0,1.56,0,0,,,,,,,0,0,,0,0,0,0,0,0,0,0,0,0,0,0,0,0,0,,0,0,,,0
MaineDEP_Dump2026,API-SW-PFAS-2022-06-16,Surface Water,46.77626,-67.970287,2022,6/16/2022,,EPA 537.1,,,0,0.429,,0,0,0,0,0.443,0,0,0,0,0,,0,0,0,,0.976,0,0,0,0,0,,,,,,,0,0,,0,0,0,0,0,0,0,0,0,0,0,0,0,0,0,,0,0,,,0
MaineDEP_Dump2026,API-SW-PFAS-2022-08-03,Surface Water,46.77626,-67.970287,2022,8/3/2022,,EPA 537.1,,,0,0.565,,0,0.33,0,0.526,0.758,0,0,0,0,0,,0,0,0,,0.685,0,0,1.88,0,0,,,,,,,0,0,,0,0,0,0,0,0,0,0,0,0,0,0,0,0,0,,0,0,,,0
MaineDEP_Dump2026,LK3290-SW-PFAS-2025-05-20,Surface Water,44.945094,-70.9952,2025,5/20/2025,,EPA 1633,,,0,0.691,,0,0,0,0,0,0,0,0,0,0,,0,0,0,,0,0,0,0,0,0,,,,,,,0,0,,0,0,0,0,0,0,0,0,0,0,0,0,0,0,0,,0,0,,,0
MaineDEP_Dump2026,LK1288-SW-PFAS-2024-07-31,Surface Water,45.207397,-67.613888,2024,7/31/2024,,EPA 1633,,,0,0.506,,0,0.502,0,0.405,0.677,0,0,0,0,0,,0,0,0,,0,0,0,0.856,0,0,,,,,,,0,0,,0,0,0,0,0,0,0,0,0,0,0,0,0,0,0,,0,0,,,0
MaineDEP_Dump2026,BSO-SW-PFAS-2025-07-07,Surface Water,44.991758,-68.676976,2025,7/7/2025,,EPA 1633,,,0.802,1.17,,0,0.676,0,0,0.852,0,0,0,0,0,,0,0,0,,0,0,0,2.51,0,0,,,,,,,0,0,,0,0,0,0,0,0,0,0,0,0,0,0,0,0,0,,0,0,,,0
MaineDEP_Dump2026,BTC-SW-PFAS-2025-04-30,Surface Water,43.909819,-70.308192,2025,4/30/2025,,EPA 1633,,,1.02,0.91,,0,0,0,0,0.543,0,0,0,0,0,,0,0,0,,0,0,0.657,0,0,0,,,,,,,0,0,,0,0,0,0,0,0,0,0,0,0,0,0,0,0,0,,0,0,,,0
MaineDEP_Dump2026,LK4120-SW-PFAS-2023-07-26,Surface Water,45.622053,-69.836038,2023,7/26/2023,,EPA 537.1,,,0,0.535,,0,0.364,0,0.381,0.642,0,0,0,0,0,,0,0,0,,0.82,0,0,1.66,0,0,,,,,,,0,0,,0,0,0,0,0,0,0,0,0,0,0,0,0,0,0,,0,0,,,0
MaineDEP_Dump2026,CAR-SW-PFAS-2025-06-10,Surface Water,46.84842744,-68.04491543,2025,6/10/2025,,EPA 1633,,,1.28,0.83,,0,0,0,0.539,0,0,0,0,0,0,,0,0,0,,0,0,0,0,0,0,,,,,,,0,0,,0,0,0,0,0,0,0,0,0,0,0,0,0,0,0,,0,0,,,0
MaineDEP_Dump2026,LK5448-SW-PFAS-2022-10-03,Surface Water,44.42711865,-69.55121457,2022,10/3/2022,,EPA 537.1,,,1.22,3.9,,0,0.934,0,2.19,3.61,0,0,0,0,0,,0,0,0,,1.84,0,0.483,2.02,0,0,,,,,,,0,0,,0,0,0,0,0,0,0,0,0,0,0,0,0,0,0,,0,0,,,0
MaineDEP_Dump2026,LK5382-SW-PFAS-2024-07-18,Surface Water,44.21462806,-69.5520942,2024,7/18/2024,,EPA 1633,,,0.671,1.71,,0,0.692,0,1.62,1.25,0,0,0,0,0,,0,0,0,,0.877,0,0.308,1.56,0,0,,,,,,,0,0,,0,0,0,0,0,0,0,0,0,0,0,0,0,0,0,,0,0,,,0
MaineDEP_Dump2026,LK5236-SW-PFAS-2024-05-29,Surface Water,44.26941036,-69.92962654,2024,5/29/2024,,EPA 1633,,,1.74,1.7,,0,0.516,0,1.04,0.952,0,0,0,0,0,,0,0,0,,0.88,0,0.415,1.3,0,0,,,,,,,0,0,,0,0,0,0,0,0,0,0,0,0,0,0,0,0,0,,0,0,,,0
MaineDEP_Dump2026,CBG-SW-PFAS-2023-05-17,Surface Water,43.918076,-70.316604,2023,5/17/2023,,EPA 537.1,,,4.44,4.4,,0,0.357,0.975,2.45,2.3,0,0,0,1.68,0,,0,0,0,,1.76,0,1.81,1.11,0,0,,,,,,,0,0,,0,0,0,0,0,0,0,0,0,0,0,0,0,0,0,,0,0,,,0
MaineDEP_Dump2026,CBG-SW-PFAS-2024-05-22,Surface Water,43.918076,-70.316604,2024,5/22/2024,,EPA 1633,,,7.82,8.57,,0,0.95,1.36,3.92,3.64,0,0,0,0,0,,0,0,0,,3.65,0,2.84,1.98,0,0,,,,,,,0,0,,0,0,0,0,0,0,0,0,0,0,0,0,0,0,0,,0,0,,,0
MaineDEP_Dump2026,CBG1-SW-PFAS-2025-05-05,Surface Water,43.906385,-70.304917,2025,5/5/2025,,EPA 1633,,,4.68,3.38,,0,0.647,1.48,1.54,1.56,0,0,0,0,0,,0,0,0,,1.64,0,1.55,0,0,0,,,,,,,0,0,,0,0,0,0,0,0,0,0,0,0,0,0,0,0,0,,0,0,,,0
MaineDEP_Dump2026,LK5400-SW-PFAS-2024-07-11,Surface Water,44.14112284,-69.48538714,2024,7/11/2024,,EPA 1633,,,0.961,1.29,,0,0,0,0.638,1.05,0,0,0,0,0,,0,0,0,,0.582,0,0.263,1.02,0,0,,,,,,,0,0,,0,0,0,0,0,0,0,0,0,0,0,0,0,0,0,,0,0,,,0
MaineDEP_Dump2026,LK2124-SW-PFAS-2025-07-08,Surface Water,45.647315,-68.627153,2025,7/8/2025,,EPA 1633,,,0.59,0.723,,0,0,0,0,0.502,0,0,0,0,0,,0,0,0,,0,0,0,0,0,0,,,,,,,0,0,,0,0,0,0,0,0,0,0,0,0,0,0,0,0,0,,0,0,,,0
MaineDEP_Dump2026,LK1634-SW-PFAS-2025-05-21,Surface Water,47.04313905,-68.49540921,2025,5/21/2025,,EPA 1633,,,0.583,0.537,,0,0,0,0.404,0.688,0,0,0,0,0,,0,0,0,,0,0,0,1.11,0,0,,,,,,,0,0,,0,0,0,0,0,0,0,0,0,0,0,0,0,0,0,,0,0,,,0
MaineDEP_Dump2026,LK1634-SW-PFAS-2025-06-10,Surface Water,47.04313905,-68.49540921,2025,6/10/2025,,EPA 1633,,,0,0.591,,0,0,0,0,0.627,0,0,0,0,0,,0,0,0,,0,0,0,0,0,0,,,,,,,0,0,,0,0,0,0,0,0,0,0,0,0,0,0,0,0,0,,0,0,,,0
MaineDEP_Dump2026,LK5349-SW-PFAS-2023-07-20,Surface Water,44.61176917,-69.78106387,2023,7/20/2023,,EPA 537.1,,,0.683,1.8,,0,0.464,0,1.18,1.31,0,0,0,0,0,,0,0,0,,1.12,0,0.35,1.14,0,0,,,,,,,0,0,,0,0,0,0,0,0,0,0,0,0,0,0,0,0,0,,0,0,,,0
MaineDEP_Dump2026,EDY-SW-PFAS-2025-04-30,Surface Water,43.928289,-70.31411,2025,4/30/2025,,EPA 1633,,,1.32,0.903,,0,0,1.03,1.08,0,0,0,0,0,0,,0,0,0,,0,0,2.38,0,0,0,,,,,,,0,0,,0,0,0,0,0,0,0,0,0,0,0,0,0,0,0,,0,0,,,0
MaineDEP_Dump2026,LK5218-SW-PFAS-2025-05-14,Surface Water,44.5208391,-70.05167039,2025,5/14/2025,,EPA 1633,,,0.52,0.62,,0,0,0,0,0,0,0,0,0,0,,0,0,0,,0,0,0,0,0,0,,,,,,,0,0,,0,0,0,0,0,0,0,0,0,0,0,0,0,0,0,,0,0,,,0
MaineDEP_Dump2026,FFPAL1-MID-SW-PFAS-2022-04-14,Surface Water,44.58809313,-69.61261624,2022,4/14/2022,,EPA 537.1,,,397,137,,40.7,36.8,1.74,39,76.4,2.85,0,0,0,1.15,,0,0,0,,26.6,0.273,0.335,14.6,0,0,,,,,,,0,12.6,,0,0,0,0,17.6,0,0,0,1.15,0,0,0.97,4.19,0,0,,0,0,,,0
MaineDEP_Dump2026,FFPAL1-NORTH-SW-PFAS-2022-04-14,Surface Water,44.58809313,-69.61261624,2022,4/14/2022,,EPA 537.1,,,371,130,,38,33.1,1.46,38.2,73,2.88,0,0,0,0,,0,0,0,,26.3,0,0.327,14.2,0,0,,,,,,,0,12,,0,0,0,0,12.9,0,0,0,1.16,0,0,0.968,4,0,0,,0,0,,,0
MaineDEP_Dump2026,FFPAL1-SOUTH-SW-PFAS-2022-04-14,Surface Water,44.58809313,-69.61261624,2022,4/14/2022,,EPA 537.1,,,431,138,,43.7,36.9,1.73,40,77.2,3.23,0,0,0,0,,0,0,0,,27.1,0,0.383,14.8,0,0,,,,,,,0,13.1,,0,0,0,0,13.5,0,0,0,1.12,0,0,1.1,3.94,0,0,,0,0,,,0
MaineDEP_Dump2026,FFPAL1-SW-PFAS-2021-10-28,Surface Water,44.58809313,-69.61261624,2021,10/28/2021,,EPA 537.1,,,552,172,,47.9,47.2,1.85,41.1,73.4,4.94,0,0,0,0,,0,0,0,,30.7,0,0.468,16.6,0,0,,,,,,,0,7.1,,0,0,0,0,14.1,0,0,0,0,0,0,0,0,0,0,,0,0,,,0
MaineDEP_Dump2026,FFPAL1-SW-PFAS-2021-11-04,Surface Water,44.58809313,-69.61261624,2021,11/4/2021,,EPA 537.1,,,577,177,,51.6,45.4,2.03,42.9,75.4,4.85,0,0,0,0,,0,0,0,,30.2,0.215,0.481,16.3,0,0,,,,,,,0,9.22,,0,0,0,0,16.1,0,0,0,0,0,0,0.675,3.37,0,0,,0,0,,,0
MaineDEP_Dump2026,FFPAL1-SW-PFAS-2021-11-18,Surface Water,44.58809313,-69.61261624,2021,11/18/2021,,EPA 537.1,,,600,183,,57.6,48,2.24,45.5,79.4,4.47,0,0,0,0,,0,0,0,,33.2,0,0.43,15.9,0,0,,,,,,,0,10,,0,0,0,0,13.5,0,0,0.319,0,0,0,0.579,3.47,0,0,,0,0,,,0
MaineDEP_Dump2026,FFPAL1-SW-PFAS-2021-12-19,Surface Water,44.58809313,-69.61261624,2021,12/29/2021,,EPA 537.1,,,582,166,,59,48.7,1.44,44.3,74.5,4.41,0,0,0,0,,0,0,0,,30.4,0.264,0.465,14.1,0,0,,,,,,,0,11.5,,0,0,0,0,10,0,0,0.617,0,0,0,0.405,2.4,0,0,,0,0,,,0
MaineDEP_Dump2026,FFPAL1-SW-PFAS-2023-05-17,Surface Water,44.58809313,-69.61261624,2023,5/17/2023,,EPA 537.1,,,802,272,,64.4,70.9,3,64.8,125,8.16,0,0,1.59,0,,0,0,0,,39.6,0.292,0.581,22,0,0,,,,,,,0,17,,0,0,0,0,11.2,0,0,0,0,0,0,1.34,4.25,0,0,,0,0,,,0
MaineDEP_Dump2026,FFPAL1-SW-PFAS-2023-07-10,Surface Water,44.58809313,-69.61261624,2023,7/10/2023,,EPA 537.1,,,647,260,,53.4,60.5,2.98,59.2,114,7.69,0,0,1.94,0,,0,0,0,,42,0.332,0.35,23.8,0,0,,,,,,,0,15,,0,0,0,0,12.5,0,0,0,0,0,0,1.28,3.55,0,0,,0,0,,,0
MaineDEP_Dump2026,FFPAL2-EAST-SW-PFAS-2022-04-14,Surface Water,44.586705,-69.61371,2022,4/14/2022,,EPA 537.1,,,939,456,,46,88.4,5.73,102,211,21.7,0,0,0,0,,0,0,0,,64.9,0.662,0.668,30.9,0,0,,,,,,,0,11.2,,0,0,0,0,6.84,0,0,0,1.08,0,0,0.713,1.75,0,0,,0,0,,,0
MaineDEP_Dump2026,FFPAL2-MID-SW-PFAS-2022-04-14,Surface Water,44.586705,-69.61371,2022,4/14/2022,,EPA 537.1,,,1040,463,,55.2,91.2,5.87,104,213,22.7,0,0,2.98,1.99,,0,0,0,,65.7,0.567,0.726,31.8,0,0,,,,,,,0,16.9,,0,0,0,0,12.1,0,0,0,1.13,0,0,1.68,2.92,0,0,,0,0,,,0
MaineDEP_Dump2026,FFPAL2-SW-PFAS-2021-11-18,Surface Water,44.586705,-69.61371,2021,11/18/2021,,EPA 537.1,,,1990,1320,,63.4,214,21.7,297,641,72.8,0,0,0,0,,0,0,0,,183,2.09,1.74,76.4,0,0,,,,,,,0,8.12,,0,0,0,0,4.3,0,0,0.355,0,0,0,0,0,0,0,,0,0,,,0
MaineDEP_Dump2026,FFPAL2-SW-PFAS-2021-12-29,Surface Water,44.586705,-69.61371,2021,12/29/2021,,EPA 537.1,,,2540,1440,,66,206,18.8,266,560,69.5,0,0,0,0,,0,0,0,,162,1.78,1.56,64.2,0,0,,,,,,,0,14.7,,0,0,0,0,6.11,0,0,0.78,1.14,0,0,1.62,1.28,0,0,,0,0,,,0
MaineDEP_Dump2026,FFPAL2-SW-PFAS-2022-02-10,Surface Water,44.586705,-69.61371,2022,2/10/2022,,EPA 537.1,,,1720,1230,,56.2,277,18.5,259,525,57.9,0,0,28.5,0,,0,0,0,,177,1.57,1.5,73.4,0,0,,,,,,,0,8.24,,0,0,0,0,3.63,0,0,0.317,0,0,0,0.342,0.854,0,0,,0,0,,,0
MaineDEP_Dump2026,FFPAL2-SW-PFAS-2023-07-10,Surface Water,44.586705,-69.61371,2023,7/10/2023,,EPA 537.1,,,1360,576,,84.7,129,5.96,114,231,29.7,0,0,2.13,0,,0,0,0,,77.2,0.614,0.701,37.9,0,0,,,,,,,0,22,,0,0,0,0,9.3,0,0,0,0,0,0,1.2,2.24,0,0,,0,0,,,0
MaineDEP_Dump2026,FFPAL2-WEST-SW-PFAS-2022-04-14,Surface Water,44.586705,-69.61371,2022,4/14/2022,,EPA 537.1,,,986,457,,44.8,92.5,5.45,105,211,20.1,0,0,0,0,,0,0,0,,65.3,0.621,0.659,31.3,0,0,,,,,,,0,11.9,,0,0,0,0,4.28,0,0,0,1.19,0,0,0.742,2.23,0,0,,0,0,,,0
MaineDEP_Dump2026,15M-SW-PFAS-2025-07-17,Surface Water,44.621622,-69.475291,2025,7/17/2025,,EPA 1633,,,6.24,9.33,,0.886,3.28,0,3.23,4.74,0,0,0,0,0,,0,0,0,,2.95,0,2.01,2.49,0,0,,,,,,,0,0,,0,0,0,0,0,0,0,0,0,0,0,0,0,0,0,,0,0,,,0
MaineDEP_Dump2026,FMS2-SW-PFAS-2022-05-06,Surface Water,44.513284,-69.418964,2022,5/6/2022,,EPA 537.1,,,7.54,13.2,,1.26,5.64,0,3.59,10,0,0,0,0,0,,0,0,0,,2.21,0,0.357,1.25,0,0,,,,,,,0,0,,0,0,0,0,0,0,0,0,0,0,0,0,0,0,0,,0,0,,,0
MaineDEP_Dump2026,LK0038-SW-PFAS-2025-06-11,Surface Water,45.17348176,-70.22107697,2025,6/11/2025,,EPA 1633,,,0.573,0,,0,0,0,0,0,0,0,0,0,0,,0,0,0,,0,0,0,0,0,0,,,,,,,0,0,,0,0,0,0,0,0,0,0,0,0,0,0,0,0,0,,0,0,,,0
MaineDEP_Dump2026,LK3712-SW-PFAS-2025-05-30,Surface Water,43.82112098,-70.33008685,2025,5/30/2025,,EPA 1633,,,0.726,1.5,,0,0,0,0.77,0.601,0,0,0,0,0,,0,0,0,,0,0,0.762,0,0,0,,,,,,,0,0,,0,0,0,0,0,0,0,0,0,0,0,0,0,0,0,,0,0,,,0
MaineDEP_Dump2026,GAB-SW-PFAS-2024-06-11,Surface Water,47.317346,-68.365832,2024,6/11/2024,,EPA 1633,,,0.85,1.73,,0,1.02,0,0.539,0.736,0,0,0,0,0,,0,0,0,,0.764,0,0,0.772,0,0,,,,,,,0,0,,0,0,0,0,0,0,0,0,0,0,0,0,0,0,0,,0,0,,,0
MaineDEP_Dump2026,LK7437-SW-PFAS-2024-07-31,Surface Water,45.24691341,-67.53903175,2024,7/31/2024,,EPA 1633,,,0,0.577,,0,0.495,0,0.423,0.656,0,0,0,0,0,,0,0,0,,0.394,0,0,0.961,0,0,,,,,,,0,0,,0,0,0,0,0,0,0,0,0,0,0,0,0,0,0,,0,0,,,0
MaineDEP_Dump2026,LK5274-SW-PFAS-2024-06-06,Surface Water,44.53861911,-69.84222032,2024,6/6/2024,,EPA 1633,,,0.772,1.78,,0,0.597,0,0.955,0.943,0,0,0,0,0,,0,0,0,,0.545,0,0,1.18,0,0,,,,,,,0,0,,0,0,0,0,0,0,0,0,0,0,0,0,0,0,0,,0,0,,,0
MaineDEP_Dump2026,LK5274-SW-PFAS-2025-06-03,Surface Water,44.53861911,-69.84222032,2025,6/3/2025,,EPA 1633,,,0.925,1.77,,0,0.595,0,0.825,1.08,0,0,0,0,0,,0,0,0,,0,0,0,0,0,0,,,,,,,0,0,,0,0,0,0,0,0,0,0,0,0,0,0,0,0,0,,0,0,,,0
MaineDEP_Dump2026,GWM-SW-PFAS-2025-05-02,Surface Water,43.316761,-70.743958,2025,5/2/2025,,EPA 1633,,,1.68,1.21,,0,0,0.873,0.582,0,0,0,0,0,0,,0,0,0,,0,0,0,0,0,0,,,,,,,0,0,,0,0,0,0,0,0,0,0,0,0,0,0,0,0,0,,0,0,,,0
MaineDEP_Dump2026,GWN-SW-2022,Surface Water,43.2989537,-70.73814669,2022,5/10/2022,,EPA 537.1,,,3.24,1.34,,0,0.36,0.853,0.55,0.539,0,0,0,0,0,,0,0,0,,0,0,0.497,0.532,0,0,,,,,,,0,0,,0,0,0,0,0,0,0,0,0,0,0,0,0,0,0,,0,0,,,0
MaineDEP_Dump2026,GWN-SW-PFAS-2023-05-11,Surface Water,43.2989537,-70.73814669,2023,5/11/2023,,EPA 537.1,,,3.4,2.51,,0,0.342,1.36,0.825,0.656,0,0,0,1.66,0,,0,0,0,,0.73,0,0.49,1.4,0,0,,,,,,,0,0,,0,0,0,0,0,0,0,0,0,0,0,0,0,0,0,,0,0,,,0
MaineDEP_Dump2026,GWN-SW-PFAS-2024-05-16,Surface Water,43.2989537,-70.73814669,2024,5/16/2024,,EPA 1633,,,2.57,1.45,,0,0,1.07,0.789,0.449,0,0,0,0,0,,0,0,0,,0.546,0,0.707,1.03,0,0,,,,,,,0,0,,0,0,0,0,0,0,0,0,0,0,0,0,0,0,0,,0,0,,,0
MaineDEP_Dump2026,GWN-SW-PFAS-2025-05-15,Surface Water,43.2989537,-70.73814669,2025,5/15/2025,,EPA 1633,,,3.99,2.04,,0,0.87,1.37,0.681,0.764,0,0,0,0,0,,0,0,0,,0,0,0.635,0,0,0,,,,,,,0,0,,0,0,0,0,0,0,0,0,0,0,0,0,0,0,0,,0,0,,,0
MaineDEP_Dump2026,GWU-SW-PFAS-2022-05-10,Surface Water,43.332315,-70.751298,2022,5/10/2022,,EPA 537.1,,,1.31,0.833,,0,0,0.709,0.466,0.447,0,0,0,0,0,,0,0,0,,0.852,0,0.478,0.482,0,0,,,,,,,0,0,,0,0,0,0,0,0,0,0,0,0,0,0,0,0,0,,0,0,,,0
MaineDEP_Dump2026,HMK-SW-PFAS-2022-10-03,Surface Water,44.5165508,-69.24585011,2022,10/3/2022,,EPA 537.1,,,0,0.703,,0,0.281,0,0.422,0.608,0,0,0,0,0,,0,0,0,,0.355,0,0.33,1.03,0,0,,,,,,,0,0,,0,0,0,0,0,0,0,0,0,0,0,0,0,0,0,,0,0,,,0
MaineDEP_Dump2026,HMT-SW-PFAS-2022-10-03,Surface Water,44.56327581,-69.25010845,2022,10/3/2022,,EPA 537.1,,,1.69,12.5,,0,0.705,0.503,8.53,11.3,0,0,0,0,0,,0,0,0,,4.54,0,1.42,3.41,0,0,,,,,,,0,0,,0,0,0,0,0,0,0,0,0,0,0,0,0,0,0,,0,0,,,0
MaineDEP_Dump2026,HMT-SW-PFAS-2023-05-11,Surface Water,44.56327581,-69.25010845,2023,5/11/2023,,EPA 537.1,,,0.908,15.4,,0,1.26,0.362,6.19,8.2,0,0,0,0,0,,0,0,0,,3.2,0,1.3,2.29,0,0,,,,,,,0,0,,0,0,0,0,0,0,0,0,0,0,0,0,0,0,0,,0,0,,,0
MaineDEP_Dump2026,LK2286-SW-PFAS-2025-07-16,Surface Water,44.78084012,-68.93543817,2025,7/16/2025,,EPA 1633,,,1.76,1.67,,0,0.523,1.11,1.1,0.972,0,0,0,0,0,,0,0,0,,0,0,0.695,0,0,0,,,,,,,0,0,,0,0,0,0,0,0,0,0,0,0,0,0,0,0,0,,0,0,,,0
MaineDEP_Dump2026,LK3734-SW-PFAS-2025-05-27,Surface Water,43.77358607,-70.3568367,2025,5/27/2025,,EPA 1633,,,1.37,2.24,,0,0,0,1.28,1.1,0,0,0,0,0,,0,0,0,,1.36,0,1.18,0,0,0,,,,,,,0,0,,0,0,0,0,0,0,0,0,0,0,0,0,0,0,0,,0,0,,,0
MaineDEP_Dump2026,LK3454-SW-PFAS-2024-06-27,Surface Water,44.070508,-70.73411459,2024,6/27/2024,,EPA 1633,,,0,0.49,,0,0,0,0.505,0.72,0,0,0,0,0,,0,0,0,,0,0,0,0.735,0,0,,,,,,,0,0,,0,0,0,0,0,0,0,0,0,0,0,0,0,0,0,,0,0,,,0
MaineDEP_Dump2026,LK4808-SW-PFAS-2025-06-02,Surface Water,44.21586,-69.131454,2025,6/2/2025,,EPA 1633,,,0,0.549,,0,0,0,0,0,0,0,0,0,0,,0,0,0,,0,0,0,0,0,0,,,,,,,0,0,,0,0,0,0,0,0,0,0,0,0,0,0,0,0,0,,0,0,,,0
MaineDEP_Dump2026,LK5302-SW-PFAS-2025-05-29,Surface Water,44.28562,-69.852508,2025,5/29/2025,,EPA 1633,,,0.873,2.75,,0,0.815,0,0.93,1.12,0,0,0,0,0,,0,0,0,,0,0,0,0,0,0,,,,,,,0,0,,0,0,0,0,0,0,0,0,0,0,0,0,0,0,0,,0,0,,,0
MaineDEP_Dump2026,KRC-SW-PFAS-2024-07-24,Surface Water,44.986092,-69.054516,2024,7/24/2024,,EPA 1633,,,0.75,3.13,,0,0.65,0,2.58,2.44,0,0,0,0,0,,0,0,0,,1.88,0,1.14,7.53,0,0,,,,,,,0,0,,0,0,0,0,0,0,0,0,0,0,0,0,0,0,0,,0,0,,,0
MaineDEP_Dump2026,KRK-SW-PFAS-2023-07-26,Surface Water,44.91011455,-68.91583091,2023,7/26/2023,,EPA 537.1,,,1.12,4.52,,0,0.895,0,2.57,2.39,0,0,0,0,0,,0,0,0,,2.83,0,1.26,7.6,0,0,,,,,,,0,0,,0,0,0,0,0,0,0,0,0,0,0,0,0,0,0,,0,0,,,0
MaineDEP_Dump2026,KAG-SW-PFAS-2022-06-29,Surface Water,44.3003904,-69.77656623,2022,6/29/2022,,EPA 537.1,,,2.04,2.56,,0,0.756,0,54.6,2.43,0,0,0,10.4,0,,0,0,0,,4.97,0,0.351,8.49,0,0,,,,,,,0,0,,0,0,0,0,0,0,0,0,0,0,0,0,0,0,0,,0,0,,,0
MaineDEP_Dump2026,KAG-SW-PFAS-2023-08-23,Surface Water,44.3003904,-69.77656623,2023,8/23/2023,,EPA 537.1,,,2.58,2.88,,1.3,1.32,0,1.45,2.46,0,0,0,3.52,0,,0,0,0,,1.66,0,0.539,2.19,0,0,,,,,,,0,0,,0,0,0,0,0,0,0,0,0,0,0,0.504,0,0,0,,0,0,,,0
MaineDEP_Dump2026,KFF-SW-PFAS-2022-07-20,Surface Water,44.61564954,-69.58464276,2022,7/20/2022,,EPA 537.1,,,1.09,1.28,,0,0,0,1.41,1.14,0,0,0,18.8,0,,0,0,0,,1.54,0,0,3.11,0,0,,,,,,,0,0,,0,0,0,0,0,0,0,0,0,0,0,0,0,0,0,,0,0,,,0
MaineDEP_Dump2026,KFF-SW-PFAS-2025-06-26,Surface Water,44.61564954,-69.58464276,2025,6/26/2025,,EPA 1633,,,1.06,1.16,,0,0.674,0,0.688,0.716,0,0,0,0,0,,0,0,0,,0,0,0,0,0,0,,,,,,,0,0,,0,0,0,0,0,0,0,0,0,0,0,0,0,0,0,,0,0,,,0
MaineDEP_Dump2026,KHK-DOWN-SW-PFAS-2021-11-10,Surface Water,44.68940515,-69.63252325,2021,11/10/2021,,EPA 537.1,,,0,0.62,,0,0,0,0.769,0.5,0,0,0,0,0,,0,0,0,,0,0,0,0,0,0,,,,,,,0,0,,0,0,0,0,0,0,0,0,0,0,0,0,0,0,0,,0,0,,,0
MaineDEP_Dump2026,KHK-DOWN-SW-PFAS-2022-07-20,Surface Water,44.68940515,-69.63252325,2022,7/20/2022,,EPA 537.1,,,1.15,0.421,,0,0,0,1.08,0.732,0,0,0,2.88,0,,0,0,0,,1.29,0,0.369,12.1,0,0,,,,,,,0,0,,0,0,0,0,0,0,0,0,0,0,0,0,0,0,0,,0,0,,,0
MaineDEP_Dump2026,KHK-UP-SW-PFAS-2021-11-10,Surface Water,44.70128215,-69.63306825,2021,11/10/2021,,EPA 537.1,,,0,0.528,,0,0,0,0.607,0.496,0,0,0,0,0,,0,0,0,,0,0,0,0,0,0,,,,,,,0,0,,0,0,0,0,0,0,0,0,0,0,0,0,0.543,0,0,,0,0,,,0
MaineDEP_Dump2026,KHK-UP-SW-PFAS-2023-08-17,Surface Water,44.70128215,-69.63306825,2023,8/17/2023,,EPA 537.1,,,0.496,0.594,,0,0,0,0.706,0.688,0,0,0,0,0,,0,0,0,,0.732,0,0.246,1.61,0,0,,,,,,,0,0,,0,0,0,0,0,0,0,0,0,0,0,0,0,0,0,,0,0,,,0
MaineDEP_Dump2026,KNW-SW-PFAS-2023-09-13,Surface Water,44.72245164,-69.7834956,2023,9/13/2023,,EPA 537.1,,,0.516,1.01,,0,0.48,0,0.912,0.798,0,0,0,0,0,,0,0,0,,0.934,0,0.363,1.92,0,0,,,,,,,0,0,,0,0,0,0,0,0,0,0,0,0,0,0,0,0,0,,0,0,,,0
MaineDEP_Dump2026,KNW-SW-PFAS-2024-07-22,Surface Water,44.72245164,-69.7834956,2024,7/22/2024,,EPA 1633,,,0,0.706,,0,0.303,0,1.07,0.702,0,0,0,0,0,,0,0,0,,1.39,0,0.512,1.49,0,0,,,,,,,0,0,,0,0,0,0,0,0,0,0,0,0,0,0,0,0,0,,0,0,,,0
MaineDEP_Dump2026,KRD-SW-PFAS-2023-08-31,Surface Water,44.12443219,-69.763201,2023,8/31/2023,,EPA 537.1,,,3.14,3.86,,0.558,1.66,0,2.04,2.71,0,0,0,0,0,,0,0,0,,2,0,0.52,2.61,0,0,,,,,,,0,0,,0,0,0,0,0,0,0,0,0,0,0,0,0,0,0,,0,0,,,0
MaineDEP_Dump2026,KSD-SW-PFAS-2024-07-24,Surface Water,44.43563282,-69.69816288,2024,7/24/2024,,EPA 1633,,,3.3,2.47,,0.504,0.916,0,1.63,2.14,0,0,0,0,0,,0,0,0,,1.7,0,0.601,2.25,0,0,,,,,,,0,0,,0,0,0,0,0,0,0,0,0,0,0,0,0,0,0,,0,0,,,0
MaineDEP_Dump2026,KSD-SW-PFAS-2025-06-13,Surface Water,44.43563282,-69.69816288,2025,6/13/2025,,EPA 1633,,,3.68,4.91,,0,1.91,0,1.98,2.88,0,0,0,0,0,,0,0,0,,1.6,0,0,0,0,0,,,,,,,0,0,,0,0,0,0,0,0,0,0,0,0,0,0,0,0,0,,0,0,,,0
MaineDEP_Dump2026,KSK-SW-PFAS-2022-07-01,Surface Water,44.76775645,-69.68006682,2022,7/1/2022,,EPA 537.1,,,0,0.51,,0,0,0,0.692,0.603,0,0,0,3.44,0,,0,0,0,,0.626,0,0,0.958,0,0,,,,,,,0,0,,0,0,0,0,0,0,0,0,0,0,0,0,0,0,0,,0,0,,,0
MaineDEP_Dump2026,KWV-SW-PFAS-2023-08-22,Surface Water,44.54454239,-69.62966646,2023,8/22/2023,,EPA 537.1,,,1.57,1.59,,0,0.735,0,1.07,1.43,0,0,0,0,0,,0,0,0,,1.24,0,0.284,1.72,0,0,,,,,,,0,0,,0,0,0,0,0,0,0,0,0,0,0,0,0,0,0,,0,0,,,0
MaineDEP_Dump2026,LK0097-SW-PFAS-2025-07-31,Surface Water,44.241169,-70.884805,2025,7/31/2025,,EPA 1633,,,0.63,0.622,,0,0,0,0,0,0,0,0,0,0,,0,0,0,,0,0,0,0,0,0,,,,,,,0,0,,0,0,0,0,0,0,0,0,0,0,0,0,0,0,0,,0,0,,,0
MaineDEP_Dump2026,KNB-SW-PFAS-2024-06-04,Surface Water,46.64438,-68.05033,2024,6/4/2024,,EPA 1633,,,7.96,9.7,,0,1.74,1.15,4.51,3.75,0,0,0,0,0,,0,0,0,,6.22,0,2.99,5.35,0,0,,,,,,,0,0,,0,0,0,0,0,0,0,0,0,0,0,0,0,0,0,,0,0,,,0
MaineDEP_Dump2026,LIB-SW-PFAS-2025-04-30,Surface Water,43.921455,-70.319954,2025,4/30/2025,,EPA 1633,,,9.66,7.57,,0,1.05,1.66,3.72,3.46,0,0,0,0,0,,0,0,0,,3.12,0,2.04,0,0,0,,,,,,,0,0,,0,0,0,0,0,0,0,0,0,0,0,0,0,0,0,,0,0,,,0
MaineDEP_Dump2026,LST-SW-PFAS-2022-08-03,Surface Water,46.904626,-67.810316,2022,8/3/2022,,EPA 537.1,,,12.8,3.11,,0,0.537,12.2,2.98,1.62,0,0,0,0,0,,0,0,0,,2.44,0.496,0.611,2.24,0,0,,,,,,,0,0,,0,0,0,0,0,0,0,0,0,0,0,0,0,0,0,,0,0,,,0
MaineDEP_Dump2026,LST2-SW-PFAS-2023-09-07,Surface Water,46.869873,-67.793953,2023,9/7/2023,,EPA 537.1,,,5.79,1.74,,0,0.781,4.49,1.53,1.15,0,0,0,0,0,,0,0,0,,1.64,0.279,0.392,2.93,0,0,,,,,,,0,0.298,,0,0,0,0,0,0,0,0,0,0,0,0,0,0,0,,0,0,,,0
MaineDEP_Dump2026,LMC-SW-PFAS-2022-08-03,Surface Water,46.86275,-67.943323,2022,8/3/2022,,EPA 537.1,,,1.92,1.12,,0,0.471,1.02,0.75,1.01,0,0,0,0,0,,0,0,0,,1.18,0,0.245,2.13,0,0,,,,,,,0,0,,0,0,0,0,0,0,0,0,0,0,0,0,0,0,0,,0,0,,,0
MaineDEP_Dump2026,LMC-SW-PFAS-2024-06-05,Surface Water,46.86275,-67.943323,2024,6/5/2024,,EPA 1633,,,4.5,1.08,,0,0.45,2.51,0.904,0.797,0,0,0,0,0,,0,0,0,,1.15,0,0.271,1.37,0,0,,,,,,,0,0,,0,0,0,0,0,0,0,0,0,0,0,0,0,0,0,,0,0,,,0
MaineDEP_Dump2026,LMU-SW-PFAS-2022-09-28,Surface Water,46.966329,-68.013501,2022,9/28/2022,,EPA 537.1,,,0,0.965,,0,0,0,0.466,0.858,0,0,0,0,0,,0,0,0,,0.774,0,0,2.27,0,0,,,,,,,0,0,,0,0,0,0,0,0,0,0,0,0,0,0,0,0,0,,0,0,,,0
MaineDEP_Dump2026,LK1682-SW-PFAS-2025-05-21,Surface Water,47.229076,-68.288352,2025,5/21/2025,,EPA 1633,,,1.32,1.05,,0,0.404,0,0.552,0.79,0,0,0,0,0,,0,0,0,,0,0,0,1.09,0,0,,,,,,,0,0,,0,0,0,0,0,0,0,0,0,0,0,0,0,0,0,,0,0,,,0
MaineDEP_Dump2026,LK1682-SW-PFAS-2025-06-10,Surface Water,47.229076,-68.288352,2025,6/10/2025,,EPA 1633,,,0.846,1.54,,0,0.623,0,0.571,0.972,0,0,0,0,0,,0,0,0,,1.36,0,0,0,0,0,,,,,,,0,0,,0,0,0,0,0,0,0,0,0,0,0,0,0,0,0,,0,0,,,0
MaineDEP_Dump2026,LK5780-SW-PFAS-2024-06-25,Surface Water,44.08276101,-70.68174557,2024,6/25/2024,,EPA 1633,,,1.5,1.34,,0,0,0,0.726,1.12,0,0,0,0,0,,0,0,0,,0.893,0,0.456,1.05,0,0,,,,,,,0,0,,0,0,0,0,0,0,0,0,0,0,0,0,0,0,0,,0,0,,,0
MaineDEP_Dump2026,LK5272-SW-PFAS-2024-06-07,Surface Water,44.51134,-69.911212,2024,6/11/2024,,EPA 1633,,,0.876,1.22,,0,0.598,0,0.715,0.872,0,0,0,0,0,,0,0,0,,0.718,0,0.271,1.07,0,0,,,,,,,0,0,,0,0,0,0,0,0,0,0,0,0,0,0,0,0,0,,0,0,,,0
MaineDEP_Dump2026,LK5176-SW-PFAS-2024-07-15,Surface Water,44.51985469,-69.46860716,2024,7/15/2024,,EPA 1633,,,8.28,54.2,,4.78,30.8,0,17.4,40.3,0,0,0,0,0,,0,0,0,,12.5,0,1.07,7.72,0,0,,,,,,,0,0,,0,0,0,0,0,0,0,0,0,0,0,0,0,0,0,,0,0,,,0
MaineDEP_Dump2026,LK5176-SW-PFAS-2025-06-10,Surface Water,44.51985469,-69.46860716,2025,6/10/2025,,EPA 1633,,,8.82,75,,5.2,31.9,0,21.9,60.1,0,0,0,0,0,,0,0,0,,18.3,0,1.36,8.81,0,0,,,,,,,0,0,,0,0,0,0,0,0,0,0,0,0,0,0,0,0,0,,0,0,,,0
MaineDEP_Dump2026,LK5312-SW-PFAS-2024-05-23,Surface Water,44.32349326,-69.96341739,2024,5/23/2024,,EPA 1633,,,0.804,0.995,,0,0,0,0.499,0.807,0,0,0,0,0,,0,0,0,,0.609,0,0,0.655,0,0,,,,,,,0,0,,0,0,0,0,0,0,0,0,0,0,0,0,0,0,0,,0,0,,,0
MaineDEP_Dump2026,MAB0-SW-PFAS-2024-08-28,Surface Water,43.898372,-69.96253832,2024,8/28/2024,,EPA 1633,,,2.84,11.2,,0,0.935,1.33,6.58,3.87,0,0,0,0,0,,0,0,0,,4.4,0,3.96,3.23,0,0,,,,,,,0,0,,0,0,0,0,0,0,0,0,0,0,0,0,0,0,0,,0,0,,,0
MaineDEP_Dump2026,MAB0-SW-PFAS-2024-09-17,Surface Water,43.898372,-69.96253832,2024,9/17/2024,,EPA 1633,,,4.23,12.3,,0,0.837,1.31,7.04,4.32,0,0,0,0,0,,0,0,0,,5.24,0,4,3.64,0,0,,,,,,,0,0,,0,0,0,0,0,0,0,0,0,0,0,0,0,0,0,,0,0,,,0
MaineDEP_Dump2026,MAB2-SW-2024-09-05,Surface Water,43.881221,-69.922797,2024,9/5/2024,,EPA 1633,,,6480,273,,0,0,1440,379,78,117,0,0,1220,0,,0,0,0,,152,396,416,88.8,0,0,,,,,,,0,0,,0,0,0,0,0,0,0,0,0,0,0,0,0,0,0,,0,0,,,0
MaineDEP_Dump2026,MAB2-SW-PFAS-2024-09-17,Surface Water,43.881221,-69.922797,2024,9/17/2024,,EPA 1633,,,6960,284,,0,0,1190,405,79.6,113,0,0,1940,0,,0,0,0,,178,333,343,90.4,0,0,,,,,,,0,0,,0,0,0,0,0,0,0,0,0,0,0,0,0,0,0,,0,0,,,0
MaineDEP_Dump2026,MAB2-SW-PFAS-2025-07-30,Surface Water,43.881221,-69.922797,2025,7/30/2025,,EPA 1633,,,201,46.9,,0.659,2.26,67.5,31.2,10.7,4.89,0,0,43.6,0,,0,0,0,,29.6,10.8,11.3,9.36,0,0,,,,,,,0,0,,0,0,0,0,0,0,0,0,0,0,0,0,1.15,0,0,,0,0,,,0
MaineDEP_Dump2026,LK2226-SW-2023,Surface Water,45.361508,-68.500972,2023,7/13/2023,,EPA 537.1,,,0,0.507,,0,0.324,0,0.331,0.623,0,0,0,0,0,,0,0,0,,0.503,0,0,0.905,0,0,,,,,,,0,0,,0,0,0,0,0,0,0,0,0,0,0,0,0,0,0,,0,0,,,0
MaineDEP_Dump2026,LK5348-SW-PFAS-2022-05-24,Surface Water,44.56620012,-69.76166629,2022,5/24/2022,,EPA 537.1,,,2.01,3.5,,0,0.738,0.521,1.98,2.44,0,0,0,0,0,,0,0,0,,1.81,0,0.646,1.54,0,0,,,,,,,0,0,,0,0,0,0,0,0,0,0,0,0,0,0,0,0,0,,0,0,,,0
MaineDEP_Dump2026,LK5348-SW-PFAS-2023-07-18,Surface Water,44.56620012,-69.76166629,2023,7/18/2023,,EPA 537.1,,,2.28,4.25,,0,1.09,0.498,1.92,2.5,0,0,0,0,0,,0,0,0,,1.55,0,0.549,1.79,0,0,,,,,,,0,0,,0,0,0,0,0,0,0,0,0,0,0,0,0,0,0,,0,0,,,0
MaineDEP_Dump2026,MXB-SW-PFAS-2023-06-13,Surface Water,46.128695,-67.847167,2023,6/13/2023,,EPA 537.1,,,0,0.347,,0,0,0,0,0.364,0,0,0,0,0,,0,0,0,,0,0,0,0.76,0,0,,,,,,,0,0,,0,0,0,0,0,0,0,0,0,0,0,0,0,0,0,,0,0,,,0
MaineDEP_Dump2026,MXN-SW-PFAS-2022-06-02,Surface Water,46.095556,-67.993302,2022,6/2/2022,,EPA 537.1,,,0,0,,0,0,0,0,0.325,0,0,0,0,0,,0,0,0,,0.375,0,0,0.447,0,0,,,,,,,0,0,,0,0,0,0,0,0,0,0,0,0,0,0,0,0,0,,0,0,,,0
MaineDEP_Dump2026,MXN-SW-PFAS-2023-06-09,Surface Water,46.095556,-67.993302,2023,6/9/2023,,EPA 537.1,,,0,0.298,,0,0,0,0,0.334,0,0,0,0,0,,0,0,0,,0,0,0,0.485,0,0,,,,,,,0,0,,0,0,0,0,0,0,0,0,0,0,0,0,0,0,0,,0,0,,,0
MaineDEP_Dump2026,MXW-SW-PFAS-2022-08-02,Surface Water,46.1816703,-67.80406566,2022,8/2/2022,,EPA 537.1,,,1.14,0.977,,0,0.413,0.671,1.16,1.26,0,0,0,1.25,0,,0,0,0,,1.76,0,0.534,3.5,0,0,,,,,,,0,0,,0,0,0,0,0,0,0,0,0,0,0,0,0,0,0,,0,0,,,0
MaineDEP_Dump2026,MXW-SW-PFAS-2024-05-31,Surface Water,46.1816703,-67.80406566,2024,5/31/2024,,EPA 1633,,,0.446,0.573,,0,0.3,0,0.47,0.525,0,0,0,0,0,,0,0,0,,0.846,0,0.238,1.55,0,0,,,,,,,0,0,,0,0,0,0,0,0,0,0,0,0,0,0,0,0,0,,0,0,,,0
MaineDEP_Dump2026,MXW-SW-PFAS-2025-06-10,Surface Water,46.1816703,-67.80406566,2025,6/10/2025,,EPA 1633,,,0.834,0.524,,0,0,0,0.531,0,0,0,0,0,0,,0,0,0,,0,0,0,0,0,0,,,,,,,0,0,,0,0,0,0,0,0,0,0,0,0,0,0,0,0,0,,0,0,,,0
MaineDEP_Dump2026,MEB-SW-2024-09-05,Surface Water,43.8851822,-69.921077,2024,9/5/2024,,EPA 1633,,,39300,1560,,0,0,8210,1990,440,676,0,0,7360,0,,0,0,0,,816,2230,2460,484,0,0,,,,,,,0,0,,0,0,0,0,0,0,0,0,0,0,0,0,0,0,0,,0,0,,,0
MaineDEP_Dump2026,MEB-SW-PFAS-2024-09-17,Surface Water,43.8851822,-69.921077,2024,9/17/2024,,EPA 1633,,,17400,657,,0,0,2510,882,176,269,0,0,4390,0,,0,0,0,,407,678,760,0,0,0,,,,,,,0,0,,0,0,0,0,0,0,0,0,0,0,0,0,0,0,0,,0,0,,,0
MaineDEP_Dump2026,MEB-SW-PFAS-2025-07-30,Surface Water,43.8851822,-69.921077,2025,7/30/2025,,EPA 1633,,,0,144,,2.19,6.38,228,98.3,27.9,17,0,0,162,4.84,,0,14.3,0,,91,39.6,34,27.4,0,0,,,,,,,0,0,,0,0,0,0,0,0,0,0,0,0,0,0,4.27,0,0,,0,0,,,0
MaineDEP_Dump2026,MEB-SW-PFAS-2025-07-30-D,Surface Water,43.8851822,-69.921077,2025,7/30/2025,,EPA 1633,,,674,0,,0,0,0,0,0,0,0,0,0,0,,0,0,0,,0,0,0,0,0,0,,,,,,,0,0,,0,0,0,0,0,0,0,0,0,0,0,0,0,0,0,,0,0,,,0
MaineDEP_Dump2026,LK5280-SW-PFAS-2025-05-14,Surface Water,44.49107195,-69.78076524,2025,5/14/2025,,EPA 1633,,,1.38,2.14,,0,0.854,0,0.738,1.06,0,0,0,0,0,,0,0,0,,0,0,0,0,0,0,,,,,,,0,0,,0,0,0,0,0,0,0,0,0,0,0,0,0,0,0,,0,0,,,0
MaineDEP_Dump2026,MWV3-SW-PFAS-2024-08-05,Surface Water,44.542191,-69.646561,2024,8/5/2024,,EPA 1633,,,37.5,24,,4.85,9.47,0.472,9.12,19.5,0,0,0,0,1.17,,0,0,0,,7.36,0,1.02,4.15,0,0,,,,,,,0,0.331,,0,0,0,0,0,0,0,0,0,0,0,0,0,0,0,,0,0,,,0
MaineDEP_Dump2026,LK3762-SW-PFAS-2025-05-15,Surface Water,44.036678,-70.373048,2025,5/15/2025,,EPA 1633,,,1.82,0,,0,0,0,0.517,0.635,0,0,0,0,0,,0,0,0,,0,0,0.561,0,0,0,,,,,,,0,0,,0,0,0,0,0,0,0,0,0,0,0,0,0,0,0,,0,0,,,0
MaineDEP_Dump2026,MOO-SW-PFAS-2022-05-25,Surface Water,45.520165,-70.295664,2022,5/25/2022,,EPA 537.1,,,0.517,0.342,,0,0,0,0,0.493,0,0,0,0,0,,0,0,0,,0.738,0,0,2.47,0,0,,,,,,,0,0,,0,0,0,0,0,0,0,0,0,0,0,0,0,0,0,,0,0,,,0
MaineDEP_Dump2026,LK3302-SW-PFAS-2025-05-20,Surface Water,44.962534,-70.794699,2025,5/20/2025,,EPA 1633,,,0,0,,0,0,0,0,0.615,0,0,0,0,0,,0,0,0,,0,0,0,0,0,0,,,,,,,0,0,,0,0,0,0,0,0,0,0,0,0,0,0,0,0,0,,0,0,,,0
MaineDEP_Dump2026,NPM1-SW-2023,Surface Water,46.690826,-68.116479,2023,9/7/2023,,EPA 537.1,,,0,1.23,,0,0.605,0,0.693,0.857,0,0,0,0,0,,0,0,0,,1.04,0,0,4.06,0,0,,,,,,,0,0,,0,0,0,0,0,0,0,0,0,0,0,0,0,0,0,,0,0,,,0
MaineDEP_Dump2026,NPM1-SW-PFAS-2024-06-03,Surface Water,46.690826,-68.116479,2024,6/3/2024,,EPA 1633,,,1.26,0.771,,0,0.509,0,0.436,0.607,0,0,0,0,0,,0,0,0,,0.55,0,0.247,2.52,0,0,,,,,,,0,0,,0,0,0,0,0,0,0,0,0,0,0,0,0,0,0,,0,0,,,0
MaineDEP_Dump2026,NPM2-SW-2023,Surface Water,46.68790272,-68.14282467,2023,9/7/2023,,EPA 537.1,,,4.44,1.75,,0,0.782,1.9,1.97,1.43,0,0,0,0,0,,0,0,0,,3.28,0.259,0.619,5.89,0,0,,,,,,,0,0,,0,0,0,0,0,0,0,0,0,0,0,0,0,0,0,,0,0,,,0
MaineDEP_Dump2026,NPM2-SW-PFAS-2024-06-03,Surface Water,46.68790272,-68.14282467,2024,6/3/2024,,EPA 1633,,,1.28,0.898,,0,0.653,0,0.408,0.631,0,0,0,0,0,,0,0,0,,0.69,0,0,2.66,0,0,,,,,,,0,0,,0,0,0,0,0,0,0,0,0,0,0,0,0,0,0,,0,0,,,0
MaineDEP_Dump2026,LK5344-SW-PFAS-2023-07-20,Surface Water,44.62965813,-69.83640732,2023,7/20/2023,,EPA 537.1,,,0.923,1.5,,0.343,0.566,0,0.913,1.16,0,0,0,0,0,,0,0,0,,1.52,0,0.301,5.29,0,0,,,,,,,0,0,,0,0,0,0,0,0,0,0,0,0,0,0,0,0,0,,0,0,,,0
MaineDEP_Dump2026,LK3848-SW-PFAS-2022-08-01,Surface Water,43.44602489,-70.77855956,2022,8/1/2022,,EPA 537.1,,,1.94,1.2,,0,0.299,0.901,0.811,0.71,0,0,0,0,0,,0,0,0,,1.26,0,0.472,0.638,0,0,,,,,,,0,0,,0,0,0,0,0,0,0,0,0,0,0,0,0,0,0,,0,0,,,0
MaineDEP_Dump2026,PRB-SW-PFAS-2023-06-23,Surface Water,46.124759,-67.844963,2023,6/23/2023,,EPA 537.1,,,0.819,0.45,,0,0,0.938,0.512,0.457,0,0,0,0,0,,0,0,0,,0.662,0,0.349,1.3,0,0,,,,,,,0,0,,0,0,0,0,0,0,0,0,0,0,0,0,0,0,0,,0,0,,,0
MaineDEP_Dump2026,PRB-SW-PFAS-2024-05-31,Surface Water,46.124759,-67.844963,2024,5/31/2024,,EPA 1633,,,1.32,0.747,,0,0,0.841,0.695,0.729,0,0,0,0,0,,0,0,0,,0.781,0,0.477,2.1,0,0,,,,,,,0,0,,0,0,0,0,0,0,0,0,0,0,0,0,0,0,0,,0,0,,,0
MaineDEP_Dump2026,LK3434-SW-PFAS-2025-06-04,Surface Water,44.23028328,-70.58293331,2025,6/4/2025,,EPA 1633,,,0.707,0.993,,0,0,0,0,0.596,0,0,0,0,0,,0,0,0,,0,0,0,0,0,0,,,,,,,0,0,,0,0,0,0,0,0,0,0,0,0,0,0,0,0,0,,0,0,,,0
MaineDEP_Dump2026,PBO-SW-PFAS-2025-06-16,Surface Water,44.70935976,-68.84047683,2025,6/16/2025,,EPA 1633,,,0.824,0.661,,0,0,0,0.639,0.52,0,0,0,0,0,,0,0,0,,0,0,0,0,0,0,,,,,,,0,0,,0,0,0,0,0,0,0,0,0,0,0,0,0,0,0,,0,0,,,0
MaineDEP_Dump2026,PBV-SW-PFAS-2022-09-01,Surface Water,44.84136401,-68.69887902,2022,9/1/2022,,EPA 537.1,,,0,0.475,,0,0.309,0,0.342,0.545,0,0,0,0,0,,0,0,0,,0,0,0,1.01,0,0,,,,,,,0,0,,0,0,0,0,0,0,0,0,0,0,0,0,0,0,0,,0,0,,,0
MaineDEP_Dump2026,PBW-SW-PFAS-2022-09-01,Surface Water,45.57587637,-68.42891679,2022,9/1/2022,,EPA 537.1,,,0,0.412,,0,0.337,0,0.345,0.495,0,0,0,0,0,,0,0,0,,0.592,0,0,0.892,0,0,,,,,,,0,0,,0,0,0,0,0,0,0,0,0,0,0,0,0,0,0,,0,0,,,0
MaineDEP_Dump2026,PQF-SW-PFAS-2025-06-22,Surface Water,45.181434,-69.231121,2025,6/22/2025,,EPA 1633,,,0.768,1.22,,0,0.602,0,0,0.99,0,0,0,0,0,,0,0,0,,0,0,0,0,0,0,,,,,,,0,0,,0,0,0,0,0,0,0,0,0,0,0,0,0,0,0,,0,0,,,0
MaineDEP_Dump2026,PQU-SW-PFAS-2022-06-01,Surface Water,45.203909,-69.465219,2022,6/1/2022,,EPA 537.1,,,0,0.344,,0,0,0,0,0.344,0,0,0,0,0,,0,0,0,,0,0,0,0.379,0,0,,,,,,,0,0,,0,0,0,0,0,0,0,0,0,0,0,0,0,0,0,,0,0,,,0
MaineDEP_Dump2026,PIS-SW-PFAS-2024-06-04,Surface Water,46.691734,-68.013267,2024,6/4/2024,,EPA 1633,,,5.94,0.988,,0,0.613,0.88,0.733,0.768,0,0,0,0,0,,0,0,0,,1.04,0,0.291,2.73,0,0,,,,,,,0,0,,0,0,0,0,0,0,0,0,0,0,0,0,0,0,0,,0,0,,,0
MaineDEP_Dump2026,PMH-SW-PFAS-2022-05-25,Surface Water,46.49616882,-67.84547453,2022,5/25/2022,,EPA 537.1,,,0.657,0,,0,0,0,0.282,0.478,0,0,0,0,0,,0,0,0,,0.822,0,0,0.794,0,0,,,,,,,0,0,,0,0,0,0,0,0,0,0,0,0,0,0,0,0,0,,0,0,,,0
MaineDEP_Dump2026,PMH-SW-PFAS-2022-08-02,Surface Water,46.49616882,-67.84547453,2022,8/2/2022,,EPA 537.1,,,0.886,0.799,,0,0,0.496,0.606,0.965,0,0,0,0,0,,0,0,0,,0.848,0,0.299,2.14,0,0,,,,,,,0,0,,0,0,0,0,0,0,0,0,0,0,0,0,0,0,0,,0,0,,,0
MaineDEP_Dump2026,PMH-SW-PFAS-2023-06-06,Surface Water,46.49616882,-67.84547453,2023,6/6/2023,,EPA 537.1,,,0,0.604,,0,0,0,0.366,0.496,0,0,0,0,0,,0,0,0,,0.415,0,0,0.942,0,0,,,,,,,0,0,,0,0,0,0,0,0,0,0,0,0,0,0,0,0,0,,0,0,,,0
MaineDEP_Dump2026,PTW-SW-PFAS-2022-05-24,Surface Water,46.54518299,-67.9072168,2022,5/24/2022,,EPA 537.1,,,0.566,0.309,,0,0,0,0.319,0.532,0,0,0,0,0,,0,0,0,,1,0,0,0.806,0,0,,,,,,,0,0,,0,0,0,0,0,0,0,0,0,0,0,0,0,0,0,,0,0,,,0
MaineDEP_Dump2026,PRG-SW-PFAS-2024-07-17,Surface Water,43.716523,-70.409304,2024,7/17/2024,,EPA 1633,,,2.74,1.66,,0,0.461,0,1.2,1.02,0,0,0,0,0,,0,0,0,,0.842,0,0.68,0.939,0,0,,,,,,,0,0,,0,0,0,0,0,0,0,0,0,0,0,0,0,0,0,,0,0,,,0
MaineDEP_Dump2026,PWB-SW-PFAS-2022-08-02,Surface Water,43.70413308,-70.32395393,2022,8/2/2022,,EPA 537.1,,,2.03,1.89,,0,0.663,0,0.973,1.01,0,0,0,0,0,,0,0,0,,1.07,0,0.344,0.614,0,0,,,,,,,0,0,,0,0,0,0,0,0,0,0,0,0,0,0,0,0,0,,0,0,,,0
MaineDEP_Dump2026,PWD-SW-PFAS-2023-08-09,Surface Water,43.78656168,-70.4546924,2023,8/9/2023,,EPA 537.1,,,1.19,1.1,,0,0.359,0,0.641,0.764,0,0,0,0,0,,0,0,0,,0.627,0,0,1.09,0,0,,,,,,,0,0,,0,0,0,0,0,0,0,0,0,0,0,0,0,0,0,,0,0,,,0
MaineDEP_Dump2026,LK0080-SW-PFAS-2023-07-12,Surface Water,44.97162322,-68.829196,2023,7/12/2023,,EPA 537.1,,,0.827,5.13,,0,0.426,0.346,2.94,2.77,0,0,0,0,0,,0,0,0,,1.97,0,1.1,4.62,0,0,,,,,,,0,0,,0,0,0,0,0,0,0,0,0,0,0,0,0,0,0,,0,0,,,0
MaineDEP_Dump2026,PSH-SW-PFAS-2025-06-25,Surface Water,44.948285,-68.704441,2025,6/25/2025,,EPA 1633,,,1,4.61,,0,0.844,0,1.62,1.97,0,0,0,0,0,,0,0,0,,1.91,0,1,2.28,0,0,,,,,,,0,0,,0,0,0,0,0,0,0,0,0,0,0,0,0,0,0,,0,0,,,0
MaineDEP_Dump2026,QBU-SW-PFAS-2024-05-20,Surface Water,44.171375,-69.233528,2024,5/21/2024,,EPA 1633,,,0.52,0.796,,0,0,0,0.475,0.475,0,0,0,0,0,,0,0,0,,0,0,0,0.886,0,0,,,,,,,0,0,,0,0,0,0,0,0,0,0,0,0,0,0,0,0,0,,0,0,,,0
MaineDEP_Dump2026,LK3300-SW-PFAS-2025-05-20,Surface Water,44.94679266,-70.65651179,2025,5/20/2025,,EPA 1633,,,0.661,0.721,,0,0,0,0,0.661,0,0,0,0,0,,0,0,0,,0,0,0,0,0,0,,,,,,,0,0,,0,0,0,0,0,0,0,0,0,0,0,0,0,0,0,,0,0,,,0
MaineDEP_Dump2026,ROR-SW-PFAS-2025-07-09,Surface Water,43.807316,-70.191691,2025,7/9/2025,,EPA 1633,,,2.93,3.78,,0,0.711,0.821,1.96,1.58,0,0,0,0,0,,0,0,0,,1.63,0,1.33,0,0,0,,,,,,,0,0,,0,0,0,0,0,0,0,0,0,0,0,0,0,0,0,,0,0,,,0
MaineDEP_Dump2026,LK3796-SW-PFAS-2023-06-08,Surface Water,44.15569904,-70.10253938,2023,6/8/2023,,EPA 537.1,,,0.84,1.07,,0,0,0,0.686,0.504,0,0,0,0,0,,0,0,0,,0.651,0,0.388,1.16,0,0,,,,,,,0,0,,0,0,0,0,0,0,0,0,0,0,0,0,0,0,0,,0,0,,,0
MaineDEP_Dump2026,SAB-SW-PFAS-2024-07-23,Surface Water,43.511024,-70.515784,2024,7/23/2024,,EPA 1633,,,0.563,0.738,,0,0,0,0.606,0.516,0,0,0,0,0,,0,0,0,,0.713,0,0.308,0.656,0,0,,,,,,,0,0,,0,0,0,0,0,0,0,0,0,0,0,0,0,0,0,,0,0,,,0
MaineDEP_Dump2026,SCW-SW-PFAS-2022-09-07,Surface Water,45.26764865,-67.47794585,2022,9/7/2022,,EPA 537.1,,,0,0.506,,0,0.42,0,0.364,0.694,0,0,0,0,0,,0,0,0,,0.574,0,0,1.5,0,0,,,,,,,0,0,,0,0,0,0,0,0,0,0,0,0,0,0,0,0,0,,0,0,,,0
MaineDEP_Dump2026,SFS-SW-PFAS-2022-08-02,Surface Water,43.24336158,-70.82889905,2022,8/2/2022,,EPA 537.1,,,3.1,3.21,,0,0.719,0.815,1.67,1.34,0,0,0,0,0,,0,0,0,,1.96,0,1.55,1.47,0,0,,,,,,,0,0,,0,0,0,0,0,0,0,0,0,0,0,0,0,0,0,,0,0,,,0
MaineDEP_Dump2026,LK5352-SW-PFAS-2023-07-18,Surface Water,44.52753725,-69.77964846,2023,7/18/2023,,EPA 537.1,,,1.6,3.24,,0.384,0.886,0.359,1.71,2.1,0,0,0,0,0,,0,0,0,,1.54,0,0.612,1.47,0,0,,,,,,,0,0,,0,0,0,0,0,0,0,0,0,0,0,0,0,0,0,,0,0,,,0
MaineDEP_Dump2026,LK5174-SW-PFAS-2025-07-22,Surface Water,44.51689027,-69.30437099,2025,7/22/2025,,EPA 1633,,,1.86,3.06,,0,0.792,0,1.16,1.26,0,0,0,0,0,,0,0,0,,0,0,0.747,0,0,0,,,,,,,0,0,,0,0,0,0,0,0,0,0,0,0,0,0,0,0,0,,0,0,,,0
MaineDEP_Dump2026,SRM-SW-PFAS-2022-05-19,Surface Water,44.858203,-70.516187,2022,5/19/2022,,EPA 537.1,,,0,0,,0,0,0,0,0,0,0,0,0,0,,0,0,0,,0,0,0,0,0,0,,,,,,,0,0,,0,0,0,0,0,0,0,0,0,0,0,0,0,0,0,,0,0,,,0
MaineDEP_Dump2026,SSU-SW-PFAS-2023-09-12,Surface Water,44.61383,-69.354799,2023,9/12/2023,,EPA 537.1,,,27.3,33.5,,0.751,6.53,0.623,13,20.1,0,0,0,0,0,,0,0,0,,8.74,0,2.6,7.19,0,0,,,,,,,0,0,,0,0,0,0,0,0,0,0,0,0,0,0,0,0,0,,0,0,,,0
MaineDEP_Dump2026,SSU1-SW-PFAS-2024-08-12,Surface Water,44.587053,-69.298552,2024,8/12/2024,,EPA 1633,,,54.3,31.6,,1.56,9.78,0.398,8.06,14.7,0,0,0,0,0,,0,0,0,,5.33,0,1.33,4.51,0,0,,,,,,,0,0,,0,0,0,0,0,0,0,0,0,0,0,0,0,0,0,,0,0,,,0
MaineDEP_Dump2026,SSU2-SW-PFAS-2025-05-13,Surface Water,44.576333,-69.29652,2025,5/13/2025,,EPA 1633,,,44.4,23.9,,0.922,8.97,0,5.77,12.1,0,0,0,0,0,,0,0,0,,0,0,0.62,2.35,0,0,,,,,,,0,0,,0,0,0,0,0,0,0,0,0,0,0,0,0,0,0,,0,0,,,0
MaineDEP_Dump2026,LK3714-SW-PFAS-2025-05-27,Surface Water,43.87212511,-70.41866855,2025,5/27/2025,,EPA 1633,,,0.755,1.33,,0,0,0,0,0.74,0,0,0,0,0,,0,0,0,,0,0,0.53,0,0,0,,,,,,,0,0,,0,0,0,0,0,0,0,0,0,0,0,0,0,0,0,,0,0,,,0
MaineDEP_Dump2026,LK5786-SW-PFAS-2024-06-17,Surface Water,43.86610497,-70.57790552,2024,6/17/2024,,EPA 1633,,,2.93,1.62,,0.713,0.702,0,0.557,0.836,0,0,0,2.29,0,,0,0,0,,0.602,0,0,0.743,0,0,,,,,,,0,0,,0,0,0,0,2.77,0,0,0,0,0,0,0,0,0,0,,0,0,,,0
MaineDEP_Dump2026,LK5786-SW-PFAS-2025-09-26,Surface Water,43.86610497,-70.57790552,2025,9/26/2025,,EPA 1633,,,1.4,1.57,,0,0.693,0.396,0.58,0.947,0,0,0,0,0,,0,0,0,,0.566,0,0,0,0,0,,,,,,,0,0,,0,0,0,0,0,0,0,0,0,0,0,0,0,0,0,,0,0,,,0
MaineDEP_Dump2026,LK2264-SW-PFAS-2023-08-09,Surface Water,44.85468356,-69.2487629,2023,8/9/2023,,EPA 537.1,,,0.972,4.06,,0,0.5,0,1.72,1.92,0,0,0,0,0,,0,0,0,,1.41,0,0.668,2.62,0,0,,,,,,,0,0,,0,0,0,0,0,0,0,0,0,0,0,0,0,0,0,,0,0,,,0
MaineDEP_Dump2026,LK2264-SW-PFAS-2024-06-13,Surface Water,44.85468356,-69.2487629,2024,6/11/2024,,EPA 1633,,,1.03,3.73,,0,0.605,0,1.39,1.65,0,0,0,0,0,,0,0,0,,1.26,0,0.405,1.93,0,0,,,,,,,0,0,,0,0,0,0,0,0,0,0,0,0,0,0,0,0,0,,0,0,,,0
MaineDEP_Dump2026,S15-SW-PFAS-2024-08-29,Surface Water,44.627928,-69.473636,2024,8/29/2024,,EPA 1633,,,5.63,8.31,,0.484,3.08,0,3.41,5.25,0,0,0,0,0,,0,0,0,,2.67,0,1.04,3.51,0,0,,,,,,,0,0,,0,0,0,0,0,0,0,0,0,0,0,0,0,0,0,,0,0,,,0
MaineDEP_Dump2026,S15-SW-PFAS-2025-07-17,Surface Water,44.627928,-69.473636,2025,7/17/2025,,EPA 1633,,,4.21,7.8,,0,1.65,0.813,2.97,3.56,0,0,0,0,0,,0,0,0,,2.82,0,2.18,2.33,0,0,,,,,,,0,0,,0,0,0,0,0,0,0,0,0,0,0,0,0,0,0,,0,0,,,0
MaineDEP_Dump2026,S25-SW-PFAS-2024-08-29,Surface Water,44.693454,-69.423762,2024,8/29/2024,,EPA 1633,,,1.7,4.42,,0,1.12,0,2.02,2.4,0,0,0,0,0,,0,0,0,,1.65,0,1.05,2.9,0,0,,,,,,,0,0,,0,0,0,0,0,0,0,0,0,0,0,0,0,0,0,,0,0,,,0
MaineDEP_Dump2026,S25-SW-PFAS-2025-07-01,Surface Water,44.693454,-69.423762,2025,7/1/2025,,EPA 1633,,,1.54,4.56,,0,1.11,0,1.74,2.22,0,0,0,0,0,,0,0,0,,1.21,0,1.37,2.38,0,0,,,,,,,0,0,,0,0,0,0,0,0,0,0,0,0,0,0,0,0,0,,0,0,,,0
MaineDEP_Dump2026,SBW-SW-PFAS-2025-06-30,Surface Water,44.538768,-69.616922,2025,6/30/2025,,EPA 1633,,,9.56,16.1,,1.47,6.4,0.485,5.37,9.17,0,0,0,0,0,,0,0,0,,4.06,0,0.897,3.99,0,0,,,,,,,0,0,,0,0,0,0,0,0,0,0,0,0,0,0,0,0,0,,0,0,,,0
MaineDEP_Dump2026,SEB-SW-PFAS-2022-08-11,Surface Water,44.750233,-69.343592,2022,8/11/2022,,EPA 537.1,,,6.41,3.06,,0,0.583,0.511,1.5,1.57,0,0,0,19.7,0,,0,0,0,,1.34,0,1.81,1.51,0,0,,,,,,,0,0,,0,0,0,0,0,0,0,0,0,0,0,0,0,0,0,,0,0,,,0
MaineDEP_Dump2026,SEM-SW-PFAS-2024-08-29,Surface Water,44.623039,-69.480508,2024,8/29/2024,,EPA 1633,,,10.6,12.4,,1.12,5.18,0,4.47,7.81,0,0,0,0,0,,0,0,0,,3.81,0,1.05,3.96,0,0,,,,,,,0,0,,0,0,0,0,0,0,0,0,0,0,0,0,0,0,0,,0,0,,,0
MaineDEP_Dump2026,SEM-SW-PFAS-2025-07-17,Surface Water,44.623039,-69.480508,2025,7/17/2025,,EPA 1633,,,5.41,9.08,,0.507,2.47,0.654,3.28,4.87,0,0,0,0,0,,0,0,0,,2.85,0,2,2.8,0,0,,,,,,,0,0,,0,0,0,0,0,0,0,0,0,0,0,0,0,0,0,,0,0,,,0
MaineDEP_Dump2026,SRB-SW-PFAS-2025-07-01,Surface Water,44.689387,-69.428525,2025,7/1/2025,,EPA 1633,,,5.38,9.75,,0,2.63,0.61,3.52,5.01,0,0,0,0,0,,0,0,0,,2.37,0,1.59,3.42,0,0,,,,,,,0,0,,0,0,0,0,0,0,0,0,0,0,0,0,0,0,0,,0,0,,,0
MaineDEP_Dump2026,LK5686-SW-PFAS-2024-09-03,Surface Water,44.203068,-69.275539,2024,9/3/2024,,EPA 1633,,,0.759,0.954,,0,0.38,0,0.636,0.708,0,0,0,0,0,,0,0,0,,0.524,0,0,0.524,0,0,,,,,,,0,0,,0,0,0,0,0,0,0,0,0,0,0,0,0,0,0,,0,0,,,0
MaineDEP_Dump2026,LK4896-SW-PFAS-2025-05-14,Surface Water,44.36136183,-69.43276707,2025,5/14/2025,,EPA 1633,,,0.855,0,,0,0.925,0,0.714,1.47,0,0,0,0,0,,0,0,0,,0,0,0,0,0,0,,,,,,,0,0,,0,0,0,0,0,0,0,0,0,0,0,0,0,0,0,,0,0,,,0
MaineDEP_Dump2026,LK5540-SW-2023,Surface Water,44.601446,-68.793768,2023,7/24/2023,,EPA 537.1,,,0,0.795,,0,0.381,0,0.477,0.858,0,0,0,0,0,,0,0,0,,0.664,0,0.237,1.21,0,0,,,,,,,0,0,,0,1.73,0,0,1.55,0,0,0.318,0,0,0.3,0,0,0,0,,0,0,,,0
MaineDEP_Dump2026,SMI-SW-PFAS-2022-06-17,Surface Water,46.174884,-67.803029,2022,6/17/2022,,EPA 537.1,,,0,0.29,,0,0,0,0,0.28,0,0,0,0,0,,0,0,0,,0.602,0,0,0.626,0,0,,,,,,,0,0,,0,0,0,0,0,0,0,0,0,0,0,0,0,0,0,,0,0,,,0
MaineDEP_Dump2026,SMI-SW-PFAS-2022-08-02,Surface Water,46.174884,-67.803029,2022,8/2/2022,,EPA 537.1,,,0.652,0.625,,0,0,0,0.476,0.779,0,0,0,1.25,0,,0,0,0,,1,0,0.281,2.48,0,0,,,,,,,0,0,,0,0,0,0,0,0,0,0,0,0,0,0,0,0,0,,0,0,,,0
MaineDEP_Dump2026,LK9971-SW-PFAS-2025-07-23,Surface Water,44.39429,-69.350289,2025,7/23/2025,,EPA 1633,,,0.719,1.08,,0,0.492,0,0.602,0.793,0,0,0,0,0,,0,0,0,,0,0,0,0,0,0,,,,,,,0,0,,0,0,0,0,0,0,0,0,0,0,0,0,0,0,0,,0,0,,,0
MaineDEP_Dump2026,SJA-SW-PFAS-2022-07-26,Surface Water,47.089169,-69.023756,2022,7/26/2022,,EPA 537.1,,,0,1.01,,0,0.443,0,0.62,1.02,0,0,0,0,0,,0,0,0,,1.23,0,0,1.14,0,0,,,,,,,0,0,,0,0.628,0,0,0,0,0,0,0,0,0,0,0,0,0,,0,0,,,0
MaineDEP_Dump2026,SJF-SW-PFAS-2022-07-27,Surface Water,47.303266,-68.384798,2022,7/27/2022,,EPA 537.1,,,0,0.302,,0,0,0,0,0.228,0,0,0,0,0,,0,0,0,,0.67,0,0,0,0,0,,,,,,,0,0,,0,0.614,0,0,0,0,0,0.228,0,0,0,0,0,0,0,,0,0,,,0
MaineDEP_Dump2026,SJG-SW-PFAS-2022-07-26,Surface Water,47.308636,-68.152163,2022,7/26/2022,,EPA 537.1,,,0.484,1.4,,0,0.56,0,1,1.36,0,0,0,0,0,,0,0,0,,1.7,0,0,1.26,0,0,,,,,,,0,0,,0,0,0,0,0,0,0,0,0,0,0,0,0,0,0,,0,0,,,0
MaineDEP_Dump2026,SBB-SW-PFAS-2024-05-23,Surface Water,44.54062,-69.156216,2024,5/23/2024,,EPA 1633,,,2.63,42.7,,0,4.52,1.33,14.7,20,0,0,0,0,0,,0,0,0,,9.38,0,4.18,6.13,0,0,,,,,,,0,0,,0,0,0,0,0,0,0,0,0,0,0,0,0,0,0,,0,0,,,0
MaineDEP_Dump2026,LK5492-SW-PFAS-2025-05-28,Surface Water,44.525447,-68.999504,2025,5/28/2025,,EPA 1633,,,0.985,1.76,,0,0.556,0,0.837,0.815,0,0,0,0,0,,0,0,0,,0,0,0,2.41,0,0,,,,,,,0,0,,0,0,0,0,0,0,0,0,0,0,0,0,0,0,0,,0,0,,,0
MaineDEP_Dump2026,LK9931-SW-2023,Surface Water,44.32445224,-69.6581192,2023,6/12/2023,,EPA 537.1,,,0.888,1.09,,0,0.333,0.401,0.964,0.856,0,0,0,0,0,,0,0,0,,1.04,0,0.462,0.964,0,0,,,,,,,0,0,,0,0,0,0,0,0,0,0,0,0,0,0,0,0,0,,0,0,,,0
MaineDEP_Dump2026,LK9931-SW-PFAS-2023-06-23,Surface Water,44.32445224,-69.6581192,2023,6/23/2023,,EPA 537.1,,,0.805,1.06,,0,0.408,0,0.884,0.849,0,0,0,0,0,,0,0,0,,0.911,0,0.411,0.921,0,0,,,,,,,0,0,,0,0,0,0,0,0,0,0,0,0,0,0,0,0,0,,0,0,,,0
MaineDEP_Dump2026,25M-SW-PFAS-2025-07-01,Surface Water,44.691048,-69.419888,2025,7/1/2025,,EPA 1633,,,12.6,20.5,,0.634,5.53,0.54,7.42,9.93,0,0,0,0,0,,0,0,0,,4.34,0,1.35,4.32,0,0,,,,,,,0,0,,0,0,0,0,0,0,0,0,0,0,0,0,0,0,0,,0,0,,,0
MaineDEP_Dump2026,LK5172-SW-PFAS-2022-06-30,Surface Water,44.64679801,-69.33230126,2022,6/30/2022,,EPA 537.1,,,2.64,4.84,,0,1.05,0.442,2.14,3.14,0,0,0,32.3,0,,0,0,0,,2.37,0,0.588,2.06,0,0,,,,,,,0,0,,0,0,0,0,0,0,0,0,0,0,0,0,0,0,0,,0,0,,,0
MaineDEP_Dump2026,SWP-SW-PFAS-2023-08-21,Surface Water,44.83869922,-69.41339448,2023,8/21/2023,,EPA 537.1,,,0,1.36,,0,0,0,1.54,0.458,0,0,0,0,0,,0,0,0,,0.934,0,0,0.542,0,0,,,,,,,0,0,,0,0,0,0,0,0,0,0,0,0,0,0,0,0,0,,0,0,,,0
MaineDEP_Dump2026,SWP-SW-PFAS-2024-08-08,Surface Water,44.83869922,-69.41339448,2024,8/8/2024,,EPA 1633,,,1.9,2.19,,0,0.626,0.452,1.39,1.78,0,0,0,0,0,,0,0,0,,1.2,0,1.86,1.69,0,0,,,,,,,0,0,,0,0,0,0,0,0,0,0,0,0,0,0,0,0,0,,1.13,0,,,0
MaineDEP_Dump2026,LK3832-SW-PFAS-2024-06-24,Surface Water,44.273764,-70.04341,2024,6/24/2024,,EPA 1633,,,0.987,1.46,,0,0,0,0.732,0.94,0,0,0,0,0,,0,0,0,,0,0,0.266,1.13,0,0,,,,,,,0,0,,0,0,0,0,0,0,0,0,0,0,0,0,0,0,0,,0,0,,,0
