Article (Author et al YYYY),Sample Name,Sample Type,Latitude,Longitude,Sampling Year,Sample Date (MM/DD/YYY),Sample Time,Analysis Method,Streamflow (m3/s),Sampling Depth (m),Units,PFHxS,PFOA,PFOS,PFBA,PFBS,PFHpA,PFHpS,PFHxA,PFPeA,PFPeS,FBSA,PFDA,PFNA,GenX,4:2 FTS,6:2 FTS,8:2 FTS,10:2 FTS,3:3 FTCA,5:3 FTCA,7:3 FTCA,PFPA,PFMOPrA,PFMOBA,PFMOAA,PFO2HxA,PFO3OA,PFO4DA,PFESA BP 1,PFESA BP 2,PFDoS,PFUnDA,FOSAA,N-MeFOSE,NMeFOSAA,NMeFOSA,N-EtFOSE,NEtFOSAA,N-EtFOSA,PFDS,PFTeDA,PFHxDA,PFHxSA,PFNS,PFTrDA,PFDoA,PFOSA,9-Cl-PF3ONS,11-Cl-PF3OUdS,PFECA-G,ADONA,PFEESA,NFDHA,PFODA,pH,TOC (mg/L),DOC (mg/L),Suspended Sediment
Quezada_Davalos_et_al_2023,FCNC-South,Surface Water,38.6825,-104.71278,2018,7/9/2018,,Unnamed_SPE_LCMS_MS,,,ng/L,18.2,6.16,35.6,5.32,6.4,,,11.2,8.24,2,,,,,,,,,,,,,,,,,,,,,,,,,,,,,,,,,,,,,,,,,,,,,,,,
Quezada_Davalos_et_al_2023,FCNC-South,Surface Water,38.6825,-104.71278,2018,7/9/2018,,Unnamed_SPE_LCMS_MS,,,ng/L,17,5.64,21.9,5.52,7.88,,,10.6,9.6,1.6,,,,,,,,,,,,,,,,,,,,,,,,,,,,,,,,,,,,,,,,,,,,,,,,
Quezada_Davalos_et_al_2023,FCNC-North,Surface Water,38.70972,-104.71694,2018,7/9/2018,,Unnamed_SPE_LCMS_MS,,,ng/L,21.7,5.76,35.8,5.52,8,,0,10.3,9.6,,,,,,,,,,,,,,,,,,,,,,,,,,,,,,,,,,,,,,,,,,,,,,,,,
Quezada_Davalos_et_al_2023,FCNC-North,Surface Water,38.70972,-104.71694,2018,7/9/2018,,Unnamed_SPE_LCMS_MS,,,ng/L,21,7.96,22.04,7.52,8.92,,,13.2,11.7,3,,,,,,,,,,,,,,,,,,,,,,,,,,,,,,,,,,,,,,,,,,,,,,,,
Quezada_Davalos_et_al_2023,FCRP,Surface Water,38.72056,-104.72611,2018,7/9/2018,,Unnamed_SPE_LCMS_MS,,,ng/L,16.8,5.16,16.84,4.8,6.52,,,8.96,6.64,2.2,,,,,,,,,,,,,,,,,,,,,,,,,,,,,,,,,,,,,,,,,,,,,,,,
Quezada_Davalos_et_al_2023,FCRP,Surface Water,38.72056,-104.72611,2018,7/9/2018,,Unnamed_SPE_LCMS_MS,,,ng/L,17.2,5.4,7.6,5.16,5.72,,0,8.48,7.36,1.3,,,,,,,,,,,,,,,,,,,,,,,,,,,,,,,,,,,,,,,,,,,,,,,,
Quezada_Davalos_et_al_2023,Bridge,Surface Water,38.72889,-104.73333,2018,7/9/2018,,Unnamed_SPE_LCMS_MS,,,ng/L,12.9,6.72,9.36,,8.52,2,0,9.92,8.92,,,,,,,,,,,,,,,,,,,,,,,,,,,,,,,,,,,,,,,,,,,,,,,,,
Quezada_Davalos_et_al_2023,Bridge,Surface Water,38.72889,-104.73333,2018,7/9/2018,,Unnamed_SPE_LCMS_MS,,,ng/L,12.5,6.96,9.42,,7.52,2.1,0,10.6,9.48,1.8,,,,,,,,,,,,,,,,,,,,,,,,,,,,,,,,,,,,,,,,,,,,,,,,
Quezada_Davalos_et_al_2023,Aqua Lane,Surface Water,38.77083,-104.77056,2018,7/9/2018,,Unnamed_SPE_LCMS_MS,,,ng/L,2.3,6.44,0,,7,,0,8.68,9.44,,,,,,,,,,,,,,,,,,,,,,,,,,,,,,,,,,,,,,,,,,,,,,,,,
Quezada_Davalos_et_al_2023,Aqua Lane,Surface Water,38.77083,-104.77056,2018,7/9/2018,,Unnamed_SPE_LCMS_MS,,,ng/L,2.6,5.64,0,,6.88,,0,8.56,8.04,0,,,,,,,,,,,,,,,,,,,,,,,,,,,,,,,,,,,,,,,,,,,,,,,,
Quezada_Davalos_et_al_2023,SCYSC,Surface Water,38.7875,-104.775,2018,7/9/2018,,Unnamed_SPE_LCMS_MS,,,ng/L,2.8,1.7,0,,5.16,,0,2.2,2.9,0,,,,,,,,,,,,,,,,,,,,,,,,,,,,,,,,,,,,,,,,,,,,,,,,
Quezada_Davalos_et_al_2023,SCYSC,Surface Water,38.7875,-104.775,2018,7/9/2018,,Unnamed_SPE_LCMS_MS,,,ng/L,3.7,1.9,7.18,,5.6,,0,1.8,2.2,0,,,,,,,,,,,,,,,,,,,,,,,,,,,,,,,,,,,,,,,,,,,,,,,,
Quezada_Davalos_et_al_2023,Costco,Surface Water,38.90778,-104.82278,2018,7/10/2018,,Unnamed_SPE_LCMS_MS,,,ng/L,7.88,7.08,15.54,,5.88,2.3,0,8.16,11.1,,,,,,,,,,,,,,,,,,,,,,,,,,,,,,,,,,,,,,,,,,,,,,,,,
Quezada_Davalos_et_al_2023,Costco,Surface Water,38.90778,-104.82278,2018,7/10/2018,,Unnamed_SPE_LCMS_MS,,,ng/L,6.04,5.44,3.4,,7.12,,0,7.56,9.56,,,,,,,,,,,,,,,,,,,,,,,,,,,,,,,,,,,,,,,,,,,,,,,,,
Quezada_Davalos_et_al_2023,Dorchester Park,Surface Water,38.81611,-104.82417,2018,8/14/2018,,Unnamed_SPE_LCMS_MS,,,ng/L,3,3.5,0,,3,,0,6.96,4.6,,,,,,,,,,,,,,,,,,,,,,,,,,,,,,,,,,,,,,,,,,,,,,,,,
Quezada_Davalos_et_al_2023,Dorchester Park,Surface Water,38.81611,-104.82417,2018,8/14/2018,,Unnamed_SPE_LCMS_MS,,,ng/L,3.2,3.9,0,,4.32,,0,7.64,4.92,,,,,,,,,,,,,,,,,,,,,,,,,,,,,,,,,,,,,,,,,,,,,,,,,
Quezada_Davalos_et_al_2023,Aqua Lane,Surface Water,38.77083,-104.77056,2018,8/14/2018,,Unnamed_SPE_LCMS_MS,,,ng/L,4.24,6.88,8.4,,8.64,,0,8.16,7.48,,,,,,,,,,,,,,,,,,,,,,,,,,,,,,,,,,,,,,,,,,,,,,,,,
Quezada_Davalos_et_al_2023,Aqua Lane,Surface Water,38.77083,-104.77056,2018,8/14/2018,,Unnamed_SPE_LCMS_MS,,,ng/L,3.6,6.52,2.5,,8.64,,0,7.48,6.92,,,,,,,,,,,,,,,,,,,,,,,,,,,,,,,,,,,,,,,,,,,,,,,,,
Quezada_Davalos_et_al_2023,Costco,Surface Water,38.90778,-104.82278,2018,8/14/2018,,Unnamed_SPE_LCMS_MS,,,ng/L,7.48,4.84,18.94,1.8,10.4,3.1,0,11.8,14.5,,,,,,,,,,,,,,,,,,,,,,,,,,,,,,,,,,,,,,,,,,,,,,,,,
Quezada_Davalos_et_al_2023,Costco,Surface Water,38.90778,-104.82278,2018,8/14/2018,,Unnamed_SPE_LCMS_MS,,,ng/L,7.68,6.68,14.28,1.7,10.2,3.2,0,11.7,14.4,1.8,,,,,,,,,,,,,,,,,,,,,,,,,,,,,,,,,,,,,,,,,,,,,,,,
Quezada_Davalos_et_al_2023,SCYSC,Surface Water,38.7875,-104.775,2018,8/14/2018,,Unnamed_SPE_LCMS_MS,,,ng/L,4.56,6.2,13.68,1.8,10.6,,0,5.28,6.04,,,,,,,,,,,,,,,,,,,,,,,,,,,,,,,,,,,,,,,,,,,,,,,,,
Quezada_Davalos_et_al_2023,SCYSC,Surface Water,38.7875,-104.775,2018,8/14/2018,,Unnamed_SPE_LCMS_MS,,,ng/L,5.52,3.4,13.72,2,11.1,,0,5.16,6.12,0,,,,,,,,,,,,,,,,,,,,,,,,,,,,,,,,,,,,,,,,,,,,,,,,
Quezada_Davalos_et_al_2023,FCNC-North,Surface Water,38.70972,-104.71694,2018,8/14/2018,,Unnamed_SPE_LCMS_MS,,,ng/L,29.32,12,23.84,3.3,18.4,7.08,0,22.6,20.2,6.6,,,,,,,,,,,,,,,,,,,,,,,,,,,,,,,,,,,,,,,,,,,,,,,,
Quezada_Davalos_et_al_2023,FCNC-North,Surface Water,38.70972,-104.71694,2018,8/14/2018,,Unnamed_SPE_LCMS_MS,,,ng/L,32.72,11.3,31.5,3.4,18.2,6.92,0,22.9,20,6.28,,,,,,,,,,,,,,,,,,,,,,,,,,,,,,,,,,,,,,,,,,,,,,,,
Quezada_Davalos_et_al_2023,Bridge,Surface Water,38.72889,-104.73333,2018,8/14/2018,,Unnamed_SPE_LCMS_MS,,,ng/L,21.8,19.9,33.6,2.4,16.1,12.8,0,18.5,15.6,4,,,,,,,,,,,,,,,,,,,,,,,,,,,,,,,,,,,,,,,,,,,,,,,,
Quezada_Davalos_et_al_2023,Bridge,Surface Water,38.72889,-104.73333,2018,8/14/2018,,Unnamed_SPE_LCMS_MS,,,ng/L,23.9,9.7,24.6,2.7,16,12.7,0,18.4,15.6,4.32,,,,,,,,,,,,,,,,,,,,,,,,,,,,,,,,,,,,,,,,,,,,,,,,
Quezada_Davalos_et_al_2023,FCRP,Surface Water,38.72056,-104.72611,2018,8/14/2018,,Unnamed_SPE_LCMS_MS,,,ng/L,29.32,11.9,34.7,3.2,19.6,7.6,0,21,18.3,6.2,,,,,,,,,,,,,,,,,,,,,,,,,,,,,,,,,,,,,,,,,,,,,,,,
Quezada_Davalos_et_al_2023,FCRP,Surface Water,38.72056,-104.72611,2018,8/14/2018,,Unnamed_SPE_LCMS_MS,,,ng/L,25.24,14.5,44.4,3.4,19.3,7.04,0,21.5,18.4,6.28,,,,,,,,,,,,,,,,,,,,,,,,,,,,,,,,,,,,,,,,,,,,,,,,
Quezada_Davalos_et_al_2023,FCNC-South,Surface Water,38.6825,-104.71278,2018,8/14/2018,,Unnamed_SPE_LCMS_MS,,,ng/L,31.7,10.3,31.2,2.6,14.4,6.64,0,21,16,5.88,,,,,,,,,,,,,,,,,,,,,,,,,,,,,,,,,,,,,,,,,,,,,,,,
Quezada_Davalos_et_al_2023,FCNC-South,Surface Water,38.6825,-104.71278,2018,8/14/2018,,Unnamed_SPE_LCMS_MS,,,ng/L,32.12,10.5,25.9,2.8,14.6,6.88,0,20.7,15.7,5.76,,,,,,,,,,,,,,,,,,,,,,,,,,,,,,,,,,,,,,,,,,,,,,,,
Quezada_Davalos_et_al_2023,Costco,Surface Water,38.90778,-104.82278,2018,9/11/2018,,Unnamed_SPE_LCMS_MS,,,ng/L,6.68,7.48,8.62,2.5,10.8,3.5,0,11.8,12.6,2.1,,,,,,,,,,,,,,,,,,,,,,,,,,,,,,,,,,,,,,,,,,,,,,,,
Quezada_Davalos_et_al_2023,Costco,Surface Water,38.90778,-104.82278,2018,9/11/2018,,Unnamed_SPE_LCMS_MS,,,ng/L,8.12,7.84,2.9,2.6,10.9,4.2,0,11.7,12.4,,,,,,,,,,,,,,,,,,,,,,,,,,,,,,,,,,,,,,,,,,,,,,,,,
Quezada_Davalos_et_al_2023,Dorchester Park,Surface Water,38.81611,-104.82417,2018,9/11/2018,,Unnamed_SPE_LCMS_MS,,,ng/L,4.56,5.56,7.68,1.6,5.16,2.3,0,14.6,7.8,,,,,,,,,,,,,,,,,,,,,,,,,,,,,,,,,,,,,,,,,,,,,,,,,
Quezada_Davalos_et_al_2023,Dorchester Park,Surface Water,38.81611,-104.82417,2018,9/11/2018,,Unnamed_SPE_LCMS_MS,,,ng/L,4.04,5.6,8.2,1.6,8.96,1.8,0,14.8,9.2,,,,,,,,,,,,,,,,,,,,,,,,,,,,,,,,,,,,,,,,,,,,,,,,,
Quezada_Davalos_et_al_2023,FCNC-South,Surface Water,38.6825,-104.71278,2018,9/11/2018,,Unnamed_SPE_LCMS_MS,,,ng/L,40.78,15.1,38.7,4.88,23.2,6.52,0,28.6,17.8,8.52,,,,,,,,,,,,,,,,,,,,,,,,,,,,,,,,,,,,,,,,,,,,,,,,
Quezada_Davalos_et_al_2023,FCNC-South,Surface Water,38.6825,-104.71278,2018,9/11/2018,,Unnamed_SPE_LCMS_MS,,,ng/L,38.88,12.5,32.2,4.96,22,6.8,0,27.2,17.7,8.64,,,,,,,,,,,,,,,,,,,,,,,,,,,,,,,,,,,,,,,,,,,,,,,,
Quezada_Davalos_et_al_2023,SCYSC,Surface Water,38.7875,-104.775,2018,9/11/2018,,Unnamed_SPE_LCMS_MS,,,ng/L,4.8,3.7,6.4,0,8.21,,0,3.1,2.4,,,,,,,,,,,,,,,,,,,,,,,,,,,,,,,,,,,,,,,,,,,,,,,,,
Quezada_Davalos_et_al_2023,SCYSC,Surface Water,38.7875,-104.775,2018,9/11/2018,,Unnamed_SPE_LCMS_MS,,,ng/L,4.12,3.5,9.8,0,6.48,,0,3.1,2.4,,,,,,,,,,,,,,,,,,,,,,,,,,,,,,,,,,,,,,,,,,,,,,,,,
Quezada_Davalos_et_al_2023,Aqua Lane,Surface Water,38.77083,-104.77056,2018,9/11/2018,,Unnamed_SPE_LCMS_MS,,,ng/L,4.04,7.08,11.68,0,4.28,,0,7.36,4.2,,,,,,,,,,,,,,,,,,,,,,,,,,,,,,,,,,,,,,,,,,,,,,,,,
Quezada_Davalos_et_al_2023,Aqua Lane,Surface Water,38.77083,-104.77056,2018,9/11/2018,,Unnamed_SPE_LCMS_MS,,,ng/L,7,7.8,9.44,0,4.2,1.8,0,7.24,4,0,,,,,,,,,,,,,,,,,,,,,,,,,,,,,,,,,,,,,,,,,,,,,,,,
Quezada_Davalos_et_al_2023,Bridge,Surface Water,38.72889,-104.73333,2018,9/11/2018,,Unnamed_SPE_LCMS_MS,,,ng/L,18.7,8.44,19.18,0,11.6,5.4,0,17.6,11.1,3.2,,,,,,,,,,,,,,,,,,,,,,,,,,,,,,,,,,,,,,,,,,,,,,,,
Quezada_Davalos_et_al_2023,Bridge,Surface Water,38.72889,-104.73333,2018,9/11/2018,,Unnamed_SPE_LCMS_MS,,,ng/L,18.82,8.4,21.88,0,11.6,4.92,0,17.5,11.4,2.8,,,,,,,,,,,,,,,,,,,,,,,,,,,,,,,,,,,,,,,,,,,,,,,,
Quezada_Davalos_et_al_2023,FCRP,Surface Water,38.72056,-104.72611,2018,9/11/2018,,Unnamed_SPE_LCMS_MS,,,ng/L,19.8,7.92,36.26,,5.2,2.2,0,7.44,5.2,2.8,,,,,,,,,,,,,,,,,,,,,,,,,,,,,,,,,,,,,,,,,,,,,,,,
Quezada_Davalos_et_al_2023,FCRP,Surface Water,38.72056,-104.72611,2018,9/11/2018,,Unnamed_SPE_LCMS_MS,,,ng/L,24,9.64,58.9,,5.08,2.1,0,9.2,5.12,2.4,,,,,,,,,,,,,,,,,,,,,,,,,,,,,,,,,,,,,,,,,,,,,,,,
Quezada_Davalos_et_al_2023,FCNC-North,Surface Water,38.70972,-104.71694,2018,9/11/2018,,Unnamed_SPE_LCMS_MS,,,ng/L,39.72,11.1,36.7,3.2,12.4,5.12,0,22.9,15.8,5.08,,,,,,,,,,,,,,,,,,,,,,,,,,,,,,,,,,,,,,,,,,,,,,,,
Quezada_Davalos_et_al_2023,FCNC-North,Surface Water,38.70972,-104.71694,2018,9/11/2018,,Unnamed_SPE_LCMS_MS,,,ng/L,35.6,11.8,25,3.6,13.6,6.04,0,22.7,16.4,6.6,,,,,,,,,,,,,,,,,,,,,,,,,,,,,,,,,,,,,,,,,,,,,,,,
Quezada_Davalos_et_al_2023,Costco,Surface Water,38.90778,-104.82278,2018,10/13/2018,,Unnamed_SPE_LCMS_MS,,,ng/L,6.88,7.12,0,1.9,6.68,1.8,0,9.12,9.96,,,,,,,,,,,,,,,,,,,,,,,,,,,,,,,,,,,,,,,,,,,,,,,,,
Quezada_Davalos_et_al_2023,Costco,Surface Water,38.90778,-104.82278,2018,10/13/2018,,Unnamed_SPE_LCMS_MS,,,ng/L,7.92,5.56,0,1.7,9.76,2.3,0,8.44,10.3,,,,,,,,,,,,,,,,,,,,,,,,,,,,,,,,,,,,,,,,,,,,,,,,,
Quezada_Davalos_et_al_2023,FCNC-South,Surface Water,38.6825,-104.71278,2018,10/13/2018,,Unnamed_SPE_LCMS_MS,,,ng/L,42.96,10.8,28.6,4.6,13.9,4.76,0,24.6,18.6,5.32,,,,,,,,,,,,,,,,,,,,,,,,,,,,,,,,,,,,,,,,,,,,,,,,
Quezada_Davalos_et_al_2023,FCNC-South,Surface Water,38.6825,-104.71278,2018,10/13/2018,,Unnamed_SPE_LCMS_MS,,,ng/L,48.04,10.9,45.6,4.84,15.8,4.8,0,28.5,19.6,7.32,,,,,,,,,,,,,,,,,,,,,,,,,,,,,,,,,,,,,,,,,,,,,,,,
Quezada_Davalos_et_al_2023,Aqua Lane,Surface Water,38.77083,-104.77056,2018,10/13/2018,,Unnamed_SPE_LCMS_MS,,,ng/L,3.8,12.04,5.8,2.7,8.6,,0,14.4,9.44,,,,,,,,,,,,,,,,,,,,,,,,,,,,,,,,,,,,,,,,,,,,,,,,,
Quezada_Davalos_et_al_2023,Aqua Lane,Surface Water,38.77083,-104.77056,2018,10/13/2018,,Unnamed_SPE_LCMS_MS,,,ng/L,5.04,13.36,10.88,2.3,10.3,,0,13.1,8.68,0,,,,,,,,,,,,,,,,,,,,,,,,,,,,,,,,,,,,,,,,,,,,,,,,
Quezada_Davalos_et_al_2023,Bridge,Surface Water,38.72889,-104.73333,2018,10/13/2018,,Unnamed_SPE_LCMS_MS,,,ng/L,27.8,7.92,25.7,2.7,9.4,3.1,0,17.6,8.8,4.28,,,,,,,,,,,,,,,,,,,,,,,,,,,,,,,,,,,,,,,,,,,,,,,,
Quezada_Davalos_et_al_2023,Bridge,Surface Water,38.72889,-104.73333,2018,10/13/2018,,Unnamed_SPE_LCMS_MS,,,ng/L,32.5,7.72,28.96,2.3,11.1,3.5,0,17.1,10.3,3.76,,,,,,,,,,,,,,,,,,,,,,,,,,,,,,,,,,,,,,,,,,,,,,,,
Quezada_Davalos_et_al_2023,FCRP,Surface Water,38.72056,-104.72611,2018,10/13/2018,,Unnamed_SPE_LCMS_MS,,,ng/L,32.18,11.5,30.1,4.84,15.2,3.6,0,20.5,14.2,6,,,,,,,,,,,,,,,,,,,,,,,,,,,,,,,,,,,,,,,,,,,,,,,,
Quezada_Davalos_et_al_2023,FCRP,Surface Water,38.72056,-104.72611,2018,10/13/2018,,Unnamed_SPE_LCMS_MS,,,ng/L,32.2,11.8,29.7,4.84,15.6,5.24,0,22.8,13.8,5.08,,,,,,,,,,,,,,,,,,,,,,,,,,,,,,,,,,,,,,,,,,,,,,,,
Quezada_Davalos_et_al_2023,Dorchester Park,Surface Water,38.81611,-104.82417,2018,10/13/2018,,Unnamed_SPE_LCMS_MS,,,ng/L,4,2.8,6.48,,4.08,,0,6.88,4.52,0,,,,,,,,,,,,,,,,,,,,,,,,,,,,,,,,,,,,,,,,,,,,,,,,
Quezada_Davalos_et_al_2023,Dorchester Park,Surface Water,38.81611,-104.82417,2018,10/13/2018,,Unnamed_SPE_LCMS_MS,,,ng/L,4.68,3.3,1.7,,4.84,,0,7.8,5.32,0,,,,,,,,,,,,,,,,,,,,,,,,,,,,,,,,,,,,,,,,,,,,,,,,
Quezada_Davalos_et_al_2023,SCYSC,Surface Water,38.7875,-104.775,2018,10/13/2018,,Unnamed_SPE_LCMS_MS,,,ng/L,6.56,2.9,3.8,3,12.6,,0,5.76,4.84,0,,,,,,,,,,,,,,,,,,,,,,,,,,,,,,,,,,,,,,,,,,,,,,,,
Quezada_Davalos_et_al_2023,SCYSC,Surface Water,38.7875,-104.775,2018,10/13/2018,,Unnamed_SPE_LCMS_MS,,,ng/L,5.52,2.8,7.76,2.8,13.2,,0,5.48,4.6,0,,,,,,,,,,,,,,,,,,,,,,,,,,,,,,,,,,,,,,,,,,,,,,,,
Quezada_Davalos_et_al_2023,FCNC-North,Surface Water,38.70972,-104.71694,2018,10/13/2018,,Unnamed_SPE_LCMS_MS,,,ng/L,30.1,9.44,21.28,3.8,13.7,5.16,0,19.3,17.2,5.76,,,,,,,,,,,,,,,,,,,,,,,,,,,,,,,,,,,,,,,,,,,,,,,,
Quezada_Davalos_et_al_2023,FCNC-North,Surface Water,38.70972,-104.71694,2018,10/13/2018,,Unnamed_SPE_LCMS_MS,,,ng/L,35.28,9.36,18.68,3.6,14,5.72,0,18.9,16.2,4.72,,,,,,,,,,,,,,,,,,,,,,,,,,,,,,,,,,,,,,,,,,,,,,,,
Quezada_Davalos_et_al_2023,Dorchester Park,Surface Water,38.81611,-104.82417,2018,11/10/2018,,Unnamed_SPE_LCMS_MS,,,ng/L,5.48,7.9,0,2.9,4.16,2.2,0,10.6,7,0,,,,,,,,,,,,,,,,,,,,,,,,,,,,,,,,,,,,,,,,,,,,,,,,
Quezada_Davalos_et_al_2023,Dorchester Park,Surface Water,38.81611,-104.82417,2018,11/10/2018,,Unnamed_SPE_LCMS_MS,,,ng/L,6.16,9.52,0,2.8,6.32,2.4,0,10.6,7.6,0,,,,,,,,,,,,,,,,,,,,,,,,,,,,,,,,,,,,,,,,,,,,,,,,
Quezada_Davalos_et_al_2023,Aqua Lane,Surface Water,38.77083,-104.77056,2018,11/10/2018,,Unnamed_SPE_LCMS_MS,,,ng/L,3.4,8.36,0,3,6.68,,0,11.5,7.08,0,,,,,,,,,,,,,,,,,,,,,,,,,,,,,,,,,,,,,,,,,,,,,,,,
Quezada_Davalos_et_al_2023,Aqua Lane,Surface Water,38.77083,-104.77056,2018,11/10/2018,,Unnamed_SPE_LCMS_MS,,,ng/L,4.4,5,0,3.1,7.96,2,0,15.7,9.28,0,,,,,,,,,,,,,,,,,,,,,,,,,,,,,,,,,,,,,,,,,,,,,,,,
Quezada_Davalos_et_al_2023,FCRP,Surface Water,38.72056,-104.72611,2018,11/10/2018,,Unnamed_SPE_LCMS_MS,,,ng/L,40.9,20.26,28.56,3.6,14.8,5.44,0,27,17.2,8.6,,,,,,,,,,,,,,,,,,,,,,,,,,,,,,,,,,,,,,,,,,,,,,,,
Quezada_Davalos_et_al_2023,FCRP,Surface Water,38.72056,-104.72611,2018,11/10/2018,,Unnamed_SPE_LCMS_MS,,,ng/L,41.4,15.24,26.7,3.7,19.4,6.12,0,24.3,15.9,8.04,,,,,,,,,,,,,,,,,,,,,,,,,,,,,,,,,,,,,,,,,,,,,,,,
Quezada_Davalos_et_al_2023,FCNC-South,Surface Water,38.6825,-104.71278,2018,11/10/2018,,Unnamed_SPE_LCMS_MS,,,ng/L,33.4,17.48,23.5,4.76,16.7,4.52,0,24.7,17.7,6.52,,,,,,,,,,,,,,,,,,,,,,,,,,,,,,,,,,,,,,,,,,,,,,,,
Quezada_Davalos_et_al_2023,FCNC-South,Surface Water,38.6825,-104.71278,2018,11/10/2018,,Unnamed_SPE_LCMS_MS,,,ng/L,33.1,14.52,22.88,4.44,16.4,4.44,0,23.6,17.4,5.36,,,,,,,,,,,,,,,,,,,,,,,,,,,,,,,,,,,,,,,,,,,,,,,,
Quezada_Davalos_et_al_2023,Costco,Surface Water,38.90778,-104.82278,2018,11/10/2018,,Unnamed_SPE_LCMS_MS,,,ng/L,6.48,0,0,1.9,8.52,1.8,0,11.6,12.2,0,,,,,,,,,,,,,,,,,,,,,,,,,,,,,,,,,,,,,,,,,,,,,,,,
Quezada_Davalos_et_al_2023,SCYSC,Surface Water,38.7875,-104.775,2018,11/10/2018,,Unnamed_SPE_LCMS_MS,,,ng/L,5.32,0,9.52,1.8,6.96,,0,2.1,2.2,,,,,,,,,,,,,,,,,,,,,,,,,,,,,,,,,,,,,,,,,,,,,,,,,
Quezada_Davalos_et_al_2023,SCYSC,Surface Water,38.7875,-104.775,2018,11/10/2018,,Unnamed_SPE_LCMS_MS,,,ng/L,6.76,0,5.72,2.3,11.9,,0,2.8,2.2,0,,,,,,,,,,,,,,,,,,,,,,,,,,,,,,,,,,,,,,,,,,,,,,,,
Quezada_Davalos_et_al_2023,Bridge,Surface Water,38.72889,-104.73333,2018,11/10/2018,,Unnamed_SPE_LCMS_MS,,,ng/L,18.1,5.16,9.88,3.2,8.2,4.76,0,19.4,10.2,2.6,,,,,,,,,,,,,,,,,,,,,,,,,,,,,,,,,,,,,,,,,,,,,,,,
Quezada_Davalos_et_al_2023,Bridge,Surface Water,38.72889,-104.73333,2018,11/10/2018,,Unnamed_SPE_LCMS_MS,,,ng/L,22,6.56,13.76,3.7,9.4,5.24,0,22.2,11,3.2,,,,,,,,,,,,,,,,,,,,,,,,,,,,,,,,,,,,,,,,,,,,,,,,
Quezada_Davalos_et_al_2023,FCNC-North,Surface Water,38.70972,-104.71694,2018,11/10/2018,,Unnamed_SPE_LCMS_MS,,,ng/L,32.1,7.96,26.4,4.44,12.7,4.2,0,23.1,16.2,4.8,,,,,,,,,,,,,,,,,,,,,,,,,,,,,,,,,,,,,,,,,,,,,,,,
Quezada_Davalos_et_al_2023,FCNC-North,Surface Water,38.70972,-104.71694,2018,11/10/2018,,Unnamed_SPE_LCMS_MS,,,ng/L,31.4,8.52,18.78,4.16,14,3.5,0,24.4,17.1,4.48,,,,,,,,,,,,,,,,,,,,,,,,,,,,,,,,,,,,,,,,,,,,,,,,
Quezada_Davalos_et_al_2023,Costco,Surface Water,38.90778,-104.82278,2018,12/9/2018,,Unnamed_SPE_LCMS_MS,,,ng/L,21.8,5.64,8.68,,4.76,2,0,8.28,6.56,,,,,,,,,,,,,,,,,,,,,,,,,,,,,,,,,,,,,,,,,,,,,,,,,
Quezada_Davalos_et_al_2023,Costco,Surface Water,38.90778,-104.82278,2018,12/9/2018,,Unnamed_SPE_LCMS_MS,,,ng/L,18.9,3.6,10,,3.4,1.9,0,7.84,5.44,,,,,,,,,,,,,,,,,,,,,,,,,,,,,,,,,,,,,,,,,,,,,,,,,
Quezada_Davalos_et_al_2023,FCNC-North,Surface Water,38.70972,-104.71694,2018,12/9/2018,,Unnamed_SPE_LCMS_MS,,,ng/L,43.24,8.68,41.8,2.8,11,3.5,0,18.8,12.9,5.88,,,,,,,,,,,,,,,,,,,,,,,,,,,,,,,,,,,,,,,,,,,,,,,,
Quezada_Davalos_et_al_2023,FCNC-North,Surface Water,38.70972,-104.71694,2018,12/9/2018,,Unnamed_SPE_LCMS_MS,,,ng/L,43.6,8,51.9,2.7,11.7,3.4,0,17.8,11.6,5.96,,,,,,,,,,,,,,,,,,,,,,,,,,,,,,,,,,,,,,,,,,,,,,,,
Quezada_Davalos_et_al_2023,Dorchester Park,Surface Water,38.81611,-104.82417,2018,12/9/2018,,Unnamed_SPE_LCMS_MS,,,ng/L,9.24,4.68,3.7,,5.08,2.5,0,5.56,4.52,,,,,,,,,,,,,,,,,,,,,,,,,,,,,,,,,,,,,,,,,,,,,,,,,
Quezada_Davalos_et_al_2023,Dorchester Park,Surface Water,38.81611,-104.82417,2018,12/9/2018,,Unnamed_SPE_LCMS_MS,,,ng/L,8.16,6.16,4.2,,4.6,2.8,0,5.52,4.32,,,,,,,,,,,,,,,,,,,,,,,,,,,,,,,,,,,,,,,,,,,,,,,,,
Quezada_Davalos_et_al_2023,Bridge,Surface Water,38.72889,-104.73333,2018,12/9/2018,,Unnamed_SPE_LCMS_MS,,,ng/L,30.2,4.88,25.84,2.6,9.52,3.8,0,16.9,11,3.6,,,,,,,,,,,,,,,,,,,,,,,,,,,,,,,,,,,,,,,,,,,,,,,,
Quezada_Davalos_et_al_2023,Bridge,Surface Water,38.72889,-104.73333,2018,12/9/2018,,Unnamed_SPE_LCMS_MS,,,ng/L,30.66,6.56,36.7,3.1,9.52,2.9,0,17,9.52,3.9,,,,,,,,,,,,,,,,,,,,,,,,,,,,,,,,,,,,,,,,,,,,,,,,
Quezada_Davalos_et_al_2023,FCRP,Surface Water,38.72056,-104.72611,2018,12/9/2018,,Unnamed_SPE_LCMS_MS,,,ng/L,39.34,8.72,69.4,2.8,9.56,3,0,14.8,10.9,4.76,,,,,,,,,,,,,,,,,,,,,,,,,,,,,,,,,,,,,,,,,,,,,,,,
Quezada_Davalos_et_al_2023,FCRP,Surface Water,38.72056,-104.72611,2018,12/9/2018,,Unnamed_SPE_LCMS_MS,,,ng/L,36.88,6.64,37.2,2.8,9.68,2.9,0,13.6,9.56,4.08,,,,,,,,,,,,,,,,,,,,,,,,,,,,,,,,,,,,,,,,,,,,,,,,
Quezada_Davalos_et_al_2023,SCYSC,Surface Water,38.7875,-104.775,2018,12/9/2018,,Unnamed_SPE_LCMS_MS,,,ng/L,5.2,0,0,,6.84,,0,1.7,,0,,,,,,,,,,,,,,,,,,,,,,,,,,,,,,,,,,,,,,,,,,,,,,,,
Quezada_Davalos_et_al_2023,SCYSC,Surface Water,38.7875,-104.775,2018,12/9/2018,,Unnamed_SPE_LCMS_MS,,,ng/L,5.72,0,0,,6.64,,0,2.2,,0,,,,,,,,,,,,,,,,,,,,,,,,,,,,,,,,,,,,,,,,,,,,,,,,
Quezada_Davalos_et_al_2023,Aqua Lane,Surface Water,38.77083,-104.77056,2018,12/9/2018,,Unnamed_SPE_LCMS_MS,,,ng/L,4.24,3.2,2.2,,2,,0,4.88,2.7,0,,,,,,,,,,,,,,,,,,,,,,,,,,,,,,,,,,,,,,,,,,,,,,,,
Quezada_Davalos_et_al_2023,Aqua Lane,Surface Water,38.77083,-104.77056,2018,12/9/2018,,Unnamed_SPE_LCMS_MS,,,ng/L,6.88,5.68,0,,4.4,2.5,0,5.6,4,,,,,,,,,,,,,,,,,,,,,,,,,,,,,,,,,,,,,,,,,,,,,,,,,
Quezada_Davalos_et_al_2023,FCNC-South,Surface Water,38.6825,-104.71278,2018,12/9/2018,,Unnamed_SPE_LCMS_MS,,,ng/L,28.08,7.28,13.36,2.5,9.92,3,0,17,8.96,3,,,,,,,,,,,,,,,,,,,,,,,,,,,,,,,,,,,,,,,,,,,,,,,,
Quezada_Davalos_et_al_2023,FCNC-South,Surface Water,38.6825,-104.71278,2018,12/9/2018,,Unnamed_SPE_LCMS_MS,,,ng/L,26.84,6.56,10.58,2.6,8.96,2.7,0,16.4,9.12,3.8,,,,,,,,,,,,,,,,,,,,,,,,,,,,,,,,,,,,,,,,,,,,,,,,
Quezada_Davalos_et_al_2023,Costco,Surface Water,38.90778,-104.82278,2019,1/6/2019,,Unnamed_SPE_LCMS_MS,,,ng/L,7.8,4.92,7.24,2.3,8.16,2.92,0,10.6,7.32,,,,,,,,,,,,,,,,,,,,,,,,,,,,,,,,,,,,,,,,,,,,,,,,,
Quezada_Davalos_et_al_2023,Costco,Surface Water,38.90778,-104.82278,2019,1/6/2019,,Unnamed_SPE_LCMS_MS,,,ng/L,9.36,4.4,6.52,2.3,6.4,2.96,0,11,7.88,,,,,,,,,,,,,,,,,,,,,,,,,,,,,,,,,,,,,,,,,,,,,,,,,
Quezada_Davalos_et_al_2023,Dorchester Park,Surface Water,38.81611,-104.82417,2019,1/6/2019,,Unnamed_SPE_LCMS_MS,,,ng/L,7.08,4.4,2.88,2.7,6.96,2.48,0,9,8.48,,,,,,,,,,,,,,,,,,,,,,,,,,,,,,,,,,,,,,,,,,,,,,,,,
Quezada_Davalos_et_al_2023,Dorchester Park,Surface Water,38.81611,-104.82417,2019,1/6/2019,,Unnamed_SPE_LCMS_MS,,,ng/L,6.04,4.12,1.72,3,8.28,2.4,0,10.48,8.44,,,,,,,,,,,,,,,,,,,,,,,,,,,,,,,,,,,,,,,,,,,,,,,,,
Quezada_Davalos_et_al_2023,FCRP,Surface Water,38.72056,-104.72611,2019,1/6/2019,,Unnamed_SPE_LCMS_MS,,,ng/L,34.56,8.08,13.84,4.64,13.44,3.76,0,20.84,15.2,6.44,,,,,,,,,,,,,,,,,,,,,,,,,,,,,,,,,,,,,,,,,,,,,,,,
Quezada_Davalos_et_al_2023,FCRP,Surface Water,38.72056,-104.72611,2019,1/6/2019,,Unnamed_SPE_LCMS_MS,,,ng/L,34.52,7.24,16.72,5,15.16,3.88,0,21.2,13.6,5.08,,,,,,,,,,,,,,,,,,,,,,,,,,,,,,,,,,,,,,,,,,,,,,,,
Quezada_Davalos_et_al_2023,Aqua Lane,Surface Water,38.77083,-104.77056,2019,1/6/2019,,Unnamed_SPE_LCMS_MS,,,ng/L,4.84,4.32,4.08,3.4,8.28,2.28,0,12.72,9.56,,,,,,,,,,,,,,,,,,,,,,,,,,,,,,,,,,,,,,,,,,,,,,,,,
Quezada_Davalos_et_al_2023,Aqua Lane,Surface Water,38.77083,-104.77056,2019,1/6/2019,,Unnamed_SPE_LCMS_MS,,,ng/L,3.04,4.32,6.48,2.6,7.8,2.28,0,11.68,9.08,,,,,,,,,,,,,,,,,,,,,,,,,,,,,,,,,,,,,,,,,,,,,,,,,
Quezada_Davalos_et_al_2023,Bridge,Surface Water,38.72889,-104.73333,2019,1/6/2019,,Unnamed_SPE_LCMS_MS,,,ng/L,21.32,5.88,18.8,4,11.44,3.44,0,17.8,12.1,3.36,,,,,,,,,,,,,,,,,,,,,,,,,,,,,,,,,,,,,,,,,,,,,,,,
Quezada_Davalos_et_al_2023,Bridge,Surface Water,38.72889,-104.73333,2019,1/6/2019,,Unnamed_SPE_LCMS_MS,,,ng/L,23.44,7.36,18.52,4.96,12.76,3.6,0,20.52,13.2,3.48,,,,,,,,,,,,,,,,,,,,,,,,,,,,,,,,,,,,,,,,,,,,,,,,
Quezada_Davalos_et_al_2023,FCNC-North,Surface Water,38.70972,-104.71694,2019,1/6/2019,,Unnamed_SPE_LCMS_MS,,,ng/L,30.72,7.12,17.76,3.6,10.8,3.28,0,19.52,12.9,4.72,,,,,,,,,,,,,,,,,,,,,,,,,,,,,,,,,,,,,,,,,,,,,,,,
Quezada_Davalos_et_al_2023,FCNC-North,Surface Water,38.70972,-104.71694,2019,1/6/2019,,Unnamed_SPE_LCMS_MS,,,ng/L,24.08,4.6,33.8,3,9.6,2.64,0,15.84,10.8,3.92,,,,,,,,,,,,,,,,,,,,,,,,,,,,,,,,,,,,,,,,,,,,,,,,
Quezada_Davalos_et_al_2023,SCYSC,Surface Water,38.7875,-104.775,2019,1/6/2019,,Unnamed_SPE_LCMS_MS,,,ng/L,4.76,2.24,4.56,2.4,7.12,1.68,0,4.08,3.52,0,,,,,,,,,,,,,,,,,,,,,,,,,,,,,,,,,,,,,,,,,,,,,,,,
Quezada_Davalos_et_al_2023,SCYSC,Surface Water,38.7875,-104.775,2019,1/6/2019,,Unnamed_SPE_LCMS_MS,,,ng/L,4.36,2.32,2.52,1.9,7.2,,0,3.08,3.68,0,,,,,,,,,,,,,,,,,,,,,,,,,,,,,,,,,,,,,,,,,,,,,,,,
Quezada_Davalos_et_al_2023,FCNC-South,Surface Water,38.6825,-104.71278,2019,1/6/2019,,Unnamed_SPE_LCMS_MS,,,ng/L,20.08,5.04,10.04,4,10.12,2.6,0,15.28,11.52,3.8,,,,,,,,,,,,,,,,,,,,,,,,,,,,,,,,,,,,,,,,,,,,,,,,
Quezada_Davalos_et_al_2023,FCNC-South,Surface Water,38.6825,-104.71278,2019,1/6/2019,,Unnamed_SPE_LCMS_MS,,,ng/L,21.36,4.8,8.56,3.7,11.04,2.84,0,15.84,12.44,3.9,,,,,,,,,,,,,,,,,,,,,,,,,,,,,,,,,,,,,,,,,,,,,,,,
Quezada_Davalos_et_al_2023,FCNC-North,Surface Water,38.70972,-104.71694,2019,2/9/2019,,Unnamed_SPE_LCMS_MS,,,ng/L,17,4.16,10.16,2.9,7,3.8,0,17.96,14.24,3.6,,,,,,,,,,,,,,,,,,,,,,,,,,,,,,,,,,,,,,,,,,,,,,,,
Quezada_Davalos_et_al_2023,FCNC-North,Surface Water,38.70972,-104.71694,2019,2/9/2019,,Unnamed_SPE_LCMS_MS,,,ng/L,18.16,5.4,12.72,3.7,7.24,4.44,0,19.72,14.6,4.2,,,,,,,,,,,,,,,,,,,,,,,,,,,,,,,,,,,,,,,,,,,,,,,,
Quezada_Davalos_et_al_2023,Costco,Surface Water,38.90778,-104.82278,2019,2/9/2019,,Unnamed_SPE_LCMS_MS,,,ng/L,4.96,2.76,3.68,1.8,6.16,2.28,0,7.16,5.84,,,,,,,,,,,,,,,,,,,,,,,,,,,,,,,,,,,,,,,,,,,,,,,,,
Quezada_Davalos_et_al_2023,Costco,Surface Water,38.90778,-104.82278,2019,2/9/2019,,Unnamed_SPE_LCMS_MS,,,ng/L,5.44,3.04,2.84,,6.12,1.96,0,6.96,5.52,,,,,,,,,,,,,,,,,,,,,,,,,,,,,,,,,,,,,,,,,,,,,,,,,
Quezada_Davalos_et_al_2023,Dorchester Park,Surface Water,38.81611,-104.82417,2019,2/9/2019,,Unnamed_SPE_LCMS_MS,,,ng/L,3.84,2.56,2.12,,3.64,,0,4.2,4.08,,,,,,,,,,,,,,,,,,,,,,,,,,,,,,,,,,,,,,,,,,,,,,,,,
Quezada_Davalos_et_al_2023,Dorchester Park,Surface Water,38.81611,-104.82417,2019,2/9/2019,,Unnamed_SPE_LCMS_MS,,,ng/L,3.56,2.56,5.16,,3.56,1.84,0,4.72,4.32,,,,,,,,,,,,,,,,,,,,,,,,,,,,,,,,,,,,,,,,,,,,,,,,,
Quezada_Davalos_et_al_2023,FCNC-South,Surface Water,38.6825,-104.71278,2019,2/9/2019,,Unnamed_SPE_LCMS_MS,,,ng/L,19.12,4.88,11.36,2.2,7.96,4,0,17.36,14.32,3.5,,,,,,,,,,,,,,,,,,,,,,,,,,,,,,,,,,,,,,,,,,,,,,,,
Quezada_Davalos_et_al_2023,FCNC-South,Surface Water,38.6825,-104.71278,2019,2/9/2019,,Unnamed_SPE_LCMS_MS,,,ng/L,17.28,5,14.8,3,8.44,4.36,0,17.88,14.16,3.8,,,,,,,,,,,,,,,,,,,,,,,,,,,,,,,,,,,,,,,,,,,,,,,,
Quezada_Davalos_et_al_2023,SCYSC,Surface Water,38.7875,-104.775,2019,2/9/2019,,Unnamed_SPE_LCMS_MS,,,ng/L,3.16,1.72,3.48,2.3,7.48,,0,3.92,3.2,0,,,,,,,,,,,,,,,,,,,,,,,,,,,,,,,,,,,,,,,,,,,,,,,,
Quezada_Davalos_et_al_2023,SCYSC,Surface Water,38.7875,-104.775,2019,2/9/2019,,Unnamed_SPE_LCMS_MS,,,ng/L,3.04,1.76,2.32,2.5,7.52,,0,3.08,3.08,0,,,,,,,,,,,,,,,,,,,,,,,,,,,,,,,,,,,,,,,,,,,,,,,,
Quezada_Davalos_et_al_2023,Aqua Lane,Surface Water,38.77083,-104.77056,2019,2/9/2019,,Unnamed_SPE_LCMS_MS,,,ng/L,3.84,3.32,6.56,2.4,4.6,2.76,0,12.12,8.44,0,,,,,,,,,,,,,,,,,,,,,,,,,,,,,,,,,,,,,,,,,,,,,,,,
Quezada_Davalos_et_al_2023,Aqua Lane,Surface Water,38.77083,-104.77056,2019,2/9/2019,,Unnamed_SPE_LCMS_MS,,,ng/L,3.76,3.92,7.16,2.7,4.4,3.16,0,12.88,8.64,0,,,,,,,,,,,,,,,,,,,,,,,,,,,,,,,,,,,,,,,,,,,,,,,,
Quezada_Davalos_et_al_2023,Bridge,Surface Water,38.72889,-104.73333,2019,2/9/2019,,Unnamed_SPE_LCMS_MS,,,ng/L,15.68,5.72,13.76,3.7,7.44,4.76,0,19.76,13.24,3.4,,,,,,,,,,,,,,,,,,,,,,,,,,,,,,,,,,,,,,,,,,,,,,,,
Quezada_Davalos_et_al_2023,Bridge,Surface Water,38.72889,-104.73333,2019,2/9/2019,,Unnamed_SPE_LCMS_MS,,,ng/L,15.28,6.2,16.56,4,7.28,4.8,0,17.56,13.28,2.1,,,,,,,,,,,,,,,,,,,,,,,,,,,,,,,,,,,,,,,,,,,,,,,,
Quezada_Davalos_et_al_2023,FCRP,Surface Water,38.72056,-104.72611,2019,2/9/2019,,Unnamed_SPE_LCMS_MS,,,ng/L,20.2,5.8,15.56,3.2,7.2,4.92,0,18.56,12.4,4.28,,,,,,,,,,,,,,,,,,,,,,,,,,,,,,,,,,,,,,,,,,,,,,,,
Quezada_Davalos_et_al_2023,FCRP,Surface Water,38.72056,-104.72611,2019,2/9/2019,,Unnamed_SPE_LCMS_MS,,,ng/L,22.6,6.6,13.52,3.5,7.28,5,0,21.8,13.68,3.7,,,,,,,,,,,,,,,,,,,,,,,,,,,,,,,,,,,,,,,,,,,,,,,,
Quezada_Davalos_et_al_2023,Costco,Surface Water,38.90778,-104.82278,2019,3/16/2019,,Unnamed_SPE_LCMS_MS,,,ng/L,4.64,4,7.6,3.6,3.68,2.68,0,9.48,7.76,0,,,,,,,,,,,,,,,,,,,,,,,,,,,,,,,,,,,,,,,,,,,,,,,,
Quezada_Davalos_et_al_2023,Costco,Surface Water,38.90778,-104.82278,2019,3/16/2019,,Unnamed_SPE_LCMS_MS,,,ng/L,3.56,3.48,8.4,3.2,3.96,2.24,0,8.96,7.08,0,,,,,,,,,,,,,,,,,,,,,,,,,,,,,,,,,,,,,,,,,,,,,,,,
Quezada_Davalos_et_al_2023,Aqua Lane,Surface Water,38.77083,-104.77056,2019,3/16/2019,,Unnamed_SPE_LCMS_MS,,,ng/L,5.8,4.48,2.36,3.1,6.48,2.48,0,8.84,8.4,,,,,,,,,,,,,,,,,,,,,,,,,,,,,,,,,,,,,,,,,,,,,,,,,
Quezada_Davalos_et_al_2023,Aqua Lane,Surface Water,38.77083,-104.77056,2019,3/16/2019,,Unnamed_SPE_LCMS_MS,,,ng/L,5.28,4.24,2.32,2.4,5.96,2.72,0,8.4,8.48,,,,,,,,,,,,,,,,,,,,,,,,,,,,,,,,,,,,,,,,,,,,,,,,,
Quezada_Davalos_et_al_2023,Dorchester Park,Surface Water,38.81611,-104.82417,2019,3/16/2019,,Unnamed_SPE_LCMS_MS,,,ng/L,4.04,3.24,5.76,2.5,4.44,1.72,0,7.32,6.4,0,,,,,,,,,,,,,,,,,,,,,,,,,,,,,,,,,,,,,,,,,,,,,,,,
Quezada_Davalos_et_al_2023,Dorchester Park,Surface Water,38.81611,-104.82417,2019,3/16/2019,,Unnamed_SPE_LCMS_MS,,,ng/L,4.2,3.2,5.32,1.6,5.92,2,0,7.76,6.28,0,,,,,,,,,,,,,,,,,,,,,,,,,,,,,,,,,,,,,,,,,,,,,,,,
Quezada_Davalos_et_al_2023,FCRP,Surface Water,38.72056,-104.72611,2019,3/16/2019,,Unnamed_SPE_LCMS_MS,,,ng/L,26.88,8.56,10.72,5.28,13.12,4.36,0,21.76,17.8,4.12,,,,,,,,,,,,,,,,,,,,,,,,,,,,,,,,,,,,,,,,,,,,,,,,
Quezada_Davalos_et_al_2023,FCRP,Surface Water,38.72056,-104.72611,2019,3/16/2019,,Unnamed_SPE_LCMS_MS,,,ng/L,27.44,9.08,17.08,5.16,13.6,4.36,0,20.8,14.6,4.8,,,,,,,,,,,,,,,,,,,,,,,,,,,,,,,,,,,,,,,,,,,,,,,,
Quezada_Davalos_et_al_2023,FCNC-North,Surface Water,38.70972,-104.71694,2019,3/16/2019,,Unnamed_SPE_LCMS_MS,,,ng/L,20.2,7.16,9.52,4.2,12.72,3.84,0,18.64,14.24,4.56,,,,,,,,,,,,,,,,,,,,,,,,,,,,,,,,,,,,,,,,,,,,,,,,
Quezada_Davalos_et_al_2023,FCNC-North,Surface Water,38.70972,-104.71694,2019,3/16/2019,,Unnamed_SPE_LCMS_MS,,,ng/L,20.16,6.2,10.08,4.6,8.8,3.48,0,17.92,13.72,4,,,,,,,,,,,,,,,,,,,,,,,,,,,,,,,,,,,,,,,,,,,,,,,,
Quezada_Davalos_et_al_2023,Dorchester Park,Surface Water,38.81611,-104.82417,2019,4/20/2019,,Unnamed_SPE_LCMS_MS,,,ng/L,5.56,3.12,0,5.88,3.04,2.16,0,7.68,7.2,0,,,,,,,,,,,,,,,,,,,,,,,,,,,,,,,,,,,,,,,,,,,,,,,,
Quezada_Davalos_et_al_2023,Dorchester Park,Surface Water,38.81611,-104.82417,2019,4/20/2019,,Unnamed_SPE_LCMS_MS,,,ng/L,4.56,2.56,0,5.96,5.36,2.12,0,7.08,6.28,0,,,,,,,,,,,,,,,,,,,,,,,,,,,,,,,,,,,,,,,,,,,,,,,,
Quezada_Davalos_et_al_2023,FCNC-South,Surface Water,38.6825,-104.71278,2019,4/20/2019,,Unnamed_SPE_LCMS_MS,,,ng/L,15.24,3.04,11.48,7.48,9.16,3.04,0,11.48,9.12,3.44,,,,,,,,,,,,,,,,,,,,,,,,,,,,,,,,,,,,,,,,,,,,,,,,
Quezada_Davalos_et_al_2023,FCNC-South,Surface Water,38.6825,-104.71278,2019,4/20/2019,,Unnamed_SPE_LCMS_MS,,,ng/L,9.6,2.24,8.44,2.2,6.12,1.76,0,7.76,6.36,2.56,,,,,,,,,,,,,,,,,,,,,,,,,,,,,,,,,,,,,,,,,,,,,,,,
Quezada_Davalos_et_al_2023,Bridge,Surface Water,38.72889,-104.73333,2019,4/20/2019,,Unnamed_SPE_LCMS_MS,,,ng/L,8.52,2.76,0,2.8,7.24,2.32,0,9.08,6.88,2.12,,,,,,,,,,,,,,,,,,,,,,,,,,,,,,,,,,,,,,,,,,,,,,,,
Quezada_Davalos_et_al_2023,Bridge,Surface Water,38.72889,-104.73333,2019,4/20/2019,,Unnamed_SPE_LCMS_MS,,,ng/L,10.32,3.68,10.4,9.52,7.28,2.24,0,9.84,7.68,3.08,,,,,,,,,,,,,,,,,,,,,,,,,,,,,,,,,,,,,,,,,,,,,,,,
Quezada_Davalos_et_al_2023,Costco,Surface Water,38.90778,-104.82278,2019,4/20/2019,,Unnamed_SPE_LCMS_MS,,,ng/L,6.2,2.68,8.36,2.76,4.96,2.16,0,8.2,8.08,0,,,,,,,,,,,,,,,,,,,,,,,,,,,,,,,,,,,,,,,,,,,,,,,,
Quezada_Davalos_et_al_2023,Costco,Surface Water,38.90778,-104.82278,2019,4/20/2019,,Unnamed_SPE_LCMS_MS,,,ng/L,5.68,2.72,8.28,7.6,3.36,3.12,0,8,11.16,0,,,,,,,,,,,,,,,,,,,,,,,,,,,,,,,,,,,,,,,,,,,,,,,,
Quezada_Davalos_et_al_2023,Aqua Lane,Surface Water,38.77083,-104.77056,2019,4/20/2019,,Unnamed_SPE_LCMS_MS,,,ng/L,0,1.88,0,3.8,3.76,1.8,0,6,5.24,0,,,,,,,,,,,,,,,,,,,,,,,,,,,,,,,,,,,,,,,,,,,,,,,,
Quezada_Davalos_et_al_2023,Aqua Lane,Surface Water,38.77083,-104.77056,2019,4/20/2019,,Unnamed_SPE_LCMS_MS,,,ng/L,0,2.04,0,2.12,5.12,1.28,0,5.72,4.08,0,,,,,,,,,,,,,,,,,,,,,,,,,,,,,,,,,,,,,,,,,,,,,,,,
Quezada_Davalos_et_al_2023,FCNC-North,Surface Water,38.70972,-104.71694,2019,4/20/2019,,Unnamed_SPE_LCMS_MS,,,ng/L,10.24,3.16,0,3.96,8.88,3.04,0,11.88,11.44,3.52,,,,,,,,,,,,,,,,,,,,,,,,,,,,,,,,,,,,,,,,,,,,,,,,
Quezada_Davalos_et_al_2023,FCNC-North,Surface Water,38.70972,-104.71694,2019,4/20/2019,,Unnamed_SPE_LCMS_MS,,,ng/L,13.92,2.72,9.36,3.68,7.04,2.64,0,10.48,9.8,2.2,,,,,,,,,,,,,,,,,,,,,,,,,,,,,,,,,,,,,,,,,,,,,,,,
Quezada_Davalos_et_al_2023,Bridge,Surface Water,38.72889,-104.73333,2019,3/16/2019,,Unnamed_SPE_LCMS_MS,,,ng/L,15.32,5.76,11.4,7.68,7.52,3.64,0,13.16,9.92,2,,,,,,,,,,,,,,,,,,,,,,,,,,,,,,,,,,,,,,,,,,,,,,,,
Quezada_Davalos_et_al_2023,Bridge,Surface Water,38.72889,-104.73333,2019,3/16/2019,,Unnamed_SPE_LCMS_MS,,,ng/L,10.34,4.24,9.6,3.36,7.64,2.44,0,11.96,11.12,,,,,,,,,,,,,,,,,,,,,,,,,,,,,,,,,,,,,,,,,,,,,,,,,
Quezada_Davalos_et_al_2023,FCNC-South,Surface Water,38.6825,-104.71278,2019,3/16/2019,,Unnamed_SPE_LCMS_MS,,,ng/L,10,3.72,0,2.64,5.68,2.72,0,9.2,8.56,1.84,,,,,,,,,,,,,,,,,,,,,,,,,,,,,,,,,,,,,,,,,,,,,,,,
Quezada_Davalos_et_al_2023,FCNC-South,Surface Water,38.6825,-104.71278,2019,3/16/2019,,Unnamed_SPE_LCMS_MS,,,ng/L,16.72,7.96,17.6,2.68,10.68,2.88,0,13.88,9.68,2.32,,,,,,,,,,,,,,,,,,,,,,,,,,,,,,,,,,,,,,,,,,,,,,,,
Quezada_Davalos_et_al_2023,SCYSC,Surface Water,38.7875,-104.775,2019,4/20/2019,,Unnamed_SPE_LCMS_MS,,,ng/L,3.72,3.12,3.84,4.36,3.24,3,0,7.04,7,0,,,,,,,,,,,,,,,,,,,,,,,,,,,,,,,,,,,,,,,,,,,,,,,,
Quezada_Davalos_et_al_2023,SCYSC,Surface Water,38.7875,-104.775,2019,4/20/2019,,Unnamed_SPE_LCMS_MS,,,ng/L,3.64,3.44,0,4.08,5.32,4.12,0,8.56,7.88,0,,,,,,,,,,,,,,,,,,,,,,,,,,,,,,,,,,,,,,,,,,,,,,,,
Quezada_Davalos_et_al_2023,SCYSC,Surface Water,38.7875,-104.775,2019,5/25/2019,,Unnamed_SPE_LCMS_MS,,,ng/L,4.04,0,0,3.48,9.24,0,0,3,3.68,0,,,,,,,,,,,,,,,,,,,,,,,,,,,,,,,,,,,,,,,,,,,,,,,,
Quezada_Davalos_et_al_2023,SCYSC,Surface Water,38.7875,-104.775,2019,5/25/2019,,Unnamed_SPE_LCMS_MS,,,ng/L,3.72,1.8,0,1.64,7.92,,0,2.68,3.28,0,,,,,,,,,,,,,,,,,,,,,,,,,,,,,,,,,,,,,,,,,,,,,,,,
Quezada_Davalos_et_al_2023,Bridge,Surface Water,38.72889,-104.73333,2019,5/25/2019,,Unnamed_SPE_LCMS_MS,,,ng/L,11.44,5.68,3.76,2.28,6.32,2.84,0,12.92,11.44,2.84,,,,,,,,,,,,,,,,,,,,,,,,,,,,,,,,,,,,,,,,,,,,,,,,
Quezada_Davalos_et_al_2023,Bridge,Surface Water,38.72889,-104.73333,2019,5/25/2019,,Unnamed_SPE_LCMS_MS,,,ng/L,14.48,4.88,0,2,7.08,2.88,0,12.96,11.96,1.92,,,,,,,,,,,,,,,,,,,,,,,,,,,,,,,,,,,,,,,,,,,,,,,,
Quezada_Davalos_et_al_2023,SCYSC,Surface Water,38.7875,-104.775,2019,6/23/2019,,Unnamed_SPE_LCMS_MS,,,ng/L,3.28,4.44,0,4.24,9.52,3.84,0,8.36,9.6,0,,,,,,,,,,,,,,,,,,,,,,,,,,,,,,,,,,,,,,,,,,,,,,,,
Quezada_Davalos_et_al_2023,SCYSC,Surface Water,38.7875,-104.775,2019,6/23/2019,,Unnamed_SPE_LCMS_MS,,,ng/L,4.32,4.64,0,4.36,9.08,2.68,0,8.68,9.56,0,,,,,,,,,,,,,,,,,,,,,,,,,,,,,,,,,,,,,,,,,,,,,,,,
Quezada_Davalos_et_al_2023,SCYSC,Surface Water,38.7875,-104.775,2019,3/16/2019,,Unnamed_SPE_LCMS_MS,,,ng/L,0,1.88,0,2.12,10.16,0,0,2.8,3.2,0,,,,,,,,,,,,,,,,,,,,,,,,,,,,,,,,,,,,,,,,,,,,,,,,
Quezada_Davalos_et_al_2023,SCYSC,Surface Water,38.7875,-104.775,2019,3/16/2019,,Unnamed_SPE_LCMS_MS,,,ng/L,4.44,2.04,4.6,2,9.84,0,0,2.92,2.72,0,,,,,,,,,,,,,,,,,,,,,,,,,,,,,,,,,,,,,,,,,,,,,,,,
Quezada_Davalos_et_al_2023,FCRP,Surface Water,38.72056,-104.72611,2019,4/20/2019,,Unnamed_SPE_LCMS_MS,,,ng/L,21.76,3.96,15,2.76,9.64,3.44,0,12.04,11,4.72,,,,,,,,,,,,,,,,,,,,,,,,,,,,,,,,,,,,,,,,,,,,,,,,
Quezada_Davalos_et_al_2023,FCRP,Surface Water,38.72056,-104.72611,2019,4/20/2019,,Unnamed_SPE_LCMS_MS,,,ng/L,23.86,4.84,13.68,3.52,10.92,2.36,0,13.36,9.84,4.12,,,,,,,,,,,,,,,,,,,,,,,,,,,,,,,,,,,,,,,,,,,,,,,,
Quezada_Davalos_et_al_2023,FCNC-South,Surface Water,38.6825,-104.71278,2019,6/23/2019,,Unnamed_SPE_LCMS_MS,,,ng/L,16.04,6.32,14.8,4.56,9.96,3,0,14.36,10.84,3.56,,,,,,,,,,,,,,,,,,,,,,,,,,,,,,,,,,,,,,,,,,,,,,,,
Quezada_Davalos_et_al_2023,FCNC-South,Surface Water,38.6825,-104.71278,2019,6/23/2019,,Unnamed_SPE_LCMS_MS,,,ng/L,12.56,6.36,14.96,3.4,9.16,2.48,0,13.24,10.28,3.36,,,,,,,,,,,,,,,,,,,,,,,,,,,,,,,,,,,,,,,,,,,,,,,,
Quezada_Davalos_et_al_2023,Costco,Surface Water,38.90778,-104.82278,2019,5/25/2019,,Unnamed_SPE_LCMS_MS,,,ng/L,5.48,2.92,0,2.44,6.88,2.76,0,8.08,8.64,0,,,,,,,,,,,,,,,,,,,,,,,,,,,,,,,,,,,,,,,,,,,,,,,,
Quezada_Davalos_et_al_2023,Costco,Surface Water,38.90778,-104.82278,2019,5/25/2019,,Unnamed_SPE_LCMS_MS,,,ng/L,5.2,2.84,0,2.28,6.84,2.92,0,7.92,8.84,0,,,,,,,,,,,,,,,,,,,,,,,,,,,,,,,,,,,,,,,,,,,,,,,,
Quezada_Davalos_et_al_2023,Dorchester Park,Surface Water,38.81611,-104.82417,2019,5/25/2019,,Unnamed_SPE_LCMS_MS,,,ng/L,4.12,2.52,0,2.24,0,2.24,0,7.12,7.88,0,,,,,,,,,,,,,,,,,,,,,,,,,,,,,,,,,,,,,,,,,,,,,,,,
Quezada_Davalos_et_al_2023,Dorchester Park,Surface Water,38.81611,-104.82417,2019,5/25/2019,,Unnamed_SPE_LCMS_MS,,,ng/L,4.08,2.52,0,2.32,0,2.64,0,7.4,5.84,0,,,,,,,,,,,,,,,,,,,,,,,,,,,,,,,,,,,,,,,,,,,,,,,,
Quezada_Davalos_et_al_2023,FCRP,Surface Water,38.72056,-104.72611,2019,5/25/2019,,Unnamed_SPE_LCMS_MS,,,ng/L,27.28,8.48,17.04,4.56,10.08,4.68,0,16.88,13.72,4.84,,,,,,,,,,,,,,,,,,,,,,,,,,,,,,,,,,,,,,,,,,,,,,,,
Quezada_Davalos_et_al_2023,FCRP,Surface Water,38.72056,-104.72611,2019,5/25/2019,,Unnamed_SPE_LCMS_MS,,,ng/L,25.52,7.92,18.28,4.76,8.52,4.36,0,18.08,16.68,4.16,,,,,,,,,,,,,,,,,,,,,,,,,,,,,,,,,,,,,,,,,,,,,,,,
Quezada_Davalos_et_al_2023,Aqua Lane,Surface Water,38.77083,-104.77056,2019,5/25/2019,,Unnamed_SPE_LCMS_MS,,,ng/L,4.44,3.88,4.76,2.48,7.44,,0,8.76,8.04,0,,,,,,,,,,,,,,,,,,,,,,,,,,,,,,,,,,,,,,,,,,,,,,,,
Quezada_Davalos_et_al_2023,Aqua Lane,Surface Water,38.77083,-104.77056,2019,5/25/2019,,Unnamed_SPE_LCMS_MS,,,ng/L,3.76,4.12,4.42,2.16,7.72,,0,9.32,9.12,0,,,,,,,,,,,,,,,,,,,,,,,,,,,,,,,,,,,,,,,,,,,,,,,,
Quezada_Davalos_et_al_2023,Costco,Surface Water,38.90778,-104.82278,2019,6/23/2019,,Unnamed_SPE_LCMS_MS,,,ng/L,5.04,5.52,2,2.96,4.28,2.88,0,11.48,12.84,0,,,,,,,,,,,,,,,,,,,,,,,,,,,,,,,,,,,,,,,,,,,,,,,,
Quezada_Davalos_et_al_2023,Costco,Surface Water,38.90778,-104.82278,2019,6/23/2019,,Unnamed_SPE_LCMS_MS,,,ng/L,4.16,5.16,0,3.56,5.84,3.68,0,11.2,10.12,0,,,,,,,,,,,,,,,,,,,,,,,,,,,,,,,,,,,,,,,,,,,,,,,,
Quezada_Davalos_et_al_2023,FCNC-North,Surface Water,38.70972,-104.71694,2019,6/23/2019,,Unnamed_SPE_LCMS_MS,,,ng/L,16.44,6.24,11.12,5.2,9.76,4,0,17.04,11.36,3.2,,,,,,,,,,,,,,,,,,,,,,,,,,,,,,,,,,,,,,,,,,,,,,,,
Quezada_Davalos_et_al_2023,FCNC-North,Surface Water,38.70972,-104.71694,2019,6/23/2019,,Unnamed_SPE_LCMS_MS,,,ng/L,14.28,6.12,11.36,6.44,10.08,3.28,0,15.32,10.96,3.5,,,,,,,,,,,,,,,,,,,,,,,,,,,,,,,,,,,,,,,,,,,,,,,,
Quezada_Davalos_et_al_2023,FCNC-North,Surface Water,38.70972,-104.71694,2019,5/25/2019,,Unnamed_SPE_LCMS_MS,,,ng/L,22.66,6,18.88,3,9.92,3.2,0,13.44,10.72,3.4,,,,,,,,,,,,,,,,,,,,,,,,,,,,,,,,,,,,,,,,,,,,,,,,
Quezada_Davalos_et_al_2023,FCNC-North,Surface Water,38.70972,-104.71694,2019,5/25/2019,,Unnamed_SPE_LCMS_MS,,,ng/L,22.52,7.52,13.84,3.96,10.36,4.68,0,16.72,13.8,3.7,,,,,,,,,,,,,,,,,,,,,,,,,,,,,,,,,,,,,,,,,,,,,,,,
Quezada_Davalos_et_al_2023,Bridge,Surface Water,38.72889,-104.73333,2019,6/23/2019,,Unnamed_SPE_LCMS_MS,,,ng/L,15.44,5.76,11,5.68,7.24,3.6,0,14.28,8.84,0,,,,,,,,,,,,,,,,,,,,,,,,,,,,,,,,,,,,,,,,,,,,,,,,
Quezada_Davalos_et_al_2023,Bridge,Surface Water,38.72889,-104.73333,2019,6/23/2019,,Unnamed_SPE_LCMS_MS,,,ng/L,10.56,,12.16,5.48,7.12,4.24,,15.92,11.48,0,,,,,,,,,,,,,,,,,,,,,,,,,,,,,,,,,,,,,,,,,,,,,,,,
Quezada_Davalos_et_al_2023,FCRP,Surface Water,38.72056,-104.72611,2019,6/23/2019,,Unnamed_SPE_LCMS_MS,,,ng/L,25.04,,25.12,5.76,13.04,4.44,,18.6,13.32,4.6,,,,,,,,,,,,,,,,,,,,,,,,,,,,,,,,,,,,,,,,,,,,,,,,
Quezada_Davalos_et_al_2023,FCRP,Surface Water,38.72056,-104.72611,2019,6/23/2019,,Unnamed_SPE_LCMS_MS,,,ng/L,25.72,,30.74,4.52,12.24,5.12,,20.88,13,4.68,,,,,,,,,,,,,,,,,,,,,,,,,,,,,,,,,,,,,,,,,,,,,,,,
