Article (Author et al YYYY),Sample Name,Sample Type,Latitude,Longitude,Sample Date (MM/DD/YYY),Sample Time,Analysis Method,PFOS,FBSA,PFOA,PFDA,PFNA,PFHxS,PFHxA,PFHpA,PFHpS,GenX,4:2 FTS,6:2 FTS,8:2 FTS,10:2 FTS,PFPeA,PFPeS,PFBA,PFBS,PFMOPrA,PFMOBA,PFMOAA,PFO2HxA,PFO3OA,PFO4DA,PFESA BP 1,PFESA BP 2,PFUnDA,N-MeFOSE,NMeFOSAA,NMeFOSA,N-EtFOSE,NEtFOSAA,N-EtFOSA,PFDoA,PFDS,PFTeDA,PFHxDA,PFNS,PFTrDA,PFOSA,9-Cl-PF3ONS,ADONA,11-Cl-PF3OUdS,PFECA-G
Sims_et_al_2025,Boise_1,Surface Water,43.62912900,-116.23496100,11/5/2022,2:10:00 PM,EPA 8327,8.74,0,5.67,14.4,11.41,,,17.83,,,,,,,,,,,,,,,,,,,,,,,,,,,0,,,,,,,,,
Sims_et_al_2025,Boise_2,Surface Water,43.63674600,-116.24320800,11/5/2022,1:55:00 PM,EPA 8327,13.91,0,2.9,15.19,14.43,,,18.29,,,,,,,,,,,,,,,,,,,,,,,,,,,0,,,,,,,,,
Sims_et_al_2025,Boise_3,Surface Water,43.62603700,-116.23483000,11/5/2022,2:21:00 PM,EPA 8327,9.62,0,16,18.87,21.2,,,19.31,,,,,,,,,,,,,,,,,,,,,,,,,,,0,,,,,,,,,
Sims_et_al_2025,Boise_4,Surface Water,43.64057500,-116.24698800,11/5/2022,2:48:00 PM,EPA 8327,8.39,0,4.52,14.35,14.28,,,10.16,,,,,,,,,,,,,,,,,,,,,,,,,,,0,,,,,,,,,
Sims_et_al_2025,Boise_5,Surface Water,43.64680400,-116.25750700,11/5/2022,3:04:00 PM,EPA 8327,10.37,0,17.66,16.24,16.75,,,15.08,,,,,,,,,,,,,,,,,,,,,,,,,,,0,,,,,,,,,
Sims_et_al_2025,Boise_6,Surface Water,43.64692900,-116.25851600,11/5/2022,3:12:00 PM,EPA 8327,8.78,0,1.16,5.96,8.3,,,20.48,,,,,,,,,,,,,,,,,,,,,,,,,,,0,,,,,,,,,
Sims_et_al_2025,Boise_7,Surface Water,43.64903500,-116.26199600,11/5/2022,3:23:00 PM,EPA 8327,5.16,0,0,1.87,15.21,,,7.93,,,,,,,,,,,,,,,,,,,,,,,,,,,0,,,,,,,,,
Sims_et_al_2025,Boise_8,Surface Water,43.64990700,-116.26191100,11/5/2022,3:30:00 PM,EPA 8327,10.38,0,10.3,21.7,7.94,,,27.06,,,,,,,,,,,,,,,,,,,,,,,,,,,0,,,,,,,,,
Sims_et_al_2025,Boise_9,Surface Water,43.65189300,-116.26433000,11/5/2022,3:41:00 PM,EPA 8327,8.09,0,9.65,8.65,12,,,17.64,,,,,,,,,,,,,,,,,,,,,,,,,,,0,,,,,,,,,
Sims_et_al_2025,Boise_10,Surface Water,43.64066200,-116.24814100,11/5/2022,3:56:00 PM,EPA 8327,33.15,0,8.9,25.57,12.57,,,14.58,,,,,,,,,,,,,,,,,,,,,,,,,,,0,,,,,,,,,
Sims_et_al_2025,Carson_1,Surface Water,39.158074,-119.70601700,11/17/2022,,EPA 8327,18.37,0,0.88,1.8,5.96,,,8.73,,,,,,,,,,,,,,,,,,,,,,,,,,,0,,,,,,,,,
Sims_et_al_2025,Carson_2,Surface Water,39.164089,-119.70572300,11/17/2022,,EPA 8327,19.01,0,0.34,2.24,5.59,,,2.42,,,,,,,,,,,,,,,,,,,,,,,,,,,0,,,,,,,,,
Sims_et_al_2025,Carson_3,Surface Water,39.170791,-119.70678400,11/17/2022,,EPA 8327,27.15,0,3.77,4.92,5.98,,,6.44,,,,,,,,,,,,,,,,,,,,,,,,,,,0,,,,,,,,,
Sims_et_al_2025,Carson_4,Surface Water,39.171582,-119.70653300,11/17/2022,,EPA 8327,27.31,0,0.25,7.71,8.81,,,5.24,,,,,,,,,,,,,,,,,,,,,,,,,,,0,,,,,,,,,
Sims_et_al_2025,Carson_5,Surface Water,39.18,-119.70794500,11/17/2022,,EPA 8327,34.49,0,0.23,9.52,4.2,,,11.42,,,,,,,,,,,,,,,,,,,,,,,,,,,0,,,,,,,,,
Sims_et_al_2025,Carson_6,Surface Water,39.180299,-119.70898700,11/17/2022,,EPA 8327,31.58,0,0.19,2.02,6.78,,,7.89,,,,,,,,,,,,,,,,,,,,,,,,,,,0,,,,,,,,,
Sims_et_al_2025,Carson_7,Surface Water,39.182342,-119.70517900,11/17/2022,,EPA 8327,38.74,0,0,3.06,10.39,,,0.96,,,,,,,,,,,,,,,,,,,,,,,,,,,0,,,,,,,,,
Sims_et_al_2025,Carson_8,Surface Water,39.181294,-119.69456900,11/17/2022,,EPA 8327,25.61,0,3.39,3.79,9.37,,,15.11,,,,,,,,,,,,,,,,,,,,,,,,,,,0,,,,,,,,,
Sims_et_al_2025,Carson_9,Surface Water,39.181082,-119.68756400,11/17/2022,,EPA 8327,22.78,0,3.92,7.63,9.67,,,2.92,,,,,,,,,,,,,,,,,,,,,,,,,,,0,,,,,,,,,
Sims_et_al_2025,Carson_10,Surface Water,39.177443,-119.68806500,11/17/2022,,EPA 8327,21.03,0,5,18.53,9.85,,,6.7,,,,,,,,,,,,,,,,,,,,,,,,,,,0,,,,,,,,,
Sims_et_al_2025,ClarkFork_1,Surface Water,46.8764824,-114.02233430,11/8/2023,,EPA 8327,8.67,0,0,1.96,3.81,,,11.64,,,,,,,,,,,,,,,,,,,,,,,,,,,0,,,,,,,,,
Sims_et_al_2025,ClarkFork_2,Surface Water,46.8811312,-114.02795420,11/8/2023,,EPA 8327,9.04,0,12.99,2.11,4.78,,,22.77,,,,,,,,,,,,,,,,,,,,,,,,,,,0,,,,,,,,,
Sims_et_al_2025,ClarkFork_3,Surface Water,46.8823064,-114.03115780,11/8/2023,,EPA 8327,8.95,0,14.78,3.24,5.26,,,21.58,,,,,,,,,,,,,,,,,,,,,,,,,,,0,,,,,,,,,
Sims_et_al_2025,ClarkFork_4,Surface Water,46.8785985,-114.04029800,11/8/2023,,EPA 8327,9.01,0,9.68,1.36,4.49,,,15.71,,,,,,,,,,,,,,,,,,,,,,,,,,,0,,,,,,,,,
Sims_et_al_2025,ClarkFork_5,Surface Water,46.8780312,-114.04059610,11/8/2023,,EPA 8327,10.86,0,27.71,1.94,4.75,,,39.03,,,,,,,,,,,,,,,,,,,,,,,,,,,0,,,,,,,,,
Sims_et_al_2025,ClarkFork_6,Surface Water,46.8771459,-114.04143390,11/8/2023,,EPA 8327,11.47,0,16.89,5.68,2.52,,,38.48,,,,,,,,,,,,,,,,,,,,,,,,,,,0,,,,,,,,,
Sims_et_al_2025,ClarkFork_7,Surface Water,46.8742886,-114.04409840,11/8/2023,,EPA 8327,10.06,0,26.26,5.7,9.04,,,35.96,,,,,,,,,,,,,,,,,,,,,,,,,,,0,,,,,,,,,
Sims_et_al_2025,ClarkFork_8,Surface Water,46.8734371,-114.04563640,11/8/2023,,EPA 8327,8.88,0,11.67,5.72,3.88,,,16.38,,,,,,,,,,,,,,,,,,,,,,,,,,,0,,,,,,,,,
Sims_et_al_2025,ClarkFork_9,Surface Water,46.8710961,-114.04898750,11/8/2023,,EPA 8327,6.79,0,19.07,4.54,5.75,,,27.32,,,,,,,,,,,,,,,,,,,,,,,,,,,0,,,,,,,,,
Sims_et_al_2025,ClarkFork_10,Surface Water,46.8714412,-114.05089620,11/8/2023,,EPA 8327,3.11,0,6.68,6.83,5.54,,,22.98,,,,,,,,,,,,,,,,,,,,,,,,,,,0,,,,,,,,,
Sims_et_al_2025,Colarado(Grand_Junction)_1,Surface Water,39.101269,-108.64441100,11/8/2022,11:16:00 AM,EPA 8327,0,0,11.62,14.16,7.17,,,9.86,,,,,,,,,,,,,,,,,,,,,,,,,,,0,,,,,,,,,
Sims_et_al_2025,Colarado(Grand_Junction)_2,Surface Water,39.099797,-108.65112800,11/8/2022,11:25:00 AM,EPA 8327,0,0,18.52,10.85,9.29,,,7.73,,,,,,,,,,,,,,,,,,,,,,,,,,,0,,,,,,,,,
Sims_et_al_2025,Colarado(Grand_Junction)_3,Surface Water,39.107097,-108.65756100,11/8/2022,11:37:00 AM,EPA 8327,0,0,4.93,2.96,5.18,,,17.72,,,,,,,,,,,,,,,,,,,,,,,,,,,0,,,,,,,,,
Sims_et_al_2025,Colarado(Grand_Junction)_4,Surface Water,39.109231,-108.66128100,11/8/2022,11:58:00 AM,EPA 8327,0,0,28.06,9.07,6.27,,,33.65,,,,,,,,,,,,,,,,,,,,,,,,,,,0,,,,,,,,,
Sims_et_al_2025,Colarado(Grand_Junction)_5,Surface Water,39.113722,-108.66474400,11/8/2022,12:10:00 PM,EPA 8327,0,0,13.29,8.99,3.96,,,22.78,,,,,,,,,,,,,,,,,,,,,,,,,,,0,,,,,,,,,
Sims_et_al_2025,Colarado(Grand_Junction)_6,Surface Water,39.118089,-108.67316900,11/8/2022,12:25:00 PM,EPA 8327,6.12,0,33,29.32,6.33,,,35.34,,,,,,,,,,,,,,,,,,,,,,,,,,,0,,,,,,,,,
Sims_et_al_2025,Colarado(Grand_Junction)_7,Surface Water,39.122936,-108.67965300,11/8/2022,12:41:00 PM,EPA 8327,0,0,19.39,19.02,5.48,,,29.64,,,,,,,,,,,,,,,,,,,,,,,,,,,0,,,,,,,,,
Sims_et_al_2025,Colarado(Grand_Junction)_8,Surface Water,39.124342,-108.68949700,11/8/2022,12:52:00 PM,EPA 8327,2.99,0,27.45,20.06,6.36,,,34.19,,,,,,,,,,,,,,,,,,,,,,,,,,,0,,,,,,,,,
Sims_et_al_2025,Colarado(Grand_Junction)_9,Surface Water,39.116475,-108.69404400,11/8/2022,1:05:00 PM,EPA 8327,0,0,25.43,27.19,8.95,,,28.18,,,,,,,,,,,,,,,,,,,,,,,,,,,0,,,,,,,,,
Sims_et_al_2025,Colarado(Grand_Junction)_10,Surface Water,39.123917,-108.70610300,11/8/2022,1:36:00 PM,EPA 8327,0,0,20.53,20.69,11.86,,,37.63,,,,,,,,,,,,,,,,,,,,,,,,,,,0,,,,,,,,,
Sims_et_al_2025,Colarado(Nelson)_1,Surface Water,35.707669,-114.70761900,1/21/2023,,EPA 8327,0,0,35.24,0,0,,,15.11,,,,,,,,,,,,,,,,,,,,,,,,,,,0,,,,,,,,,
Sims_et_al_2025,Colarado(Nelson)_2,Surface Water,35.707897,-114.70751100,1/21/2023,,EPA 8327,0,0,65.69,0,0,,,35.02,,,,,,,,,,,,,,,,,,,,,,,,,,,0,,,,,,,,,
Sims_et_al_2025,Colarado(Nelson)_3,Surface Water,35.708469,-114.70710800,1/21/2023,,EPA 8327,0,0,75.4,0,0,,,12.8,,,,,,,,,,,,,,,,,,,,,,,,,,,0,,,,,,,,,
Sims_et_al_2025,Colarado(Nelson)_4,Surface Water,35.710733,-114.70864400,1/21/2023,,EPA 8327,0,0,86.71,0,0,,,50.67,,,,,,,,,,,,,,,,,,,,,,,,,,,0,,,,,,,,,
Sims_et_al_2025,Colarado(Nelson)_5,Surface Water,35.711231,-114.70781400,1/21/2023,,EPA 8327,0,0,59.49,0,0,,,11.47,,,,,,,,,,,,,,,,,,,,,,,,,,,0,,,,,,,,,
Sims_et_al_2025,Colorado(Temple_Bar)_1,Surface Water,36.039472,-114.31197500,1/21/2023,,EPA 8327,0,0,7.35,0,5.18,,,16.65,,,,,,,,,,,,,,,,,,,,,,,,,,,0,,,,,,,,,
Sims_et_al_2025,Colorado(Temple_Bar)_2,Surface Water,36.040072,-114.31118100,1/21/2023,,EPA 8327,0,0,6.22,1.29,4.07,,,4.26,,,,,,,,,,,,,,,,,,,,,,,,,,,0,,,,,,,,,
Sims_et_al_2025,Colorado(Temple_Bar)_3,Surface Water,36.041008,-114.31152800,1/21/2023,,EPA 8327,0,0,20.18,0,6.16,,,41.3,,,,,,,,,,,,,,,,,,,,,,,,,,,0,,,,,,,,,
Sims_et_al_2025,Colorado(Temple_Bar)_4,Surface Water,36.042194,-114.31066700,1/21/2023,,EPA 8327,0,0,10.54,0,6.08,,,24.14,,,,,,,,,,,,,,,,,,,,,,,,,,,0,,,,,,,,,
Sims_et_al_2025,Colorado(Temple_Bar)_5,Surface Water,36.041389,-114.31282200,1/21/2023,,EPA 8327,0,0,11.56,0,7.26,,,8.85,,,,,,,,,,,,,,,,,,,,,,,,,,,0,,,,,,,,,
Sims_et_al_2025,Colorado(Willow_Beach)_1,Surface Water,35.870181,-114.66094200,1/21/2023,,EPA 8327,0,0.26,20.28,0,0,,,7.41,,,,,,,,,,,,,,,,,,,,,,,,,,,0,,,,,,,,,
Sims_et_al_2025,Colorado(Willow_Beach)_2,Surface Water,35.869589,-114.66095600,1/21/2023,,EPA 8327,0,0,23.86,0,3.3,,,12.25,,,,,,,,,,,,,,,,,,,,,,,,,,,0,,,,,,,,,
Sims_et_al_2025,Colorado(Willow_Beach)_3,Surface Water,35.869131,-114.66165300,1/21/2023,,EPA 8327,0,0,32.85,0,0,,,9.34,,,,,,,,,,,,,,,,,,,,,,,,,,,0,,,,,,,,,
Sims_et_al_2025,Colorado(Willow_Beach)_4,Surface Water,35.868044,-114.66293100,1/21/2023,,EPA 8327,0,0,26.79,0,3.17,,,11.93,,,,,,,,,,,,,,,,,,,,,,,,,,,0,,,,,,,,,
Sims_et_al_2025,Colorado(Willow_Beach)_5,Surface Water,35.867447,-114.66359700,1/21/2023,,EPA 8327,0,0,33.3,0,1.48,,,7.26,,,,,,,,,,,,,,,,,,,,,,,,,,,0,,,,,,,,,
Sims_et_al_2025,Colorado(YUMA)_1,Surface Water,32.723561,-114.59426100,12/16/2022,,EPA 8327,10.82,0,148.16,7.06,7.11,,,152.68,,,,,,,,,,,,,,,,,,,,,,,,,,,0,,,,,,,,,
Sims_et_al_2025,Colorado(YUMA)_2,Surface Water,32.72855,-114.61490000,12/16/2022,,EPA 8327,6.87,0,154.45,1.67,10.25,,,141.52,,,,,,,,,,,,,,,,,,,,,,,,,,,0,,,,,,,,,
Sims_et_al_2025,Colorado(YUMA)_3,Surface Water,32.730981,-114.63538900,12/16/2022,,EPA 8327,9.3,0,175.53,5.59,9.49,,,123.85,,,,,,,,,,,,,,,,,,,,,,,,,,,0,,,,,,,,,
Sims_et_al_2025,Colorado(YUMA)_4,Surface Water,32.732661,-114.64935000,12/16/2022,,EPA 8327,9.33,0,182.33,7.77,17.54,,,162.25,,,,,,,,,,,,,,,,,,,,,,,,,,,0,,,,,,,,,
Sims_et_al_2025,Colorado(YUMA)_5,Surface Water,32.733325,-114.65715300,12/16/2022,,EPA 8327,6.1,0,110.71,0,8.46,,,166.63,,,,,,,,,,,,,,,,,,,,,,,,,,,0,,,,,,,,,
Sims_et_al_2025,Colorado(YUMA)_6,Surface Water,32.738669,-114.68857800,12/16/2022,,EPA 8327,5.81,0,111.22,5.09,4.31,,,143.4,,,,,,,,,,,,,,,,,,,,,,,,,,,0,,,,,,,,,
Sims_et_al_2025,Colorado(YUMA)_7,Surface Water,32.7416,-114.69526100,12/16/2022,,EPA 8327,9.28,0,177.06,11.43,15.4,,,169.88,,,,,,,,,,,,,,,,,,,,,,,,,,,0,,,,,,,,,
Sims_et_al_2025,Colorado(YUMA)_8,Surface Water,,,,,EPA 8327,9.12,0,122,0,6.43,,,138.74,,,,,,,,,,,,,,,,,,,,,,,,,,,0,,,,,,,,,
Sims_et_al_2025,Columbia_1,Surface Water,45.6091819,-122.66158040,11/19/2022,,EPA 8327,0,0,0,8.54,6.85,,,12.11,,,,,,,,,,,,,,,,,,,,,,,,,,,0,,,,,,,,,
Sims_et_al_2025,Columbia_2,Surface Water,45.6091819,-122.66158040,11/19/2022,,EPA 8327,0,0,2.96,15.84,11.46,,,15.63,,,,,,,,,,,,,,,,,,,,,,,,,,,0,,,,,,,,,
Sims_et_al_2025,Columbia_3,Surface Water,45.6091819,-122.66158040,11/19/2022,,EPA 8327,,,,,,,,,,,,,,,,,,,,,,,,,,,,,,,,,,,,,,,,,,,,
Sims_et_al_2025,Columbia_4,Surface Water,45.6441752,-122.72561110,11/19/2022,,EPA 8327,5.2,0,0,0.8,7.35,,,11.11,,,,,,,,,,,,,,,,,,,,,,,,,,,0,,,,,,,,,
Sims_et_al_2025,Columbia_5,Surface Water,45.6441752,-122.72561110,11/19/2022,,EPA 8327,0,0,5.17,15.42,10.56,,,10.61,,,,,,,,,,,,,,,,,,,,,,,,,,,0,,,,,,,,,
Sims_et_al_2025,Columbia_6,Surface Water,45.6441752,-122.72561110,11/19/2022,,EPA 8327,5.21,0,0.34,4.69,9.29,,,7.67,,,,,,,,,,,,,,,,,,,,,,,,,,,0,,,,,,,,,
Sims_et_al_2025,Columbia_7,Surface Water,45.6441752,-122.72561110,11/19/2022,,EPA 8327,2.72,0,3.61,9.02,10.02,,,4.53,,,,,,,,,,,,,,,,,,,,,,,,,,,0,,,,,,,,,
Sims_et_al_2025,Columbia_8,Surface Water,45.6441752,-122.72561110,11/19/2022,,EPA 8327,0,0,7.76,23.86,11.18,,,13.59,,,,,,,,,,,,,,,,,,,,,,,,,,,0,,,,,,,,,
Sims_et_al_2025,Columbia_9,Surface Water,45.6441752,-122.72561110,11/19/2022,,EPA 8327,0,0,4.01,19.99,11.03,,,12.49,,,,,,,,,,,,,,,,,,,,,,,,,,,0,,,,,,,,,
Sims_et_al_2025,Columbia_10,Surface Water,45.6441752,-122.72561110,11/19/2022,,EPA 8327,0,0,5.28,12.21,13.05,,,14.91,,,,,,,,,,,,,,,,,,,,,,,,,,,0,,,,,,,,,
Sims_et_al_2025,Gila_1,Surface Water,32.760861,-114.41286100,12/16/2022,,EPA 8327,9.94,0,127.61,0,13.55,,,155.02,,,,,,,,,,,,,,,,,,,,,,,,,,,0,,,,,,,,,
Sims_et_al_2025,Gila_2,Surface Water,32.7596,-114.42181100,12/16/2022,,EPA 8327,12.59,0,202.74,23.9,16.57,,,177.22,,,,,,,,,,,,,,,,,,,,,,,,,,,0,,,,,,,,,
Sims_et_al_2025,Gila_3,Surface Water,32.753389,-114.43306100,12/16/2022,,EPA 8327,3.04,0,190.31,5.32,19.57,,,162.79,,,,,,,,,,,,,,,,,,,,,,,,,,,0,,,,,,,,,
Sims_et_al_2025,Gila_4,Surface Water,32.750119,-114.43665000,12/16/2022,,EPA 8327,14.45,0,236.26,23.17,27.31,,,174.75,,,,,,,,,,,,,,,,,,,,,,,,,,,0,,,,,,,,,
Sims_et_al_2025,Gila_5,Surface Water,32.743056,-114.44168600,12/16/2022,,EPA 8327,22.61,0,166.99,11.06,19.25,,,172.37,,,,,,,,,,,,,,,,,,,,,,,,,,,0,,,,,,,,,
Sims_et_al_2025,Gila_6,Surface Water,32.727983,-114.44184400,12/16/2022,,EPA 8327,7.4,0,184.38,8.37,16.13,,,164.36,,,,,,,,,,,,,,,,,,,,,,,,,,,0,,,,,,,,,
Sims_et_al_2025,Gila_7,Surface Water,32.724231,-114.51266900,12/16/2022,,EPA 8327,8.88,0,131.32,6.93,17.17,,,141.42,,,,,,,,,,,,,,,,,,,,,,,,,,,0,,,,,,,,,
Sims_et_al_2025,Gila_8,Surface Water,32.712492,-114.54785000,12/16/2022,,EPA 8327,9.71,0,185.99,8.01,13.89,,,176.33,,,,,,,,,,,,,,,,,,,,,,,,,,,0,,,,,,,,,
Sims_et_al_2025,Gila_9,Surface Water,32.717803,-114.55727500,12/16/2022,,EPA 8327,2.66,0,156.4,4.42,15.03,,,148.78,,,,,,,,,,,,,,,,,,,,,,,,,,,0,,,,,,,,,
Sims_et_al_2025,Los_Angeles_1,Surface Water,34.1450188,-118.34091922,12/18/2023,,EPA 8327,3.09,1,335.04,100.54,56.54,,,221.73,,,,,,,,,,,,,,,,,,,,,,,,,,,0,,,,,,,,,
Sims_et_al_2025,Los_Angeles_2,Surface Water,34.19426,-118.57961000,12/18/2023,,EPA 8327,11.6,0,363.22,89.43,56.18,,,192.42,,,,,,,,,,,,,,,,,,,,,,,,,,,0,,,,,,,,,
Sims_et_al_2025,Los_Angeles_3,Surface Water,34.18484,-118.51867000,12/18/2023,,EPA 8327,6.3,0,278.69,74.14,33.96,,,115.64,,,,,,,,,,,,,,,,,,,,,,,,,,,0,,,,,,,,,
Sims_et_al_2025,Los_Angeles_4,Surface Water,34.15508,-118.44015000,12/18/2023,,EPA 8327,5.63,0,266.08,85.96,37.9,,,112.46,,,,,,,,,,,,,,,,,,,,,,,,,,,0,,,,,,,,,
Sims_et_al_2025,Los_Angeles_5,Surface Water,34.1162835,-118.26727250,12/18/2023,,EPA 8327,28.04,0.03,228.62,44.58,27.04,,,134.13,,,,,,,,,,,,,,,,,,,,,,,,,,,0,,,,,,,,,
Sims_et_al_2025,Los_Angeles_6,Surface Water,34.0673722,-118.22421440,12/18/2023,,EPA 8327,11.47,0.76,336.57,96.07,43.95,,,163.55,,,,,,,,,,,,,,,,,,,,,,,,,,,0,,,,,,,,,
Sims_et_al_2025,Los_Angeles_7,Surface Water,33.96368,-118.17065000,12/18/2023,,EPA 8327,12.52,1.35,260.96,61.47,29.39,,,115.09,,,,,,,,,,,,,,,,,,,,,,,,,,,0,,,,,,,,,
Sims_et_al_2025,Los_Angeles_8,Surface Water,33.9034613,-118.18282748,12/18/2023,,EPA 8327,14.98,0.38,231.88,67.76,26.77,,,125.49,,,,,,,,,,,,,,,,,,,,,,,,,,,0,,,,,,,,,
Sims_et_al_2025,Los_Angeles_9,Surface Water,33.8742578,-118.19014754,12/18/2023,,EPA 8327,14.61,0,193.83,36.41,14.15,,,111.94,,,,,,,,,,,,,,,,,,,,,,,,,,,0,,,,,,,,,
Sims_et_al_2025,Los_Angeles_10,Surface Water,33.804072,-118.20535772,12/18/2023,,EPA 8327,14.32,0,152.61,7.48,18.98,,,85.36,,,,,,,,,,,,,,,,,,,,,,,,,,,0,,,,,,,,,
Sims_et_al_2025,Puyallup_river_1,Surface Water,47.228179,-122.23174200,1/12/23,10:06:00 AM,EPA 8327,,,,,,,,,,,,,,,,,,,,,,,,,,,,,,,,,,,,,,,,,,,,
Sims_et_al_2025,Puyallup_river_2,Surface Water,47.212388,-122.24270500,1/12/23,10:40:00 AM,EPA 8327,10.71,0,51.65,58.17,22.97,,,23.29,,,,,,,,,,,,,,,,,,,,,,,,,,,0,,,,,,,,,
Sims_et_al_2025,Puyallup_river_3,Surface Water,47.20192,-122.25119400,1/12/23,11:06:00 AM,EPA 8327,4.04,0,76.92,58.83,24.47,,,51.56,,,,,,,,,,,,,,,,,,,,,,,,,,,0,,,,,,,,,
Sims_et_al_2025,Puyallup_river_4,Surface Water,47.199888,-122.25822900,1/12/23,12:28:00 PM,EPA 8327,,,,,,,,,,,,,,,,,,,,,,,,,,,,,,,,,,,,,,,,,,,,
Sims_et_al_2025,Puyallup_river_5,Surface Water,47.19972,-122.26008900,1/12/23,12:35:00 PM,EPA 8327,18.62,0,46.96,43.58,19.22,,,27.96,,,,,,,,,,,,,,,,,,,,,,,,,,,0,,,,,,,,,
Sims_et_al_2025,Puyallup_river_6,Surface Water,47.195065,-122.27516400,1/12/23,12:04:00 PM,EPA 8327,43.43,0,56.06,37.26,20.14,,,22.02,,,,,,,,,,,,,,,,,,,,,,,,,,,0,,,,,,,,,
Sims_et_al_2025,Puyallup_river_7,Surface Water,47.198572,-122.28716300,1/12/23,1:16:00 PM,EPA 8327,,,,,,,,,,,,,,,,,,,,,,,,,,,,,,,,,,,,,,,,,,,,
Sims_et_al_2025,Rio_Grande(Albequrque)_1,Surface Water,35.02759992,-106.67314005,11/26/2022,12:15:00 PM,EPA 8327,15.76,0,0,0,3.36,,,1.67,,,,,,,,,,,,,,,,,,,,,,,,,,,0,,,,,,,,,
Sims_et_al_2025,Rio_Grande(Albequrque)_2,Surface Water,35.02515668,-106.67291834,11/26/2022,12:25:00 PM,EPA 8327,21.33,0,0,0,8.08,,,9.43,,,,,,,,,,,,,,,,,,,,,,,,,,,0,,,,,,,,,
Sims_et_al_2025,Rio_Grande(Albequrque)_3,Surface Water,35.0175,-106.67138900,11/26/2022,12:35:00 PM,EPA 8327,97.78,0,0,3.18,5.82,,,9.18,,,,,,,,,,,,,,,,,,,,,,,,,,,0,,,,,,,,,
Sims_et_al_2025,Rio_Grande(Albequrque)_4,Surface Water,35.017222,-106.67138900,11/26/2022,12:45:00 PM,EPA 8327,11.05,0,0,0,5.65,,,15.95,,,,,,,,,,,,,,,,,,,,,,,,,,,0,,,,,,,,,
Sims_et_al_2025,Rio_Grande(Albequrque)_5,Surface Water,35.016389,-106.67138900,11/26/2022,12:55:00 PM,EPA 8327,14.85,0,0,0,6.86,,,5.06,,,,,,,,,,,,,,,,,,,,,,,,,,,0,,,,,,,,,
Sims_et_al_2025,Rio_Grande(Albequrque)_6,Surface Water,35.015,-106.67138900,11/26/2022,1:05:00 PM,EPA 8327,25.1,0,0.17,6.5,10.7,,,7.61,,,,,,,,,,,,,,,,,,,,,,,,,,,0,,,,,,,,,
Sims_et_al_2025,Rio_Grande(Albequrque)_7,Surface Water,35.014167,-106.67222200,11/26/2022,1:15:00 PM,EPA 8327,25.33,0,2.08,3.99,6.18,,,10.96,,,,,,,,,,,,,,,,,,,,,,,,,,,0,,,,,,,,,
Sims_et_al_2025,Rio_Grande(Albequrque)_8,Surface Water,35.013056,-106.67402800,11/26/2022,1:25:00 PM,EPA 8327,23.43,0,0.94,4.1,5.17,,,11.16,,,,,,,,,,,,,,,,,,,,,,,,,,,0,,,,,,,,,
Sims_et_al_2025,Rio_Grande(Albequrque)_9,Surface Water,35.011111,-106.67583300,11/26/2022,1:30:00 PM,EPA 8327,22.74,0,1.92,4.38,5.78,,,12.73,,,,,,,,,,,,,,,,,,,,,,,,,,,0,,,,,,,,,
Sims_et_al_2025,Rio_Grande(Albequrque)_10,Surface Water,35.006944,-106.67974100,11/26/2022,1:30:00 PM,EPA 8327,19.96,0,0.18,6.84,5.59,,,12.19,,,,,,,,,,,,,,,,,,,,,,,,,,,0,,,,,,,,,
Sims_et_al_2025,Moab_1,Surface Water,38.60355,-109.58255000,4/9/2023,9:18:00 AM,EPA 8327,0,0,114,12.4,19,,,150,,,,,,,,,,,,,,,,,,,,,,,,,,,0,,,,,,,,,
Sims_et_al_2025,Moab_2,Surface Water,38.59459,-109.59002000,4/9/2023,9:35:00 AM,EPA 8327,0,0,92,2.4,11.7,,,144,,,,,,,,,,,,,,,,,,,,,,,,,,,0,,,,,,,,,
Sims_et_al_2025,Moab_3,Surface Water,38.58491,-109.58911000,4/9/2023,9:47:00 AM,EPA 8327,0,0,159,6.1,14.7,,,178,,,,,,,,,,,,,,,,,,,,,,,,,,,0,,,,,,,,,
Sims_et_al_2025,Moab_4,Surface Water,38.57762,-109.58110000,4/9/2023,9:59:00 AM,EPA 8327,9,0,167,0,10.3,,,181,,,,,,,,,,,,,,,,,,,,,,,,,,,0,,,,,,,,,
Sims_et_al_2025,Moab_5,Surface Water,38.56971,-109.57948000,4/9/2023,10:22:00 AM,EPA 8327,0,0,132,0,5.3,,,150,,,,,,,,,,,,,,,,,,,,,,,,,,,0,,,,,,,,,
Sims_et_al_2025,Moab_6,Surface Water,38.5613,-109.58323000,4/9/2023,10:36:00 AM,EPA 8327,0,0,144,2.5,10.7,,,199,,,,,,,,,,,,,,,,,,,,,,,,,,,0,,,,,,,,,
Sims_et_al_2025,Moab_7,Surface Water,38.55417,-109.59033000,4/9/2023,10:50:00 AM,EPA 8327,0,0,113,0,0,,,148,,,,,,,,,,,,,,,,,,,,,,,,,,,0,,,,,,,,,
Sims_et_al_2025,Moab_8,Surface Water,38.54709,-109.59749000,4/9/2023,11:14:00 AM,EPA 8327,0,0,147,0.7,4.3,,,161,,,,,,,,,,,,,,,,,,,,,,,,,,,0,,,,,,,,,
Sims_et_al_2025,Moab_9,Surface Water,38.53833,-109.60059000,4/9/2023,11:26:00 AM,EPA 8327,0,0,157,0,4,,,157,,,,,,,,,,,,,,,,,,,,,,,,,,,0,,,,,,,,,
Sims_et_al_2025,Moab_10,Surface Water,38.53095,-109.60707000,4/9/2023,11:38:00 AM,EPA 8327,0,0,131,7.5,10.1,,,192,,,,,,,,,,,,,,,,,,,,,,,,,,,0,,,,,,,,,
Sims_et_al_2025,Rio_Grande(Los_Lunas)_1,Surface Water,34.784444,-106.72694400,11/27/2022,2:00:00 PM,EPA 8327,9.44,0,0,5.26,4.77,,,5.79,,,,,,,,,,,,,,,,,,,,,,,,,,,0,,,,,,,,,
Sims_et_al_2025,Rio_Grande(Los_Lunas)_2,Surface Water,34.784167,-106.72694400,11/27/2022,2:15:00 PM,EPA 8327,9.13,0,6.16,0,4.57,,,0.51,,,,,,,,,,,,,,,,,,,,,,,,,,,0,,,,,,,,,
Sims_et_al_2025,Rio_Grande(Los_Lunas)_3,Surface Water,34.783889,-106.72694400,11/27/2022,2:30:00 PM,EPA 8327,9.12,0,11.15,7.14,9.17,,,7.97,,,,,,,,,,,,,,,,,,,,,,,,,,,0,,,,,,,,,
Sims_et_al_2025,Rio_Grande(Los_Lunas)_4,Surface Water,34.776667,-106.73166700,11/27/2022,2:45:00 PM,EPA 8327,11.52,0,2.9,5.2,1.13,,,8.15,,,,,,,,,,,,,,,,,,,,,,,,,,,0,,,,,,,,,
Sims_et_al_2025,Rio_Grande(Los_Lunas)_5,Surface Water,34.776389,-106.73194400,11/27/2022,3:00:00 PM,EPA 8327,8.39,0,1.55,7.9,7.5,,,11.65,,,,,,,,,,,,,,,,,,,,,,,,,,,0,,,,,,,,,
Sims_et_al_2025,Rio_Grande(Los_Lunas)_6,Surface Water,34.775833,-106.73166700,11/27/2022,3:15:00 PM,EPA 8327,8.32,0,0.24,15.61,7.33,,,11.95,,,,,,,,,,,,,,,,,,,,,,,,,,,0,,,,,,,,,
Sims_et_al_2025,Rio_Grande(Los_Lunas)_7,Surface Water,34.774722,-106.73194400,11/27/2022,3:30:00 PM,EPA 8327,9.68,0,5,20.4,12.66,,,6.24,,,,,,,,,,,,,,,,,,,,,,,,,,,0,,,,,,,,,
Sims_et_al_2025,Rio_Grande(Los_Lunas)_8,Surface Water,34.774167,-106.73194400,11/27/2022,3:45:00 PM,EPA 8327,4.9,0,7.29,10.16,10.19,,,9.99,,,,,,,,,,,,,,,,,,,,,,,,,,,0,,,,,,,,,
Sims_et_al_2025,Rio_Grande(Los_Lunas)_9,Surface Water,34.773611,-106.73222200,11/27/2022,4:00:00 PM,EPA 8327,6.16,0,4.6,3.42,6.93,,,8.4,,,,,,,,,,,,,,,,,,,,,,,,,,,0,,,,,,,,,
Sims_et_al_2025,Rio_Grande(Los_Lunas)_10,Surface Water,34.773056,-106.73250000,11/27/2022,4:15:00 PM,EPA 8327,5.75,0,4.46,4.47,7.82,,,15.91,,,,,,,,,,,,,,,,,,,,,,,,,,,0,,,,,,,,,
Sims_et_al_2025,Sacramento_1,Surface Water,38.583611,-121.42305600,11/12/2022,,EPA 8327,2.7,0,5.63,24.14,17,,,22.14,,,,,,,,,,,,,,,,,,,,,,,,,,,0,,,,,,,,,
Sims_et_al_2025,Sacramento_2,Surface Water,38.601944,-121.49138900,11/12/2022,,EPA 8327,10.63,0,25.41,25.64,15.1,,,37.33,,,,,,,,,,,,,,,,,,,,,,,,,,,0,,,,,,,,,
Sims_et_al_2025,Sacramento_3,Surface Water,38.600278,-121.50388900,11/12/2022,,EPA 8327,5.81,0,25.02,30.07,17.2,,,44.61,,,,,,,,,,,,,,,,,,,,,,,,,,,0,,,,,,,,,
Sims_et_al_2025,Sacramento_4,Surface Water,38.597778,-121.50722200,11/12/2022,,EPA 8327,5.8,0,57.3,29.63,28.45,,,66.87,,,,,,,,,,,,,,,,,,,,,,,,,,,0,,,,,,,,,
Sims_et_al_2025,Sacramento_5,Surface Water,38.591389,-121.50583300,11/12/2022,,EPA 8327,0,0,35.51,33.62,22.74,,,46.87,,,,,,,,,,,,,,,,,,,,,,,,,,,0,,,,,,,,,
Sims_et_al_2025,Sacramento_6,Surface Water,38.576111,-121.51194400,11/12/2022,,EPA 8327,3.63,0,36.74,38.93,22.59,,,38.69,,,,,,,,,,,,,,,,,,,,,,,,,,,0,,,,,,,,,
Sims_et_al_2025,Sacramento_7,Surface Water,38.536389,-121.51666700,11/12/2022,,EPA 8327,2.57,0,3.81,15.92,15.11,,,18.13,,,,,,,,,,,,,,,,,,,,,,,,,,,0,,,,,,,,,
Sims_et_al_2025,Sacramento_8,Surface Water,38.521111,-121.52305600,11/12/2022,,EPA 8327,3.01,0,23.77,37.29,22.41,,,49.49,,,,,,,,,,,,,,,,,,,,,,,,,,,0,,,,,,,,,
Sims_et_al_2025,Sacramento_9,Surface Water,38.5175,-121.52722200,11/12/2022,,EPA 8327,5.56,0,60.43,38.59,25.74,,,87.83,,,,,,,,,,,,,,,,,,,,,,,,,,,0,,,,,,,,,
Sims_et_al_2025,Sacramento_10,Surface Water,38.478056,-121.54333300,11/12/2022,,EPA 8327,0,0,21.5,25.34,18.14,,,33.75,,,,,,,,,,,,,,,,,,,,,,,,,,,0,,,,,,,,,
Sims_et_al_2025,San_Juan_1,Surface Water,36.694167,-108.10250000,2/3/2023,,EPA 8327,16.41,0,157.5,19.9,21.45,,,74.37,,,,,,,,,,,,,,,,,,,,,,,,,,,0,,,,,,,,,
Sims_et_al_2025,San_Juan_2,Surface Water,36.715,-108.21472200,2/3/2023,,EPA 8327,34.64,0,283.35,107.04,59.1,,,177.57,,,,,,,,,,,,,,,,,,,,,,,,,,,0,,,,,,,,,
Sims_et_al_2025,San_Juan_3,Surface Water,36.714167,-108.22055600,2/3/2023,,EPA 8327,24.31,0,252.67,62.06,30.99,,,140.45,,,,,,,,,,,,,,,,,,,,,,,,,,,0,,,,,,,,,
Sims_et_al_2025,San_Juan_4,Surface Water,36.717222,-108.22222200,2/3/2023,,EPA 8327,17.05,0,189.15,42.07,35.8,,,87.82,,,,,,,,,,,,,,,,,,,,,,,,,,,0,,,,,,,,,
Sims_et_al_2025,San_Juan_5,Surface Water,36.72,-108.22305600,2/3/2023,,EPA 8327,19.01,0,253.6,68.41,41.12,,,126.87,,,,,,,,,,,,,,,,,,,,,,,,,,,0,,,,,,,,,
Sims_et_al_2025,San_Juan_6,Surface Water,36.721915,-108.22416000,2/3/2023,,EPA 8327,23.3,0,170.98,66.45,30.32,,,110.71,,,,,,,,,,,,,,,,,,,,,,,,,,,0,,,,,,,,,
Sims_et_al_2025,San_Juan_7,Surface Water,36.725556,-108.24972200,2/3/2023,,EPA 8327,22.43,0,159.45,59.35,26.91,,,89.47,,,,,,,,,,,,,,,,,,,,,,,,,,,0,,,,,,,,,
Sims_et_al_2025,San_Juan_8,Surface Water,36.728056,-108.25111100,2/3/2023,,EPA 8327,12.07,0,0,5.39,6.42,,,6.65,,,,,,,,,,,,,,,,,,,,,,,,,,,0,,,,,,,,,
Sims_et_al_2025,San_Juan_9,Surface Water,36.731111,-108.25055600,2/3/2023,,EPA 8327,15.49,0,165.7,27.7,17.59,,,74.31,,,,,,,,,,,,,,,,,,,,,,,,,,,0,,,,,,,,,
Sims_et_al_2025,San_Juan_10,Surface Water,36.732148,-108.24946100,2/3/2023,,EPA 8327,15.53,0,159.27,22.21,17.69,,,103.57,,,,,,,,,,,,,,,,,,,,,,,,,,,0,,,,,,,,,
Sims_et_al_2025,Santa_Cruz_1,Surface Water,32.40601145,-111.14626433,,,EPA 8327,7.08,0,242.51,120.69,38.8,,,131.71,,,,,,,,,,,,,,,,,,,,,,,,,,,0,,,,,,,,,
Sims_et_al_2025,Santa_Cruz_2,Surface Water,32.40041058,-111.14100299,,,EPA 8327,11.03,0,198.06,113.78,26.82,,,94.78,,,,,,,,,,,,,,,,,,,,,,,,,,,0,,,,,,,,,
Sims_et_al_2025,Santa_Cruz_3,Surface Water,32.37998348,-111.11579646,,,EPA 8327,9.63,0,260.35,61.95,29.88,,,160.4,,,,,,,,,,,,,,,,,,,,,,,,,,,0,,,,,,,,,
Sims_et_al_2025,Santa_Cruz_4,Surface Water,32.37336895,-111.11223449,,,EPA 8327,6.16,0,219.13,89.69,26.08,,,94.5,,,,,,,,,,,,,,,,,,,,,,,,,,,0,,,,,,,,,
Sims_et_al_2025,Santa_Cruz_5,Surface Water,32.35824828,-111.10461440,,,EPA 8327,8.77,0,235.71,109.38,36.93,,,115.73,,,,,,,,,,,,,,,,,,,,,,,,,,,0,,,,,,,,,
Sims_et_al_2025,Santa_Cruz_6,Surface Water,32.3507749,-111.09585202,,,EPA 8327,9.21,0,220.75,98.07,32.44,,,116.6,,,,,,,,,,,,,,,,,,,,,,,,,,,0,,,,,,,,,
Sims_et_al_2025,Santa_Cruz_7,Surface Water,32.34570891,-111.09143717,,,EPA 8327,2.92,0,222.51,84.68,28.5,,,117.23,,,,,,,,,,,,,,,,,,,,,,,,,,,0,,,,,,,,,
Sims_et_al_2025,Santa_Cruz_8,Surface Water,32.33798457,-111.08193917,,,EPA 8327,8.79,0,164.66,38.46,18.46,,,71.51,,,,,,,,,,,,,,,,,,,,,,,,,,,0,,,,,,,,,
Sims_et_al_2025,Santa_Cruz_9,Surface Water,32.30958272,-111.05275225,,,EPA 8327,6.56,0,298.01,119.86,37.85,,,132.31,,,,,,,,,,,,,,,,,,,,,,,,,,,0,,,,,,,,,
Sims_et_al_2025,Santa_Cruz_10,Surface Water,32.294392,-111.03829905,,,EPA 8327,10.04,0,186.81,10.08,19.2,,,90.92,,,,,,,,,,,,,,,,,,,,,,,,,,,0,,,,,,,,,
Sims_et_al_2025,Tiagua_1,Surface Water,32.546881,-117.06250000,12/17/2022,,EPA 8327,13.49,0,243.88,18.31,40.1,,,73.36,,,,,,,,,,,,,,,,,,,,,,,,,,,0,,,,,,,,,
Sims_et_al_2025,Tiagua_2,Surface Water,32.547083,-117.06380000,12/17/2022,,EPA 8327,17.43,0,243.34,54.78,51.47,,,61.3,,,,,,,,,,,,,,,,,,,,,,,,,,,36.75,,,,,,,,,
Sims_et_al_2025,Tiagua_3,Surface Water,32.5488,-117.06495000,12/17/2022,,EPA 8327,26.56,0,265.63,49.1,53.36,,,55.21,,,,,,,,,,,,,,,,,,,,,,,,,,,0,,,,,,,,,
Sims_et_al_2025,Tiagua_4,Surface Water,32.551511,-117.06656100,12/17/2022,,EPA 8327,21.02,0,263.42,29.51,44.63,,,73.46,,,,,,,,,,,,,,,,,,,,,,,,,,,0,,,,,,,,,
Sims_et_al_2025,Tiagua_5,Surface Water,32.551369,-117.08413900,12/17/2022,,EPA 8327,25.17,0,264.91,58.46,52.66,,,69.87,,,,,,,,,,,,,,,,,,,,,,,,,,,0,,,,,,,,,
Sims_et_al_2025,Truckee_1,Surface Water,39.5180105,-119.71503030,,,EPA 8327,49.53,0,0,5.52,11.03,,,2.71,,,,,,,,,,,,,,,,,,,,,,,,,,,0,,,,,,,,,
Sims_et_al_2025,Truckee_2,Surface Water,39.5205754,-119.70874350,,,EPA 8327,54.16,0,0,4.89,9.81,,,4.13,,,,,,,,,,,,,,,,,,,,,,,,,,,0,,,,,,,,,
Sims_et_al_2025,Truckee_3,Surface Water,39.5209721,-119.70305250,,,EPA 8327,37.56,0,0,9.61,10.96,,,5.96,,,,,,,,,,,,,,,,,,,,,,,,,,,0,,,,,,,,,
Sims_et_al_2025,Truckee_4,Surface Water,39.5208017,-119.70121350,,,EPA 8327,28.18,0,9.35,33.32,20.6,,,19.54,,,,,,,,,,,,,,,,,,,,,,,,,,,0,,,,,,,,,
Sims_et_al_2025,Truckee_5,Surface Water,39.5216156,-119.69523390,,,EPA 8327,21.66,0,2.13,14.97,11.38,,,26.03,,,,,,,,,,,,,,,,,,,,,,,,,,,0,,,,,,,,,
Sims_et_al_2025,Truckee_6,Surface Water,39.521914,-119.69482750,,,EPA 8327,19.46,0,9.68,15.82,12.6,,,8.35,,,,,,,,,,,,,,,,,,,,,,,,,,,0,,,,,,,,,
Sims_et_al_2025,Truckee_7,Surface Water,39.5217819,-119.69019200,,,EPA 8327,15.62,0,4.35,36.59,13.33,,,17.91,,,,,,,,,,,,,,,,,,,,,,,,,,,0,,,,,,,,,
Sims_et_al_2025,Truckee_8,Surface Water,39.5193774,-119.68728050,,,EPA 8327,14.44,0,4.53,23.76,17.82,,,11.51,,,,,,,,,,,,,,,,,,,,,,,,,,,0,,,,,,,,,
Sims_et_al_2025,Truckee_9,Surface Water,39.5097149,-119.66686620,,,EPA 8327,15.83,0,1.32,12.09,19.21,,,26.3,,,,,,,,,,,,,,,,,,,,,,,,,,,0,,,,,,,,,
Sims_et_al_2025,Truckee_10,Surface Water,39.5086854,-119.65996120,,,EPA 8327,13.85,0,10.83,56.88,23.94,,,20.28,,,,,,,,,,,,,,,,,,,,,,,,,,,0,,,,,,,,,
Sims_et_al_2025,Virgin_1,Surface Water,37.177778,-113.37777800,,,EPA 8327,0,0,1.05,0,7.68,,,17.76,,,,,,,,,,,,,,,,,,,,,,,,,,,0,,,,,,,,,
Sims_et_al_2025,Virgin_2,Surface Water,37.116667,-113.43888900,,,EPA 8327,0,0,0,0,8.45,,,7.83,,,,,,,,,,,,,,,,,,,,,,,,,,,0,,,,,,,,,
Sims_et_al_2025,Virgin_3,Surface Water,37.052778,-113.60138900,,,EPA 8327,10.8,0,1.63,0.26,8.34,,,7.65,,,,,,,,,,,,,,,,,,,,,,,,,,,0,,,,,,,,,
Sims_et_al_2025,Virgin_4,Surface Water,37.038889,-113.63055600,,,EPA 8327,2.83,0,8.4,0,6.75,,,9.39,,,,,,,,,,,,,,,,,,,,,,,,,,,0,,,,,,,,,
Sims_et_al_2025,Virgin_5,Surface Water,37.0375,-113.63055600,,,EPA 8327,5.34,0,5.15,4.56,8.71,,,6.72,,,,,,,,,,,,,,,,,,,,,,,,,,,0,,,,,,,,,
Sims_et_al_2025,Virgin_6,Surface Water,37.031944,-113.63333300,,,EPA 8327,8.6,0,1.84,0.31,7.56,,,1.85,,,,,,,,,,,,,,,,,,,,,,,,,,,0,,,,,,,,,
Sims_et_al_2025,Virgin_7,Surface Water,37.027778,-113.63055600,,,EPA 8327,5.18,0,0.8,3.49,8.93,,,0.8,,,,,,,,,,,,,,,,,,,,,,,,,,,0,,,,,,,,,
Sims_et_al_2025,Virgin_8,Surface Water,37.026389,-113.63750000,,,EPA 8327,0,0,1.73,1.37,10.31,,,7.5,,,,,,,,,,,,,,,,,,,,,,,,,,,0,,,,,,,,,
Sims_et_al_2025,Virgin_9,Surface Water,37.025,-113.64305600,,,EPA 8327,2.57,0,1.02,0,8.31,,,5.1,,,,,,,,,,,,,,,,,,,,,,,,,,,0,,,,,,,,,
Sims_et_al_2025,Virgin_10,Surface Water,36.948611,-113.08055600,,,EPA 8327,5.1,0,0,0,11.7,,,1.47,,,,,,,,,,,,,,,,,,,,,,,,,,,0,,,,,,,,,
Sims_et_al_2025,Willametta_1,Surface Water,45.3636376,-122.60293820,,,EPA 8327,8.41,0,0,4.42,8.62,,,1.57,,,,,,,,,,,,,,,,,,,,,,,,,,,0,,,,,,,,,
Sims_et_al_2025,Willametta_2,Surface Water,45.3587807,-122.61166240,,,EPA 8327,5.25,0,0,0.18,6.98,,,0,,,,,,,,,,,,,,,,,,,,,,,,,,,0,,,,,,,,,
Sims_et_al_2025,Willametta_3,Surface Water,45.3641478,-122.60609650,,,EPA 8327,8.46,0,0,0,5.86,,,1,,,,,,,,,,,,,,,,,,,,,,,,,,,0,,,,,,,,,
Sims_et_al_2025,Willametta_4,Surface Water,45.3641478,-122.60609650,,,EPA 8327,8.19,0,0,0,5.52,,,0.82,,,,,,,,,,,,,,,,,,,,,,,,,,,0,,,,,,,,,
Sims_et_al_2025,Willametta_5,Surface Water,45.4648718,-122.65398230,,,EPA 8327,13.31,0,0,0,8.47,,,5.27,,,,,,,,,,,,,,,,,,,,,,,,,,,0,,,,,,,,,
Sims_et_al_2025,Willametta_6,Surface Water,45.4432664,-122.64369200,,,EPA 8327,26.28,0,0,1.25,5.7,,,9.59,,,,,,,,,,,,,,,,,,,,,,,,,,,0,,,,,,,,,
Sims_et_al_2025,Willametta_7,Surface Water,45.4432664,-122.64369200,,,EPA 8327,,,,,,,,,,,,,,,,,,,,,,,,,,,,,,,,,,,,,,,,,,,,
Sims_et_al_2025,Willametta_8,Surface Water,45.4432664,-122.64369200,,,EPA 8327,17.15,0,0,0.21,7.78,,,0.28,,,,,,,,,,,,,,,,,,,,,,,,,,,0,,,,,,,,,
Sims_et_al_2025,Willametta_9,Surface Water,45.475971,-122.66779540,,,EPA 8327,9.63,0,0,0,7.25,,,0.25,,,,,,,,,,,,,,,,,,,,,,,,,,,0,,,,,,,,,
Sims_et_al_2025,Willametta_10,Surface Water,45.475971,-122.66779540,,,EPA 8327,14.1,0,0,0,5.34,,,3.53,,,,,,,,,,,,,,,,,,,,,,,,,,,0,,,,,,,,,