Article (Author et al YYYY),Sample Name,Sample Type,Latitude,Longitude,Sampling Year,Sample Date (MM/DD/YYY),Sample Time,Analysis Method,Streamflow (m3/s),Sampling Depth (m),Units,PFOS,PFOA,FBSA,PFDA,PFNA,PFHxS,PFHxA,PFHpA,PFHpS,GenX,4:2 FTS,6:2 FTS,8:2 FTS,10:2 FTS,3:3 FTCA,5:3 FTCA,7:3 FTCA,PFPA,PFPeA,PFPeS,PFBS,PFBA,PFMOPrA,PFMOBA,PFMOAA,PFO2HxA,PFO3OA,PFO4DA,PFESA BP 1,PFESA BP 2,PFDoS,PFUnDA,FOSAA,N-MeFOSE,NMeFOSAA,NMeFOSA,N-EtFOSE,NEtFOSAA,N-EtFOSA,PFDS,PFTeDA,PFHxDA,PFNS,PFTrDA,PFDoA,PFOSA,9-Cl-PF3ONS,11-Cl-PF3OUdS,PFECA-G,ADONA,PFEESA,NFDHA,PFODA,,,,,,,,,,,,,,,,,,,,,,,,,
,FMB-1,Surface Water,33.2745137,-81.652831,2022,,,Unnamed_SPE_LCMS_MS,,,ng/L,,0.00,,0.00,0.00,,0.00,0.00,,,,,,,,,,,0.00,,,0.00,,,,,,,,,,0.00,,,,,,,,,0.00,,,0.00,0.00,,,,,,,,,,,,,,,,,,,,,,,,,,,,,,,,,
,FMB-2,Surface Water,33.2493309,-81.6954702,2022,,,Unnamed_SPE_LCMS_MS,,,ng/L,,1.28,,0.23,0.63,,2.45,0.00,,,,,,,,,,,0.00,,,0.00,,,,,,,,,,0.10,,,,,,,,,0.00,,,0.00,0.00,,,,,,,,,,,,,,,,,,,,,,,,,,,,,,,,,
,FMB-3,Surface Water,33.2190445,-81.7080049,2022,,,Unnamed_SPE_LCMS_MS,,,ng/L,,1.24,,0.17,0.58,,0.00,0.00,,,,,,,,,,,0.00,,,0.00,,,,,,,,,,0.00,,,,,,,,,0.00,,,0.00,0.00,,,,,,,,,,,,,,,,,,,,,,,,,,,,,,,,,
,CC,Surface Water,33.2357821,-81.6807417,2022,,,Unnamed_SPE_LCMS_MS,,,ng/L,,6.63,,0.32,1.41,,0.00,0.00,,,,,,,,,,,0.00,,,0.00,,,,,,,,,,0.18,,,,,,,,,0.00,,,0.00,0.00,,,,,,,,,,,,,,,,,,,,,,,,,,,,,,,,,
,PB-2,Surface Water,33.2175791,-81.6405332,2022,,,Unnamed_SPE_LCMS_MS,,,ng/L,,0.00,,0.00,0.00,,0.00,0.00,,,,,,,,,,,0.00,,,0.00,,,,,,,,,,0.00,,,,,,,,,0.00,,,0.00,0.00,,,,,,,,,,,,,,,,,,,,,,,,,,,,,,,,,
,IGB,Surface Water,33.2108279,-81.6747331,2022,,,Unnamed_SPE_LCMS_MS,,,ng/L,,2.78,,0.50,0.70,,2.80,0.00,,,,,,,,,,,0.00,,,0.00,,,,,,,,,,0.32,,,,,,,,,0.00,,,0.00,0.00,,,,,,,,,,,,,,,,,,,,,,,,,,,,,,,,,
,LL-1,Surface Water,33.1650877,-81.6309098,2022,,,Unnamed_SPE_LCMS_MS,,,ng/L,,2.80,,0.43,0.70,,2.45,0.00,,,,,,,,,,,0.00,,,0.00,,,,,,,,,,0.13,,,,,,,,,0.00,,,0.00,0.00,,,,,,,,,,,,,,,,,,,,,,,,,,,,,,,,,
,LL-2,Surface Water,33.1858034,-81.6356433,2022,,,Unnamed_SPE_LCMS_MS,,,ng/L,,2.66,,0.38,0.66,,2.36,0.00,,,,,,,,,,,0.00,,,0.00,,,,,,,,,,0.11,,,,,,,,,0.00,,,0.00,0.00,,,,,,,,,,,,,,,,,,,,,,,,,,,,,,,,,
,PP,Surface Water,33.2386457,-81.5217659,2022,,,Unnamed_SPE_LCMS_MS,,,ng/L,,0.62,,0.09,0.22,,0.00,0.00,,,,,,,,,,,0.00,,,0.00,,,,,,,,,,0.00,,,,,,,,,0.00,,,0.00,0.00,,,,,,,,,,,,,,,,,,,,,,,,,,,,,,,,,
,MB,Surface Water,33.1842545,-81.5815142,2022,,,Unnamed_SPE_LCMS_MS,,,ng/L,,0.00,,0.00,0.00,,0.00,0.00,,,,,,,,,,,0.00,,,0.00,,,,,,,,,,0.00,,,,,,,,,0.00,,,0.00,0.00,,,,,,,,,,,,,,,,,,,,,,,,,,,,,,,,,
,CB-1,Surface Water,33.2906954,-81.6474595,2022,,,Unnamed_SPE_LCMS_MS,,,ng/L,,0.00,,0.19,0.00,,0.00,0.00,,,,,,,,,,,0.00,,,0.00,,,,,,,,,,0.15,,,,,,,,,0.00,,,0.15,0.12,,,,,,,,,,,,,,,,,,,,,,,,,,,,,,,,,
,CB-2,Surface Water,33.295505,-81.6450056,2022,,,Unnamed_SPE_LCMS_MS,,,ng/L,,2.56,,1.39,1.39,,2.86,0.00,,,,,,,,,,,0.00,,,0.00,,,,,,,,,,0.88,,,,,,,,,0.00,,,0.10,0.36,,,,,,,,,,,,,,,,,,,,,,,,,,,,,,,,,
,TIB-1,Surface Water,33.3430706,-81.7233814,2022,,,Unnamed_SPE_LCMS_MS,,,ng/L,,0.45,,0.13,0.00,,0.00,0.00,,,,,,,,,,,0.00,,,0.00,,,,,,,,,,0.00,,,,,,,,,0.00,,,0.00,0.00,,,,,,,,,,,,,,,,,,,,,,,,,,,,,,,,,
,TIB-2,Surface Water,33.3183768,-81.7151761,2022,,,Unnamed_SPE_LCMS_MS,,,ng/L,,2.14,,0.00,0.59,,1.96,0.00,,,,,,,,,,,0.00,,,0.00,,,,,,,,,,0.00,,,,,,,,,0.00,,,0.00,0.00,,,,,,,,,,,,,,,,,,,,,,,,,,,,,,,,,
,MQ-1,Surface Water,33.2887923,-81.6339172,2022,,,Unnamed_SPE_LCMS_MS,,,ng/L,,1.12,,0.34,0.40,,0.00,0.00,,,,,,,,,,,0.00,,,0.00,,,,,,,,,,0.12,,,,,,,,,0.00,,,0.00,0.00,,,,,,,,,,,,,,,,,,,,,,,,,,,,,,,,,
,MQ-2,Surface Water,33.2974443,-81.6354713,2022,,,Unnamed_SPE_LCMS_MS,,,ng/L,,2.54,,1.95,1.10,,0.00,0.00,,,,,,,,,,,0.00,,,0.00,,,,,,,,,,1.01,,,,,,,,,0.40,,,0.25,1.04,,,,,,,,,,,,,,,,,,,,,,,,,,,,,,,,,
,MQ-3,Surface Water,33.3075131,-81.6315719,2022,,,Unnamed_SPE_LCMS_MS,,,ng/L,,0.00,,0.00,0.00,,0.00,0.00,,,,,,,,,,,0.00,,,0.00,,,,,,,,,,0.00,,,,,,,,,0.00,,,0.00,0.00,,,,,,,,,,,,,,,,,,,,,,,,,,,,,,,,,
,TC,Surface Water,33.3708437,-81.5268463,2022,,,Unnamed_SPE_LCMS_MS,,,ng/L,,0.00,,0.00,0.00,,0.00,0.00,,,,,,,,,,,0.00,,,0.00,,,,,,,,,,0.00,,,,,,,,,0.00,,,0.00,0.00,,,,,,,,,,,,,,,,,,,,,,,,,,,,,,,,,
,RB,Surface Water,33.3343493,-81.5745458,2022,,,Unnamed_SPE_LCMS_MS,,,ng/L,,0.00,,0.00,0.00,,0.00,0.00,,,,,,,,,,,0.00,,,0.00,,,,,,,,,,0.00,,,,,,,,,0.00,,,0.00,0.00,,,,,,,,,,,,,,,,,,,,,,,,,,,,,,,,,
,MC,Surface Water,33.3204977,-81.5918761,2022,,,Unnamed_SPE_LCMS_MS,,,ng/L,,0.00,,0.00,0.00,,0.00,0.00,,,,,,,,,,,0.00,,,0.00,,,,,,,,,,0.00,,,,,,,,,0.00,,,0.00,0.00,,,,,,,,,,,,,,,,,,,,,,,,,,,,,,,,,
,UTR,Surface Water,33.3692007,-81.6294076,2022,,,Unnamed_SPE_LCMS_MS,,,ng/L,,0.70,,0.00,0.00,,0.63,0.00,,,,,,,,,,,0.00,,,0.00,,,,,,,,,,0.00,,,,,,,,,0.00,,,0.00,0.00,,,,,,,,,,,,,,,,,,,,,,,,,,,,,,,,,
,FP,Surface Water,33.3156127,-81.6662346,2022,,,Unnamed_SPE_LCMS_MS,,,ng/L,,0.00,,0.00,0.00,,0.00,0.00,,,,,,,,,,,0.00,,,0.00,,,,,,,,,,0.00,,,,,,,,,0.00,,,0.00,0.00,,,,,,,,,,,,,,,,,,,,,,,,,,,,,,,,,
,TRL,Surface Water,33.254565,-81.7307689,2022,,,Unnamed_SPE_LCMS_MS,,,ng/L,,414.89,,52.07,26.75,,1047.96,88.05,,,,,,,,,,,411.52,,,0.00,,,,,,,,,,2.91,,,,,,,,,0.00,,,0.07,0.77,,,,,,,,,,,,,,,,,,,,,,,,,,,,,,,,,
,U8,Surface Water,33.2907223,-81.6644831,2022,,,Unnamed_SPE_LCMS_MS,,,ng/L,,1.58,,0.27,0.62,,0.00,0.00,,,,,,,,,,,0.00,,,0.00,,,,,,,,,,0.21,,,,,,,,,0.00,,,0.13,0.37,,,,,,,,,,,,,,,,,,,,,,,,,,,,,,,,,
,SR-1,Surface Water,33.2358833,-81.8346699,2022,,,Unnamed_SPE_LCMS_MS,,,ng/L,,2.56,,0.47,0.50,,3.01,0.00,,,,,,,,,,,0.00,,,0.00,,,,,,,,,,0.40,,,,,,,,,0.00,,,0.00,0.00,,,,,,,,,,,,,,,,,,,,,,,,,,,,,,,,,
,SR-2,Surface Water,33.2108897,-81.7633214,2022,,,Unnamed_SPE_LCMS_MS,,,ng/L,,1.28,,0.00,1.29,,0.43,0.00,,,,,,,,,,,0.00,,,0.00,,,,,,,,,,0.00,,,,,,,,,0.00,,,0.00,0.00,,,,,,,,,,,,,,,,,,,,,,,,,,,,,,,,,
,SR-3,Surface Water,33.2025666,-81.7433463,2022,,,Unnamed_SPE_LCMS_MS,,,ng/L,,3.90,,1.94,67.43,,1.67,0.00,,,,,,,,,,,0.00,,,0.00,,,,,,,,,,5.13,,,,,,,,,0.00,,,0.00,0.00,,,,,,,,,,,,,,,,,,,,,,,,,,,,,,,,,
,BDC,Surface Water,33.1900832,-81.7436034,2022,,,Unnamed_SPE_LCMS_MS,,,ng/L,,9.90,,0.82,11.11,,10.43,8.74,,,,,,,,,,,14.11,,,0.00,,,,,,,,,,0.00,,,,,,,,,0.00,,,0.00,0.00,,,,,,,,,,,,,,,,,,,,,,,,,,,,,,,,,
,LP,Surface Water,33.5257185,-81.837754,2022,,,Unnamed_SPE_LCMS_MS,,,ng/L,,2.76,,0.29,0.40,,1.96,0.00,,,,,,,,,,,0.00,,,0.00,,,,,,,,,,0.00,,,,,,,,,0.00,,,0.00,0.00,,,,,,,,,,,,,,,,,,,,,,,,,,,,,,,,,
,FMB-1,Sediment or Soil,33.2745137,-81.652831,2022,,,Unnamed_SPE_LCMS_MS,,,ng/g,,0.00,,0.00,0.00,,0.00,0.00,,,,,,,,,,,0.00,,0.00,,,,,,,,,,,0.03,,,,,,,,,0.04,,,0.06,0.05,,,,,,,,,,,,,,,,,,,,,,,,,,,,,,,,,
,FMB-2,Sediment or Soil,33.2493309,-81.6954702,2022,,,Unnamed_SPE_LCMS_MS,,,ng/g,,0.27,,0.45,0.00,,0.00,0.00,,,,,,,,,,,0.00,,0.00,,,,,,,,,,,0.26,,,,,,,,,0.40,,,0.32,0.89,,,,,,,,,,,,,,,,,,,,,,,,,,,,,,,,,
,FMB-3,Sediment or Soil,33.2190445,-81.7080049,2022,,,Unnamed_SPE_LCMS_MS,,,ng/g,,0.12,,0.00,0.00,,0.00,0.00,,,,,,,,,,,0.00,,0.00,,,,,,,,,,,0.07,,,,,,,,,0.03,,,0.06,0.08,,,,,,,,,,,,,,,,,,,,,,,,,,,,,,,,,
,FMB-4,Sediment or Soil,33.2495936,-81.6461823,2022,,,Unnamed_SPE_LCMS_MS,,,ng/g,,0.00,,0.46,0.00,,0.00,0.00,,,,,,,,,,,0.00,,0.00,,,,,,,,,,,0.41,,,,,,,,,0.17,,,0.29,0.27,,,,,,,,,,,,,,,,,,,,,,,,,,,,,,,,,
,CC,Sediment or Soil,33.2357821,-81.6807417,2022,,,Unnamed_SPE_LCMS_MS,,,ng/g,,0.00,,0.00,0.00,,0.00,0.00,,,,,,,,,,,0.00,,0.00,,,,,,,,,,,0.11,,,,,,,,,0.06,,,0.16,0.08,,,,,,,,,,,,,,,,,,,,,,,,,,,,,,,,,
,PB-1,Sediment or Soil,33.2457364,-81.6434344,2022,,,Unnamed_SPE_LCMS_MS,,,ng/g,,0.23,,0.05,0.16,,0.24,0.00,,,,,,,,,,,0.00,,0.00,,,,,,,,,,,0.04,,,,,,,,,0.03,,,0.06,0.04,,,,,,,,,,,,,,,,,,,,,,,,,,,,,,,,,
,PB-2,Sediment or Soil,33.2175791,-81.6405332,2022,,,Unnamed_SPE_LCMS_MS,,,ng/g,,0.00,,0.03,0.00,,0.00,0.00,,,,,,,,,,,0.00,,0.00,,,,,,,,,,,0.01,,,,,,,,,0.00,,,0.02,0.01,,,,,,,,,,,,,,,,,,,,,,,,,,,,,,,,,
,IGB,Sediment or Soil,33.2108279,-81.6747331,2022,,,Unnamed_SPE_LCMS_MS,,,ng/g,,0.12,,0.06,0.03,,0.00,0.00,,,,,,,,,,,0.00,,0.00,,,,,,,,,,,0.20,,,,,,,,,0.09,,,0.22,0.16,,,,,,,,,,,,,,,,,,,,,,,,,,,,,,,,,
,LL-2,Sediment or Soil,33.1858034,-81.6356433,2022,,,Unnamed_SPE_LCMS_MS,,,ng/g,,0.42,,0.41,0.15,,0.00,0.00,,,,,,,,,,,0.00,,0.00,,,,,,,,,,,1.24,,,,,,,,,0.14,,,0.50,0.52,,,,,,,,,,,,,,,,,,,,,,,,,,,,,,,,,
,PP,Sediment or Soil,33.2386457,-81.5217659,2022,,,Unnamed_SPE_LCMS_MS,,,ng/g,,0.11,,0.08,0.04,,0.00,0.00,,,,,,,,,,,0.00,,0.00,,,,,,,,,,,0.39,,,,,,,,,0.05,,,0.21,0.16,,,,,,,,,,,,,,,,,,,,,,,,,,,,,,,,,
,MB,Sediment or Soil,33.1842545,-81.5815142,2022,,,Unnamed_SPE_LCMS_MS,,,ng/g,,0.00,,0.00,0.00,,0.00,0.00,,,,,,,,,,,0.00,,0.00,,,,,,,,,,,0.03,,,,,,,,,0.02,,,0.05,0.03,,,,,,,,,,,,,,,,,,,,,,,,,,,,,,,,,
,CB-1,Sediment or Soil,33.2906954,-81.6474595,2022,,,Unnamed_SPE_LCMS_MS,,,ng/g,,0.00,,0.05,0.00,,0.00,0.00,,,,,,,,,,,0.00,,0.00,,,,,,,,,,,0.17,,,,,,,,,1.14,,,1.35,1.03,,,,,,,,,,,,,,,,,,,,,,,,,,,,,,,,,
,CB-2,Sediment or Soil,33.295505,-81.6450056,2022,,,Unnamed_SPE_LCMS_MS,,,ng/g,,0.02,,0.03,0.00,,0.00,0.00,,,,,,,,,,,0.00,,0.00,,,,,,,,,,,0.08,,,,,,,,,0.09,,,0.12,0.16,,,,,,,,,,,,,,,,,,,,,,,,,,,,,,,,,
,TIB-1,Sediment or Soil,33.3430706,-81.7233814,2022,,,Unnamed_SPE_LCMS_MS,,,ng/g,,0.00,,0.04,0.00,,0.00,0.00,,,,,,,,,,,0.00,,0.00,,,,,,,,,,,0.10,,,,,,,,,0.37,,,0.46,0.50,,,,,,,,,,,,,,,,,,,,,,,,,,,,,,,,,
,TIB-2,Sediment or Soil,33.3183768,-81.7151761,2022,,,Unnamed_SPE_LCMS_MS,,,ng/g,,0.00,,0.02,0.00,,0.00,0.00,,,,,,,,,,,0.00,,0.00,,,,,,,,,,,0.09,,,,,,,,,0.02,,,0.09,0.03,,,,,,,,,,,,,,,,,,,,,,,,,,,,,,,,,
,MQ-1,Sediment or Soil,33.2887923,-81.6339172,2022,,,Unnamed_SPE_LCMS_MS,,,ng/g,,0.00,,0.04,0.00,,0.00,0.00,,,,,,,,,,,0.00,,0.00,,,,,,,,,,,0.07,,,,,,,,,0.06,,,0.05,0.06,,,,,,,,,,,,,,,,,,,,,,,,,,,,,,,,,
,MQ-2,Sediment or Soil,33.2974443,-81.6354713,2022,,,Unnamed_SPE_LCMS_MS,,,ng/g,,0.00,,0.18,0.00,,0.00,0.00,,,,,,,,,,,0.00,,0.00,,,,,,,,,,,0.37,,,,,,,,,1.18,,,0.68,1.56,,,,,,,,,,,,,,,,,,,,,,,,,,,,,,,,,
,MQ-3,Sediment or Soil,33.3075131,-81.6315719,2022,,,Unnamed_SPE_LCMS_MS,,,ng/g,,0.00,,0.00,0.00,,0.00,0.00,,,,,,,,,,,0.00,,0.00,,,,,,,,,,,0.06,,,,,,,,,0.04,,,0.09,0.07,,,,,,,,,,,,,,,,,,,,,,,,,,,,,,,,,
,TC,Sediment or Soil,33.3708437,-81.5268463,2022,,,Unnamed_SPE_LCMS_MS,,,ng/g,,0.00,,0.10,0.00,,0.00,0.00,,,,,,,,,,,0.00,,0.00,,,,,,,,,,,0.14,,,,,,,,,0.04,,,0.08,0.06,,,,,,,,,,,,,,,,,,,,,,,,,,,,,,,,,
,RB,Sediment or Soil,33.3343493,-81.5745458,2022,,,Unnamed_SPE_LCMS_MS,,,ng/g,,0.00,,0.00,0.00,,0.00,0.00,,,,,,,,,,,0.00,,0.00,,,,,,,,,,,0.04,,,,,,,,,0.02,,,0.03,0.02,,,,,,,,,,,,,,,,,,,,,,,,,,,,,,,,,
,MC,Sediment or Soil,33.3204977,-81.5918761,2022,,,Unnamed_SPE_LCMS_MS,,,ng/g,,0.00,,0.04,0.00,,0.00,0.00,,,,,,,,,,,0.00,,0.00,,,,,,,,,,,0.06,,,,,,,,,0.04,,,0.07,0.04,,,,,,,,,,,,,,,,,,,,,,,,,,,,,,,,,
,UTR,Sediment or Soil,33.3692007,-81.6294076,2022,,,Unnamed_SPE_LCMS_MS,,,ng/g,,0.00,,0.00,0.00,,0.00,0.00,,,,,,,,,,,0.00,,0.00,,,,,,,,,,,0.07,,,,,,,,,0.06,,,0.11,0.07,,,,,,,,,,,,,,,,,,,,,,,,,,,,,,,,,
,FP,Sediment or Soil,33.3156127,-81.6662346,2022,,,Unnamed_SPE_LCMS_MS,,,ng/g,,0.00,,0.00,0.00,,0.00,0.00,,,,,,,,,,,0.00,,0.00,,,,,,,,,,,0.38,,,,,,,,,0.11,,,0.25,0.17,,,,,,,,,,,,,,,,,,,,,,,,,,,,,,,,,
,TRL,Sediment or Soil,33.254565,-81.7307689,2022,,,Unnamed_SPE_LCMS_MS,,,ng/g,,0.51,,0.51,0.07,,0.65,0.00,,,,,,,,,,,0.28,,0.00,,,,,,,,,,,0.47,,,,,,,,,0.22,,,0.54,1.03,,,,,,,,,,,,,,,,,,,,,,,,,,,,,,,,,
,U8,Sediment or Soil,33.2907223,-81.6644831,2022,,,Unnamed_SPE_LCMS_MS,,,ng/g,,0.06,,0.04,0.03,,0.00,0.00,,,,,,,,,,,0.00,,0.00,,,,,,,,,,,0.05,,,,,,,,,0.26,,,0.23,0.16,,,,,,,,,,,,,,,,,,,,,,,,,,,,,,,,,
,SR-1,Sediment or Soil,33.2358833,-81.8346699,2022,,,Unnamed_SPE_LCMS_MS,,,ng/g,,0.02,,0.04,0.00,,0.00,0.00,,,,,,,,,,,0.00,,0.00,,,,,,,,,,,0.11,,,,,,,,,0.05,,,0.09,0.11,,,,,,,,,,,,,,,,,,,,,,,,,,,,,,,,,
,SR-2,Sediment or Soil,33.2108897,-81.7633214,2022,,,Unnamed_SPE_LCMS_MS,,,ng/g,,0.05,,0.04,0.05,,0.00,0.00,,,,,,,,,,,0.00,,0.00,,,,,,,,,,,0.13,,,,,,,,,0.10,,,0.14,0.15,,,,,,,,,,,,,,,,,,,,,,,,,,,,,,,,,
,SR-3,Sediment or Soil,33.2025666,-81.7433463,2022,,,Unnamed_SPE_LCMS_MS,,,ng/g,,0.00,,0.00,0.06,,0.00,0.00,,,,,,,,,,,0.00,,0.00,,,,,,,,,,,0.27,,,,,,,,,0.17,,,3.50,0.22,,,,,,,,,,,,,,,,,,,,,,,,,,,,,,,,,
,BDC,Sediment or Soil,33.1900832,-81.7436034,2022,,,Unnamed_SPE_LCMS_MS,,,ng/g,,0.03,,0.02,0.04,,0.00,0.00,,,,,,,,,,,0.00,,0.00,,,,,,,,,,,0.03,,,,,,,,,0.02,,,0.01,0.02,,,,,,,,,,,,,,,,,,,,,,,,,,,,,,,,,
,LP,Sediment or Soil,33.5257185,-81.837754,2022,,,Unnamed_SPE_LCMS_MS,,,ng/g,,0.16,,0.00,0.00,,0.00,0.00,,,,,,,,,,,0.00,,0.10,,,,,,,,,,,0.01,,,,,,,,,0.05,,,0.04,0.08,,,,,,,,,,,,,,,,,,,,,,,,,,,,,,,,,
,,,,,,,,,,,,,,,,,,,,,,,,,,,,,,,,,,,,,,,,,,,,,,,,,,,,,,,,,,,,,,,,,,,,,,,,,,,,,,,,,,,,,,,,,
,,,,,,,,,,,,,,,,,,,,,,,,,,,,,,,,,,,,,,,,,,,,,,,,,,,,,,,,,,,,,,,,,,,,,,,,,,,,,,,,,,,,,,,,,
