Sample_ID,Florida_County_Name,Latitude,Longitude
MRT-1341-038,Martin_County,26.97,80.73
CIT-0960-028,Citrus_county,28.94,82.38
CLR-1911-093,Collier_County,25.94,81.47
FLG-0387-004,Flagler_County,29.58,81.21
FLG-0388-005,Flagler_County,29.59,81.21
FLG-0391-008,Flagler_County,29.57,81.20
FLG-0392-009,Flagler_County,29.56,81.21
FLG-1395-012,Flagler_County,29.67,81.22
FLG-1548-015,Flagler_County,29.62,81.20
FLG-1552-019,Flagler_County,29.57,81.23
FLG-1554-021,Flagler_County,29.65,81.24
FLG-1555-022,Flagler_County,29.66,81.24
IDR-0073-005,Indian_River_County,27.99,80.67
IDR-0074-006,Indian_River_County,28.01,80.65
IDR-0090-011,Indian_River_County,27.59,80.41
IDR-1412-017,Indian_River_County,27.67,80.36
IDR-1414-019,Indian_River_County,27.80,80.42
IDR-1720-021,Indian_River_County,27.80,80.43
MRT-0142-003,Martin_County,27.10,80.17
CLR-1916-098,Collier_County,25.89,81.27
MRT-0148-008,Martin_County,27.16,80.18
MRT-0154-011,Martin_County,27.21,80.37
MRT-0175-012,Martin_County,27.20,80.17
MRT-0185-016,Martin_County,27.20,80.20
MRT-0746-022,Martin_County,27.20,80.14
MRT-1308-028,Martin_County,27.03,80.78
MRT-1309-029,Martin_County,27.00,80.79
MRT-1310-030,Martin_County,26.97,80.79
MRT-1327-034,Martin_County,26.97,80.76
CLR-1919-101,Collier_County,25.86,81.10
MRT-1361-044,Martin_County,27.09,80.67
MRT-1362-045,Martin_County,27.07,80.66
MRT-1365-048,Martin_County,26.97,80.66
LEV-0108-001,Levy_County,29.26,83.17
LEV-0289-002,Levy_County,29.03,82.67
LEV-0290-003,Levy_County,29.03,82.57
LEV-0292-005,Levy_County,29.00,82.76
LEV-1198-007,Levy_County,29.14,83.04
CLR-1903-085,Collier_County,25.97,81.35
CLR-1946-103,Collier_County,26.02,81.61
LEV-1422-010,Levy_County,29.40,83.03
VOL-0942-003,Volusia_County,28.86,81.31
VOL-1079-006,Volusia_County,29.27,81.09
VOL-1080-007,Volusia_County,29.30,81.09
CLR-1904-086,Collier_County,26.16,81.27
BAK-1438-002,Baker_County,30.80,82.42
BAK-2159-003,Baker_County,30.34,82.20
BAK-2168-005,Baker_County,30.56,82.26
BAK-2181-010,Baker_County,30.57,82.23
CIT-0266-004,Citrus_county,28.88,82.60
CIT-0269-007,Citrus_county,28.89,82.61
CIT-0272-010,Citrus_county,28.91,82.69
CIT-0278-012,Citrus_county,29.01,82.39
CIT-0281-014,Citrus_county,28.90,82.62
CIT-0284-017,Citrus_county,28.92,82.63
CIT-0285-018,Citrus_county,28.91,82.63
CIT-0288-021,Citrus_county,29.01,82.66
CIT-0356-023,Citrus_county,28.99,82.35
CIT-0963-031,Citrus_county,28.84,82.33
CLR-1908-090,Collier_County,25.97,81.51
CIT-1170-036,Citrus_county,28.81,82.30
DIX-0109-001,Dixie_County,29.35,83.23
DIX-0111-003,Dixie_County,29.40,83.22
DIX-0113-005,Dixie_County,29.46,83.34
DIX-0115-007,Dixie_County,29.55,83.39
DIX-1425-011,Dixie_County,29.59,82.94
FLG-0384-001,Flagler_County,29.60,81.26
CLR-1902-084,Collier_County,26.14,81.35
FLG-0386-003,Flagler_County,29.58,81.23
FLG-0389-006,Flagler_County,29.60,81.20
FLG-0390-007,Flagler_County,29.58,81.19
FLG-0393-010,Flagler_County,29.55,81.23
CLR-1912-094,Collier_County,25.93,81.44
FLG-1397-013,Flagler_County,29.66,81.23
FLG-1549-016,Flagler_County,29.62,81.20
FLG-1550-017,Flagler_County,29.56,81.18
FLG-1551-018,Flagler_County,29.58,81.21
FLG-1553-020,Flagler_County,29.64,81.27
CLR-1913-095,Collier_County,25.92,81.42
FLG-1556-023,Flagler_County,29.65,81.28
IDR-0069-001,Indian_River_County,27.63,80.50
IDR-0070-002,Indian_River_County,27.65,80.40
IDR-0071-003,Indian_River_County,27.65,80.39
IDR-0072-004,Indian_River_County,27.63,80.36
CLR-1914-096,Collier_County,25.91,81.37
IDR-0089-010,Indian_River_County,27.60,80.39
IDR-1407-012,Indian_River_County,27.80,80.48
IDR-1408-013,Indian_River_County,27.77,80.51
IDR-1409-014,Indian_River_County,27.77,80.47
IDR-1410-015,Indian_River_County,27.65,80.43
IDR-1411-016,Indian_River_County,27.63,80.35
IDR-1413-018,Indian_River_County,27.76,80.42
CLR-1915-097,Collier_County,25.91,81.35
IDR-1719-020,Indian_River_County,27.80,80.50
IDR-1721-022,Indian_River_County,27.82,80.51
MRT-0139-001,Martin_County,26.98,80.14
MRT-0141-002,Martin_County,27.07,80.12
MRT-0143-004,Martin_County,27.10,80.14
MRT-0146-006,Martin_County,27.15,80.20
MRT-0147-007,Martin_County,27.15,80.19
MRT-0149-009,Martin_County,27.15,80.17
MRT-0150-010,Martin_County,27.18,80.21
MRT-0176-013,Martin_County,26.98,80.13
MRT-0178-014,Martin_County,27.16,80.19
MRT-0179-015,Martin_County,27.16,80.26
CLR-1917-099,Collier_County,25.88,81.23
MRT-0186-017,Martin_County,27.20,80.26
MRT-0245-018,Martin_County,26.98,80.62
MRT-0246-019,Martin_County,27.11,80.29
MRT-0744-020,Martin_County,27.11,80.26
MRT-0745-021,Martin_County,27.19,80.27
MRT-0747-023,Martin_County,27.16,80.19
CLR-1918-100,Collier_County,25.87,81.13
MRT-0748-024,Martin_County,27.11,80.28
MRT-0749-025,Martin_County,27.02,80.44
MRT-1292-027,Martin_County,26.98,80.83
MRT-1324-031,Martin_County,27.06,80.75
MRT-1326-033,Martin_County,27.00,80.76
MRT-1340-037,Martin_County,27.01,80.73
MRT-1353-041,Martin_County,27.03,80.70
MRT-1363-046,Martin_County,27.04,80.66
MRT-1369-049,Martin_County,27.01,80.63
MRT-1370-050,Martin_County,26.97,80.63
CLR-1941-102,Collier_County,26.17,80.89
LEV-0291-004,Levy_County,29.03,82.71
LEV-1197-006,Levy_County,29.16,83.03
LEV-1199-008,Levy_County,29.15,83.04
LEV-1200-009,Levy_County,29.14,83.03
LEV-1424-011,Levy_County,29.52,82.97
LEV-1467-012,Levy_County,29.35,82.74
LEV-1690-013,Levy_County,29.49,82.98
LEV-1855-015,Levy_County,29.14,83.03
VOL-0730-002,Volusia_County,29.17,81.52
VOL-0946-004,Volusia_County,28.79,81.18
VOL-1078-005,Volusia_County,29.27,81.13
VOL-1081-008,Volusia_County,29.34,81.09
BAK-0083-001,Baker_County,30.21,82.43
BAK-2165-004,Baker_County,30.35,82.13
BAK-2170-006,Baker_County,30.43,82.23
BAK-2171-007,Baker_County,30.54,82.25
BAK-2174-008,Baker_County,30.55,82.17
BAK-2177-009,Baker_County,30.52,82.23
CIT-0243-001,Citrus_county,28.89,82.59
CLR-1905-087,Collier_County,25.99,81.57
CIT-0265-003,Citrus_county,28.88,82.59
CIT-0267-005,Citrus_county,28.88,82.63
CIT-0268-006,Citrus_county,28.88,82.60
CIT-0270-008,Citrus_county,28.90,82.64
CIT-0271-009,Citrus_county,28.90,82.64
CIT-0277-011,Citrus_county,28.99,82.35
CLR-1906-088,Collier_County,25.96,81.53
CIT-0280-013,Citrus_county,29.04,82.50
CIT-0282-015,Citrus_county,28.89,82.60
CIT-0283-016,Citrus_county,28.89,82.59
CIT-0286-019,Citrus_county,28.91,82.64
CIT-0287-020,Citrus_county,29.01,82.62
CLR-1907-089,Collier_County,25.96,81.51
CIT-0355-022,Citrus_county,28.84,82.33
CIT-0357-024,Citrus_county,28.84,82.65
CIT-0358-025,Citrus_county,28.80,82.60
CIT-0359-026,Citrus_county,28.78,82.62
CIT-0360-027,Citrus_county,28.72,82.58
CIT-0961-029,Citrus_county,28.90,82.37
CIT-0962-030,Citrus_county,28.84,82.32
CIT-1167-033,Citrus_county,28.88,82.30
CIT-1168-034,Citrus_county,28.84,82.33
CIT-1169-035,Citrus_county,28.83,82.32
CIT-1171-037,Citrus_county,28.79,82.26
CLR-1909-091,Collier_County,25.96,81.49
DIX-0110-002,Dixie_County,29.40,83.23
DIX-0112-004,Dixie_County,29.44,83.20
DIX-0114-006,Dixie_County,29.49,83.35
DIX-0116-008,Dixie_County,29.57,83.36
DIX-1421-009,Dixie_County,29.32,83.14
CLR-1910-092,Collier_County,25.94,81.47
DIX-1423-010,Dixie_County,29.46,83.00
DIX-1679-012,Dixie_County,29.78,82.94
DIX-1689-013,Dixie_County,29.59,82.94
FLG-0385-002,Flagler_County,29.61,81.27
ESC-1793-033,Escambia_County,30.46,87.38
ESC-1794-034,Escambia_County,30.45,87.36
ESC-1796-035,Escambia_County,30.45,87.39
ESC-1799-037,Escambia_County,30.56,87.22
VOL-1092-019,Volusia_County,29.03,80.90
ESC-1808-043,Escambia_County,30.47,87.21
ESC-1810-045,Escambia_County,30.42,87.19
ESC-1811-046,Escambia_County,30.40,87.24
ESC-1813-048,Escambia_County,30.35,87.42
LAK-2284-039,Lake_County,28.71,81.75
LAK-2287-042,Lake_County,28.90,81.62
ORA-2290-072,Orange_County,28.60,81.43
VOL-1094-021,Volusia_County,29.05,80.94
LAK-2288-043,Lake_County,29.01,81.63
VOL-2272-042,Volusia_County,29.08,80.97
BRO-2255-059,Broward_County,26.12,80.15
VOL-1096-023,Volusia_County,29.05,80.96
LAK-2281-036,Lake_County,28.86,81.90
SAR-2248-102,Sarasota_County,27.05,82.29
VOL-1097-024,Volusia_County,29.05,80.96
VOL-2280-050,Volusia_County,29.11,80.94
BRO-2250-054,Broward_County,26.12,80.11
VOL-2275-045,Volusia_County,28.99,80.90
BRO-2252-056,Broward_County,26.23,80.30
LAK-2282-037,Lake_County,28.81,81.87
WAS-2202-001,Washington_County,30.74,85.55
SAR-2245-099,Sarasota_County,27.24,82.31
SAN-2200-040,Santa_Rosa_County,30.95,87.09
BAY-2186-034,Bay_County,30.32,85.81
DES-2240-007,Desoto_County,27.22,81.88
HAR-2241-001,Hardee_County,27.50,81.81
WAS-2214-004,Washington_County,30.45,85.90
MTE-2243-048,Manatee_County,27.32,82.25
WAS-2215-005,Washington_County,30.54,85.86
BAY-2187-035,Bay_County,30.43,85.55
WAS-2216-006,Washington_County,30.61,85.77
HOL-2193-001,Holmes_County,30.88,85.66
DAD-2307-100,Miami-Dade_County,25.78,80.19
BRO-2313-063,Broward_County,26.17,80.25
OKA-2206-060,Okaloosa_County,30.75,86.51
HOL-2195-003,Holmes_County,30.95,85.84
HOL-2194-002,Holmes_County,30.81,86.03
OKA-2198-058,Okaloosa_County,30.93,86.56
WAS-2203-002,Washington_County,30.73,85.53
WAL-2213-018,Walton_County,30.35,86.25
VOL-1083-010,Volusia_County,29.22,81.11
VOL-1102-029,Volusia_County,29.09,81.03
DAD-2301-094,Miami-Dade_County,25.69,80.35
BRO-2312-062,Broward_County,26.17,80.17
BRO-2310-060,Broward_County,26.23,80.25
DAD-2304-097,Miami-Dade_County,25.72,80.33
DAD-2300-093,Miami-Dade_County,25.67,80.40
JEF-2412-004,Jefferson_County,30.06,83.91
DAD-2308-101,Miami-Dade_County,25.85,80.12
VOL-1104-031,Volusia_County,29.14,81.05
VOL-1517-032,Volusia_County,29.01,81.38
VOL-1519-034,Volusia_County,28.92,81.19
VOL-1533-036,Volusia_County,29.13,81.36
VOL-1084-011,Volusia_County,29.26,81.13
SAN-1566-004,Santa_Rosa_County,30.40,87.05
SAN-1567-005,Santa_Rosa_County,30.37,87.09
SAN-1576-008,Santa_Rosa_County,30.60,87.03
SAN-1780-011,Santa_Rosa_County,30.62,87.03
SAN-1784-015,Santa_Rosa_County,30.50,87.10
VOL-1086-013,Volusia_County,29.19,81.08
SAN-1795-017,Santa_Rosa_County,30.45,86.92
SAN-1801-019,Santa_Rosa_County,30.54,87.17
SAN-1802-020,Santa_Rosa_County,30.60,87.23
SAN-1964-026,Santa_Rosa_County,30.39,87.04
SAN-1966-028,Santa_Rosa_County,30.38,87.03
SAN-1967-029,Santa_Rosa_County,30.39,86.98
SAN-1969-031,Santa_Rosa_County,30.41,87.00
SAN-2137-033,Santa_Rosa_County,30.60,87.03
ESC-0787-003,Escambia_County,30.37,87.28
ESC-0791-007,Escambia_County,30.51,87.16
VOL-1088-015,Volusia_County,29.17,81.16
ESC-1111-012,Escambia_County,30.55,87.23
ESC-1116-015,Escambia_County,30.45,87.28
ESC-1415-016,Escambia_County,30.48,87.27
ESC-1536-020,Escambia_County,30.46,87.17
ESC-1570-021,Escambia_County,30.29,87.47
ESC-1575-026,Escambia_County,30.48,87.16
ESC-1785-027,Escambia_County,30.40,87.18
VOL-1082-009,Volusia_County,29.31,81.05
ESC-1792-032,Escambia_County,30.43,87.34
ESC-1798-036,Escambia_County,30.52,87.16
ESC-1803-039,Escambia_County,30.60,87.25
ESC-1804-040,Escambia_County,30.60,87.24
ESC-1807-042,Escambia_County,30.55,87.33
ESC-1812-047,Escambia_County,30.38,87.28
ESC-1814-049,Escambia_County,30.31,87.38
VOL-1093-020,Volusia_County,29.07,80.91
LAK-2285-040,Lake_County,28.90,81.81
LAK-2286-041,Lake_County,28.94,81.72
LAK-2289-044,Lake_County,29.05,81.51
ORA-2293-075,Orange_County,28.53,81.41
ORA-2292-074,Orange_County,28.53,81.42
VOL-2274-044,Volusia_County,29.03,80.89
VOL-2273-043,Volusia_County,29.02,80.96
ORA-2294-076,Orange_County,28.77,81.66
PAL-2256-149,Palm_Beach_County,26.36,80.30
ORA-2207-061,Orange_County,28.61,81.28
HOL-2205-004,Holmes_County,30.66,85.90
VOL-2279-049,Volusia_County,28.99,80.87
BRO-2249-053,Broward_County,26.30,80.26
VOL-2277-047,Volusia_County,29.03,80.95
VOL-2278-048,Volusia_County,29.03,80.92
WAL-2211-016,Walton_County,30.39,86.38
VOL-1098-025,Volusia_County,29.09,80.97
JAC-2197-004,Jackson_County,30.85,85.26
ESC-2190-056,Escambia_County,30.93,87.27
VOL-1099-026,Volusia_County,29.15,80.97
SAR-2247-101,Sarasota_County,27.03,82.25
BRO-2254-058,Broward_County,26.15,80.13
BRO-2253-057,Broward_County,26.16,80.14
JAC-2196-003,Jackson_County,30.79,85.14
SAR-2244-098,Sarasota_County,27.30,82.25
ESC-2192-058,Escambia_County,30.72,87.31
ESC-2191-057,Escambia_County,30.86,87.31
OKA-2208-062,Okaloosa_County,30.38,86.45
WAL-2212-17,Walton_County,30.37,86.29
VOL-1101-028,Volusia_County,29.16,81.06
WAL-2201-015,Walton_County,31.00,86.32
BAY-2185-033,Bay_County,30.30,85.86
ESC-2188-054,Escambia_County,30.97,87.23
DAD-2309-102,Miami-Dade_County,25.90,80.13
OKA-2199-059,Okaloosa_County,30.94,86.75
BRO-2311-061,Broward_County,26.19,80.18
DAD-2305-098,Miami-Dade_County,25.77,80.36
VOL-1103-030,Volusia_County,29.11,81.03
HAM-2411-009,Hamilton_County,30.34,82.82
VOL-1518-033,Volusia_County,29.03,81.27
VOL-1520-035,Volusia_County,28.86,81.25
SAN-0792-001,Santa_Rosa_County,30.47,87.09
SAN-1112-002,Santa_Rosa_County,30.56,87.19
SAN-1113-003,Santa_Rosa_County,30.62,87.04
SAN-1568-006,Santa_Rosa_County,30.52,87.09
VOL-1085-012,Volusia_County,29.27,81.11
SAN-1569-007,Santa_Rosa_County,30.60,87.03
SAN-1577-009,Santa_Rosa_County,30.85,86.98
SAN-1578-010,Santa_Rosa_County,30.86,86.85
SAN-1782-013,Santa_Rosa_County,30.55,87.11
SAN-1783-014,Santa_Rosa_County,30.67,87.27
SAN-1787-016,Santa_Rosa_County,30.63,87.03
SAN-1797-018,Santa_Rosa_County,30.56,86.98
SAN-1858-024,Santa_Rosa_County,30.62,86.83
SAN-1965-027,Santa_Rosa_County,30.38,87.03
VOL-1087-014,Volusia_County,29.18,81.05
SAN-1968-030,Santa_Rosa_County,30.39,87.04
SAN-2136-032,Santa_Rosa_County,30.58,87.16
ESC-0785-001,Escambia_County,30.36,87.34
ESC-0786-002,Escambia_County,30.38,87.32
ESC-0790-006,Escambia_County,30.43,87.19
ESC-0793-008,Escambia_County,30.55,87.20
VOL-1089-016,Volusia_County,29.22,81.01
ESC-1110-011,Escambia_County,30.43,87.19
ESC-1114-013,Escambia_County,30.41,87.21
ESC-1416-017,Escambia_County,30.30,87.45
VOL-1090-017,Volusia_County,29.23,81.02
ESC-1571-022,Escambia_County,30.37,87.41
ESC-1573-024,Escambia_County,30.31,87.42
ESC-1574-025,Escambia_County,30.43,87.19
ESC-1789-029,Escambia_County,30.37,87.27
ESC-1791-031,Escambia_County,30.45,87.14
ESC-2189-055,Escambia_County,30.97,87.29
VOL-1091-018,Volusia_County,29.04,80.91
ESC-1800-038,Escambia_County,30.49,87.14
ESC-1805-041,Escambia_County,30.34,87.31
ESC-1815-050,Escambia_County,30.33,87.25
LAK-2283-038,Lake_County,28.74,81.77
ORA-2291-073,Orange_County,28.56,81.44
VOL-2271-041,Volusia_County,29.06,80.94
BRO-2251-055,Broward_County,26.16,80.10
OKA-2209-063,Okaloosa_County,30.51,86.48
WAS-2204-003,Washington_County,30.45,85.70
SAR-2246-100,Sarasota_County,27.10,82.33
VOL-1100-027,Volusia_County,29.16,81.00
MTE-2242-047,Manatee_County,27.37,82.15
OKA-2210-064,Okaloosa_County,30.78,86.89
DAD-2295-088,Miami-Dade_County,25.51,80.43
TAY-2421-011,Taylor_County,30.08,83.66
SAN-1963-025,Santa_Rosa_County,30.38,87.05
ESC-0789-005,Escambia_County,30.46,87.21
ESC-0794-009,Escambia_County,30.62,87.26
ESC-1115-014,Escambia_County,30.41,87.26
ESC-1417-018,Escambia_County,30.38,87.43
ESC-1572-023,Escambia_County,30.52,87.45
ESC-1790-030,Escambia_County,30.47,87.16
POL-2538-043,Polk_County,27.94,81.85
SEM-2462-025,Seminole_County,28.79,81.06
LAF-2414-006,Lafayette_County,29.84,83.31
PAL-2629-150,Palm_Beach_County,26.79,80.14
UNI-2619-010,Union_County,30.12,82.29
BRE-2483-094,Brevard_County,27.86,80.53
POL-2533-038,Polk_County,27.98,81.54
PUT-2509-019,Putnam_County,29.43,81.67
LAF-2415-007,Lafayette_County,30.04,83.12
POL-2531-036,Polk_County,28.01,81.75
WAK-2566-027,Wakulla_County,30.23,84.30
BAY-2569-042,Bay_County,30.09,85.53
GAD-2386-007,Gadsen_County,30.66,84.73
HIG-2555-026,Highlands_County,27.31,81.37
WAK-2567-028,Wakulla_County,30.23,84.30
PIN-2497-138,Pinellas_County,27.99,82.80
VOL-2512-065,Volusia_County,29.27,81.55
POL-2541-046,Polk_County,27.83,81.81
PUT-2507-017,Putnam_County,29.51,81.68
BAY-2423-036,Bay_County,30.28,85.99
POL-2552-057,Polk_County,28.09,81.72
POL-2550-055,Polk_County,27.81,81.39
IDR-2492-030,Indian_River_County,27.59,80.37
TAY-2405-006,Taylor_County,30.01,83.78
IDR-2491-029,Indian_River_County,27.84,80.50
OSC-2560-031,Osceola_County,28.21,81.12
FLG-2486-024,Flagler_County,29.50,81.22
HIL-2441-093,Hillsborough_County,28.05,82.36
POL-2547-052,Polk_County,27.76,81.57
POL-2539-044,Polk_County,27.90,81.82
POL-2530-035,Polk_County,28.13,81.80
VOL-2502-063,Volusia_County,29.41,81.10
PAS-2601-032,Pasco_County,28.32,82.44
POL-2535-040,Polk_County,28.00,81.70
POL-2549-054,Polk_County,27.76,81.51
PUT-2510-020,Putnam_County,29.50,81.59
POL-2529-034,Polk_County,28.06,81.53
POL-2528-033,Polk_County,28.07,81.68
GUL-2390-014,Gulf_County,30.24,85.20
WAK-2564-025,Wakulla_County,30.23,84.31
GUL-2391-015,Gulf_County,30.12,85.20
HIG-2517-021,Highlands_County,27.64,81.53
IDR-2324-025,Indian_River_County,27.73,80.77
GAD-2385-006,Gadsen_County,30.70,84.86
JAC-2398-012,Jackson_County,30.12,83.98
PIN-2500-141,Pinellas_County,27.85,82.84
POL-2607-059,Polk_County,27.71,81.45
PAS-2602-033,Pasco_County,28.30,82.06
HIL-2591-103,Hillsborough_County,27.94,82.41
VOL-2503-064,Volusia_County,29.35,81.08
HIG-2554-025,Highlands_County,27.54,81.43
ESC-1786-028,Escambia_County,30.46,87.37
HIG-2322-016,Highlands_County,27.58,81.49
HIL-2490-101,Hillsborough_County,28.01,82.63
WAK-2407-021,Wakulla_County,30.20,84.18
POL-2540-045,Polk_County,27.87,81.84
POL-2542-047,Polk_County,27.81,81.79
BRE-2430-084,Brevard_County,28.15,80.73
POL-2534-039,Polk_County,27.98,81.76
POL-2548-053,Polk_County,27.74,81.54
DES-2485-008,DeSoto_County,27.30,81.85
BAY-2424-037,Bay_County,30.39,85.68
STL-2624-026,St._Lucie_County,27.40,80.40
PIN-2494-135,Pinellas_County,28.09,82.70
WAK-2480-023,Wakulla_County,30.24,84.30
ORA-2455-078,Orange_County,28.44,81.34
ESC-2439-059,Escambia_County,30.73,87.29
CAH-2317-002,Calhoun_County,30.29,85.14
POL-2334-029,Polk_County,27.94,81.42
SAN-2336-043,Santa_Rosa_County,30.67,86.96
SAN-2335-042,Santa_Rosa_County,30.86,86.83
PAS-2332-030,Pasco_County,28.98,81.35
GUL-2319-010,Gulf_County,30.09,85.18
LAF-2326-004,Lafayette_County,30.04,83.12
VOL-2471-054,Volusia_County,28.95,81.34
TAY-2418-008,Taylor_County,29.96,83.58
SAN-2461-046,Santa_Rosa_County,30.71,87.05
WAS-2341-007,Washington_County,30.50,85.55
VOL-2338-051,Volusia_County,28.94,81.10
LAK-2328-046,Lake_County,28.54,81.65
VOL-2474-057,Volusia_County,28.90,81.22
VOL-2475-058,Volusia_County,28.79,81.14
HIL-2444-096,Hillsborough_County,27.81,82.40
ORA-2456-079,Orange_County,28.57,81.54
HAM-2410-008,Hamilton_County,30.45,83.10
PIN-2603-142,Pinellas_County,27.74,82.65
BAY-2572-045,Bay_County,30.01,85.53
LAK-2595-048,Lake_County,29.17,81.63
FLG-2575-028,Flagler_County,29.42,81.44
BAY-2520-039,Bay_County,30.25,85.94
LEO-2558-023,Levy_County,30.29,84.15
HIG-2589-027,Highlands_County,27.30,81.37
BAY-2521-040,Bay_County,30.28,85.99
POL-2543-048,Polk_County,27.76,81.80
STJ-2617-074,St._Johns_County,29.72,81.48
PIN-2605-144,Pinellas_County,27.78,82.66
BRO-2315-065,Broward_County,26.09,80.18
BRE-2625-100,Brevard_County,28.71,80.72
JAC-2397-011,Jackson_County,30.90,84.96
POL-2545-050,Polk_County,27.79,81.68
STJ-2616-073,St._Johns_County,29.82,81.55
MAO-2597-037,Marion_County,29.25,81.64
HIG-2523-023,Highlands_County,27.65,81.48
BAY-2570-043,Bay_County,30.11,85.56
POL-2544-049,Polk_County,27.75,81.78
GUL-2622-031,Gulf_County,30.02,85.15
LAF-2413-005,Lafayette_County,30.13,83.13
PIN-2604-143,Pinellas_County,27.74,82.64
ALC-2522-100,Alachua_County,29.64,82.35
HIG-2513-017,Highlands_County,27.35,81.39
MAO-2505-036,Marion_County,29.35,81.73
PIN-2495-136,Pinellas_County,28.01,82.66
HIG-2516-020,Highlands_County,27.60,81.50
GUL-2587-029,Gulf_County,29.74,85.19
WAK-2565-026,Wakulla_County,30.23,84.30
BAY-2519-038,Bay_County,30.27,85.98
PUT-2506-016,Putnam_County,29.69,81.63
POL-2606-058,Polk_County,27.69,81.44
HIL-2440-092,Hillsborough_County,28.01,82.34
CAH-2382-004,Calhoun_County,30.51,85.16
LAK-2504-047,Lake_County,29.17,81.52
WAK-2408-022,Wakulla_County,30.03,84.39
FLG-2487-025,Flagler_County,29.48,81.14
PIN-2493-134,Pinellas_County,27.96,82.70
POL-2526-031,Polk_County,28.09,81.74
LEO-2559-024,Leon_County,30.41,84.61
POL-2551-056,Polk_County,27.72,81.42
FLG-2488-026,Flagler_County,29.48,81.13
HIL-2442-094,Hillsborough_County,27.99,82.47
OSC-2600-032,Osceola_County,28.08,81.30
HIG-2515-019,Highlands_County,27.59,81.50
HIL-2443-095,Hillsborough_County,28.05,82.27
WAK-2406-020,Wakulla_County,30.24,84.27
LEO-2401-020,Leon_County,30.58,84.29
PIN-2496-137,Pinellas_County,28.04,82.69
GUL-2393-017,Gulf_County,29.68,85.22
PUT-2511-021,Putnam_County,29.43,81.51
JAC-2396-010,Jackson_County,30.66,84.97
MTE-2329-049,Manatee_County,27.48,82.30
PAS-2621-034,Pasco_County,28.31,82.06
HIG-2524-024,Highlands_County,27.64,81.36
OSC-2525-030,Osceola_County,28.03,81.45
BRE-2484-095,Brevard_County,27.83,80.56
SUW-2563-012,Suwannee_County,30.24,83.25
HIG-2514-018,Highlands_County,27.57,81.50
FLG-2489-027,Flagler_County,29.44,81.11
POL-2537-042,Polk_County,28.00,81.67
HIG-2320-014,Highlands_County,27.25,81.38
PIN-2499-140,Pinellas_County,27.89,82.85
VOL-2339-052,Volusia_County,29.17,81.30
HIG-2321-015,Highlands_County,27.52,81.49
WAK-2481-024,Wakulla_County,30.23,84.30
JAC-2325-007,Jackson_County,30.60,85.39
LEV-2416-016,Levy_County,29.21,82.76
SAN-2459-044,Santa_Rosa_County,30.58,87.00
VOL-2470-053,Volusia_County,29.04,80.89
TAY-2419-009,Taylor_County,30.06,83.59
ORA-2330-077,Orange_County,28.38,81.20
TAY-2417-007,Taylor_County,29.92,83.67
SAN-2460-045,Santa_Rosa_County,30.63,87.02
POL-2333-028,Polk_County,27.90,81.72
WAS-2342-008,Washington_County,30.55,85.57
VOL-2472-055,Volusia_County,28.89,81.36
WAL-2340-021,Walton_County,30.40,86.04
VOL-2473-056,Volusia_County,28.87,81.17
DIX-2409-018,Dixie_County,29.44,83.29
SEM-2463-026,Seminole_County,28.68,81.11
SEM-2464-027,Seminole_County,28.63,81.12
VOL-2476-059,Volusia_County,28.81,81.13
BRE-2432-086,Brevard_County,28.61,80.96
HIL-2448-100,Hillsborough_County,27.96,82.55
ORA-2459-080,Orange_County,28.60,81.51
HIL-2446-098,Hillsborough_County,28.13,82.26
HIL-2445-097,Hillsborough_County,28.15,82.23
POL-2546-051,Polk_County,27.81,81.56
ALC-2623-101,Alachua_County,29.68,82.24
TAY-2420-010,Taylor_County,30.10,83.47
JEF-2556-007,Jefferson_County,30.31,83.82
JEF-2557-008,Jefferson_County,30.59,83.72
STJ-2615-072,St._Johns_County,29.79,81.53
SUW-2563-012,Suwannee_County,30.24,83.25
POL-2532-037,Polk_County,28.00,81.75
TAY-2432-012,Taylor_County,30.29,83.68
ORA-2599-082,Orange_County,28.49,81.10
BAY-2568-041,Bay_County,30.04,85.49
UNI-2618-009,Union_County,30.12,82.40
HIL-2590-102,Hillsborough_County,27.93,82.43
VOL-2478-061,Volusia_County,28.99,80.87
DAD-2354-114,Miami-Dade_County,25.46,80.34
DUV-2262-061,Duval_County,30.44,81.76
LIB-2404-002,Liberty_County,30.31,85.04
HIL-2365-077,Hillsborough_County,28.02,82.45
HIL-2376-088,Hillsborough_County,27.92,82.17
GUL-2389-013,Gulf_County,30.09,85.18
LEO-2463-022,Leon_County,30.43,84.36
DUV-2269-068,Duval_County,30.46,81.83
BRE-2437-091,Brevard_County,28.68,80.83
DUV-2259-058,Duval_County,30.40,81.66
GUL-2582-024,Gulf_County,29.69,85.30
GUL-2578-020,Gulf_County,29.69,85.28
DAD-2355-115,Miami-Dade_County,25.79,80.15
DUV-2257-056,Duval_County,30.39,81.51
DUV-2267-066,Duval_County,30.40,81.43
HIL-2377-089,Hillsborough_County,27.94,82.22
HIL-2366-078,Hillsborough_County,28.01,82.47
DUV-2261-060,Duval_County,30.43,81.72
HIL-2368-080,Hillsborough_County,27.93,82.45
DAD-2299-092,Miami-Dade_County,25.64,80.38
HIL-2370-082,Hillsborough_County,27.77,82.37
LEO-2402-021,Leon_County,30.40,84.31
HIL-2367-079,Hillsborough_County,28.00,82.47
BRO-2358-068,Broward_County,26.12,80.13
DAD-2344-104,Miami-Dade_County,25.91,80.16
HER-2361-010,Hernando_County,28.48,82.31
BRE-2482-093,Brevard_County,27.88,80.50
GUL-2588-030,Gulf_County,30.00,85.37
PAS-2380-031,Pasco_County,28.29,82.61
DAD-2296-089,Miami-Dade_County,25.52,80.40
IDR-2592-031,Indian_River_County,27.63,80.76
DUV-2263-062,Duval_County,30.29,81.57
HIL-2374-086,Hillsborough_County,27.84,82.27
DAD-2356-116,Miami-Dade_County,25.86,80.13
HIL-2375-087,Hillsborough_County,27.78,82.14
SAN-2610-048,Santa_Rosa_County,30.66,87.01
GUL-2387-011,Gulf_County,30.14,85.20
BRE-2433-087,Brevard_County,28.77,80.85
PIN-2498-139,Pinellas_County,27.92,82.83
DAD-2345-105,Miami-Dade_County,25.87,80.24
DUV-2266-065,Duval_County,30.40,81.69
DUV-2264-063,Duval_County,30.22,81.51
DUV-2269-067,Duval_County,30.28,81.74
JAC-2400-014,Jackson_County,30.21,84.04
JAC-2399-013,Jackson_County,30.26,83.90
JAC-2395-009,Jackson_County,30.58,85.33
HIL-2378-090,Hillsborough_County,27.99,82.15
CAH-2381-003,Calhoun_County,30.42,85.03
CAH-2384-006,Calhoun_County,30.58,84.95
HIL-2364-076,Hillsborough_County,28.03,82.43
CAH-2383-005,Calhoun_County,30.43,85.17
JAC-2394-008,Jackson_County,30.87,84.94
NAS-2270-045,Nassau_County,30.60,81.44
GUL-2580-022,Gulf_County,29.75,85.30
DUV-2260-059,Duval_County,30.39,81.72
IDR-2449-026,Indian_River_County,27.56,80.33
HIL-2369-081,Hillsborough_County,27.91,82.45
STL-2468-022,St._Lucie_County,27.32,80.33
STL-2469-023,St._Lucie_County,27.34,80.55
IDR-2450-027,Indian_River_County,27.86,80.45
IDR-2451-028,Indian_River_County,27.85,80.45
BRO-2314-064,Broward_County,26.29,80.18
MRT-2454-055,Martin_County,27.32,80.23
STL-2465-019,St._Lucie_County,27.44,80.32
JEF-2452-005,Jefferson_County,30.15,83.97
JEF-2453-006,Jefferson_County,30.14,83.87
BRE-2431-085,Brevard_County,28.33,80.78
DAD-2298-091,Miami-Dade_County,25.64,80.50
BRA-2229-005,Bradford_County,29.86,82.16
BRO-2316-066,Broward_County,26.21,80.10
DAD-2306-099,Miami-Dade_County,25.85,80.21
CLA-2230-020,Clay_County,29.78,82.03
DAD-2353-113,Miami-Dade_County,25.85,80.17
CLA-2231-021,Clay_County,29.80,82.04
DAD-2352-112,Miami-Dade_County,25.77,80.20
DAD-2302-095,Miami-Dade_County,25.71,80.26
DAD-2348-108,Miami-Dade_County,25.87,80.17
HIL-2447-099,Hillsborough_County,28.01,82.35
DAD-2347-107,Miami-Dade_County,25.92,80.22
DAD-2349-109,Miami-Dade_County,25.70,80.17
DAD-2350-110,Miami-Dade_County,25.73,80.16
STL-2466-020,St._Lucie_County,27.42,80.28
BRE-2434-088,Brevard_County,28.76,80.77
DAD-2351-111,Miami-Dade_County,25.73,80.23
DAD-2343-103,Miami-Dade_County,25.93,80.15
STL-2467-021,St._Lucie_County,27.40,80.38
BRE-2429-083,Brevard_County,28.23,80.76
ORA-2598-081,Orange_County,28.58,81.41
PUT-2508-018,Putnam_County,29.48,81.68
POL-2536-041,Polk_County,28.00,81.71
HIG-2518-022,Highlands_County,27.63,81.55
POL-2527-032,Polk_County,28.10,81.63
ORA-2626-084,Orange_County,28.60,81.41
BRE-2438-092,Brevard_County,28.59,80.86
VOL-2477-060,Volusia_County,28.93,80.83
GUL-2579-021,Gulf_County,29.71,85.30
POL-2608-060,Polk_County,27.99,81.69
LEO-2634-026,Leon_County,30.32,84.30
BRE-2574-097,Brevard_County,28.36,80.68
IDR-2594-033,Indian_River_County,27.82,80.81
IDR-2593-032,Indian_River_County,27.82,80.67
LIB-2596-003,Liberty_County,30.13,84.67
LEO-2633-025,Leon_County,30.53,84.22
GUL-2583-025,Gulf_County,29.71,85.29
BRE-2435-089,Brevard_County,28.63,80.79
BRO-2359-069,Broward_County,26.11,80.13
HER-2360-009,Hernando_County,28.65,82.26
HIL-2373-085,Hillsborough_County,27.85,82.28
GUL-2584-026,Gulf_County,29.71,85.28
FRA-2632-027,Franklin_County,30.01,85.00
GUL-2581-023,Gulf_County,29.71,85.27
SAR-2613-106,Sarasota_County,27.33,82.44
STL-2614-024,St._Lucie_County,27.24,80.32
BRE-2436-090,Brevard_County,28.58,80.80
GUL-2576-018,Gulf_County,29.72,85.29
SAR-2611-104,Sarasota_County,27.32,82.50
SAR-2612-105,Sarasota_County,27.33,82.44
GUL-2588-019,Gulf_County,29.71,85.26
HER-2362-011,Hernando_County,28.58,82.22
DUV-2258-057,Duval_County,30.39,81.65
HIL-2372-084,Hillsborough_County,27.88,82.30
DAD-2346-106,Miami-Dade_County,25.85,80.19
BRO-2357-067,Broward_County,26.13,80.17
HIL-2371-083,Hillsborough_County,27.80,82.35
VOL-2479-062,Volusia_County,29.00,80.89
DUV-2265-064,Duval_County,30.56,81.61
DAD-2352-112,Miami-Dade_County,25.77,80.20
BRE-2573-096,Brevard_County,28.54,80.86
HIL-2363-075,Hillsborough_County,28.02,82.39
HIL-2379-091,Hillsborough_County,27.94,82.46
DAD-2303-096,Miami-Dade_County,25.74,80.29
GUL-2388-012,Gulf_County,30.13,85.14
BAY-2571-044,Bay_County,30.13,85.63
WAK-1840-013,Wakulla_County,30.00,84.47
WAK-1852-014,Wakulla_County,30.09,84.51
LEE-0066-025,Lee_County,26.75,82.23
LEE-1871-034,Lee_County,26.34,81.69
LEE-1873-036,Lee_County,26.34,81.78
BRA-0811-001,Bradford_County,29.77,82.08
BRA-1622-003,Bradford_County,29.92,82.17
BRA-1682-004,Bradford_County,29.92,82.17
NAS-0198-001,Nassau_County,30.63,81.53
NAS-0203-002,Nassau_County,30.57,81.52
NAS-0204-003,Nassau_County,30.69,81.46
NAS-0205-004,Nassau_County,30.67,81.47
NAS-0206-005,Nassau_County,30.61,81.47
NAS-0207-006,Nassau_County,30.52,81.45
NAS-0209-007,Nassau_County,30.67,81.44
CAH-1608-001,Calhoun_County,30.52,84.99
NAS-0536-009,Nassau_County,30.68,81.46
NAS-0537-010,Nassau_County,30.66,81.46
NAS-0538-011,Nassau_County,30.62,81.47
NAS-0195-012,Nassau_County,30.76,81.54
NAS-0196-013,Nassau_County,30.77,81.54
NAS-0197-014,Nassau_County,30.72,81.55
NAS-2148-016,Nassau_County,30.57,81.52
NAS-2149-017,Nassau_County,30.64,81.48
NAS-2150-018,Nassau_County,30.70,81.46
NAS-2153-021,Nassau_County,30.52,82.02
NAS-2155-023,Nassau_County,30.67,81.47
WAK-0119-017,Wakulla_County,29.99,84.50
NAS-2157-025,Nassau_County,30.73,81.73
NAS-2160-027,Nassau_County,30.55,82.07
NAS-2162-029,Nassau_County,30.55,81.54
NAS-2164-031,Nassau_County,30.72,82.04
NAS-2172-034,Nassau_County,30.57,82.05
NAS-2178-038,Nassau_County,30.72,82.07
NAS-2182-041,Nassau_County,30.79,81.81
LEO-0733-003,Leon_County,30.43,84.30
LEO-0735-005,Leon_County,30.45,84.29
LEO-0737-007,Leon_County,30.44,84.18
LEO-1377-009,Leon_County,30.64,84.20
LEO-1381-011,Leon_County,30.51,84.31
LEO-1390-014,Leon_County,30.52,84.25
LEO-1579-016,Leon_County,30.37,84.30
TAY-0117-001,Taylor_County,29.52,84.40
CLA-0552-001,Clay_County,30.03,81.72
CLA-1127-004,Clay_County,30.01,81.69
CLA-1130-007,Clay_County,30.07,81.85
CLA-1135-010,Clay_County,30.13,81.72
CLA-1185-015,Clay_County,30.05,81.72
GUL-1445-002,Gulf_County,29.80,85.29
GUL-1448-005,Gulf_County,29.84,85.31
GUL-1449-006,Gulf_County,29.81,85.31
GUL-1454-008,Gulf_County,29.82,85.31
CLM-1830-005,Columbia_County,29.84,82.63
CLM-0082-013,Coulmbia_County,30.17,82.57
CLM-2146-015,Columbia_County,29.91,82.58
LEE-0026-002,Lee_County,26.66,81.88
LEE-0034-005,Lee_County,26.63,82.12
LEE-0037-008,Lee_County,26.61,81.97
WAK-1388-008,Wakulla_County,30.21,84.26
LEE-0040-010,Lee_County,26.58,81.86
LEE-0045-015,Lee_County,26.56,81.93
LEE-0051-019,Lee_County,26.41,81.88
WAK-1836-011,Wakulla_County,30.02,84.37
LEE-1891-039,Lee_County,26.60,81.57
LEE-1952-043,Lee_County,26.64,82.08
LEE-1972-051,Lee_County,26.72,81.64
LEE-1973-052,Lee_County,26.71,81.61
WAK-0122-001,Wakulla_County,30.06,84.29
LEE-1872-035,Lee_County,26.34,81.75
LEE-1874-037,Lee_County,26.34,81.82
LEE-1890-038,Lee_County,26.65,81.69
WAK-1853-015,Wakulla_County,30.21,84.68
WAK-0118-016,Wakulla_County,30.18,84.25
WAK-0120-018,Wakulla_County,29.98,84.42
UNI-0439-001,Union_County,30.10,82.16
UNI-0440-002,Union_County,30.07,82.20
UNI-0441-003,Union_County,30.07,82.23
UNI-0442-004,Union_County,30.05,82.30
WAK-1372-004,Wakulla_County,30.10,84.26
UNI-0443-005,Union_County,30.02,82.33
UNI-0444-006,Union_County,30.03,82.34
UNI-0445-007,Union_County,29.92,82.43
SUM-0294-002,Sumter_County,28.82,82.14
SUM-0353-004,Sumter_County,28.85,82.21
SUM-0354-005,Sumter_County,28.72,82.24
SUM-0764-006,Sumter_County,28.59,82.22
SUM-0765-007,Sumter_County,28.76,82.11
SUM-0766-008,Sumter_County,28.79,82.12
WAK-1373-005,Wakulla_County,30.13,84.15
SUM-0767-009,Sumter_County,28.80,82.15
SUM-1050-010,Sumter_County,28.91,82.00
SUM-1051-011,Sumter_County,28.83,81.98
SUM-1052-012,Sumter_County,28.83,82.01
SUM-1053-013,Sumter_County,28.83,81.99
CLM-1161-002,Columbia_County,29.84,82.67
CLM-1163-003,Columbia_County,29.95,82.78
CLM-1829-004,Columbia_County,29.93,82.56
WAK-1374-006,Wakulla_County,30.07,84.18
CLM-1831-006,Columbia_County,29.83,82.68
CLM-1832-007,Columbia_County,29.87,82.74
CLM-0077-008,Coulmbia_County,30.33,82.76
CLM-0078-009,Coulmbia_County,30.19,82.64
CLM-0079-010,Coulmbia_County,30.19,82.64
CLM-0080-011,Coulmbia_County,30.17,82.62
CLM-0081-012,Coulmbia_County,30.19,82.60
CLM-1437-014,Columbia_County,30.68,82.56
WAK-1387-007,Wakulla_County,30.15,84.20
LEE-0021-001,Lee_County,26.75,82.26
LEE-0032-003,Lee_County,26.70,82.04
LEE-0033-004,Lee_County,26.64,82.06
LEE-0039-009,Lee_County,26.71,81.80
LEE-0041-011,Lee_County,26.58,81.88
LEE-0042-012,Lee_County,26.56,81.75
LEE-0043-013,Lee_County,26.47,81.78
LEE-0044-014,Lee_County,26.48,81.85
LEE-0046-016,Lee_County,26.56,81.95
LEE-0049-017,Lee_County,26.34,81.81
LEE-0050-018,Lee_County,26.33,81.85
WAK-1835-010,Wakulla_County,30.05,84.50
LEE-0053-021,Lee_County,26.45,82.04
LEE-0058-022,Lee_County,26.76,82.13
LEE-0059-023,Lee_County,26.44,82.13
LEE-0060-024,Lee_County,26.75,82.20
LEE-0068-027,Lee_County,26.70,82.24
LEE-0473-029,Lee_County,26.35,81.74
LEE-0474-030,Lee_County,26.34,81.76
LEE-1716-031,Lee_County,26.74,82.07
LEE-1717-032,Lee_County,26.72,82.07
LEE-1718-033,Lee_County,26.66,82.06
LEE-1947-040,Lee_County,26.49,82.08
LEE-1948-041,Lee_County,26.46,82.20
LEE-1950-042,Lee_County,26.55,82.20
LEE-1953-044,Lee_County,26.71,82.16
LEE-1954-045,Lee_County,26.69,82.24
WAK-1837-012,Wakulla_County,29.97,84.34
LEE-1955-046,Lee_County,26.36,81.84
LEE-1957-047,Lee_County,26.76,82.06
LEE-1961-048,Lee_County,26.44,81.84
LEE-1970-049,Lee_County,26.72,81.69
LEE-1971-050,Lee_County,26.71,81.75
LEE-2046-054,Lee_County,26.34,81.81
LEE-2047-055,Lee_County,26.71,81.66
LEE-0055-056,Lee_County,26.55,82.05
NAS-2147-015,Nassau_County,30.59,81.66
NAS-2151-019,Nassau_County,30.74,81.68
NAS-2152-020,Nassau_County,30.63,81.57
NAS-2154-022,Nassau_County,30.67,81.44
NAS-2156-024,Nassau_County,30.68,81.46
NAS-2158-026,Nassau_County,30.72,81.62
NAS-2161-028,Nassau_County,30.64,81.49
NAS-2163-030,Nassau_County,30.66,81.49
NAS-2166-032,Nassau_County,30.36,82.13
NAS-2169-033,Nassau_County,30.58,81.59
NAS-2173-035,Nassau_County,30.75,81.73
NAS-2175-036,Nassau_County,30.78,81.97
NAS-2176-037,Nassau_County,30.55,82.23
NAS-2179-039,Nassau_County,30.78,82.02
NAS-2180-040,Nassau_County,30.79,81.84
NAS-2184-042,Nassau_County,30.73,81.54
LEO-0732-002,Leon_County,30.40,84.34
LEO-0734-004,Leon_County,30.46,84.32
LEO-0736-006,Leon_County,30.47,84.18
LEO-1375-008,Leon_County,30.62,84.25
LEO-1380-010,Leon_County,30.44,84.53
LEO-1385-012,Leon_County,30.56,83.99
LEO-1386-013,Leon_County,30.28,84.15
LEO-1391-015,Leon_County,30.54,84.33
CLA-0554-002,Clay_County,29.98,81.63
CLA-1126-003,Clay_County,29.98,81.64
CLA-1128-005,Clay_County,30.04,81.71
CLA-1129-006,Clay_County,30.08,81.81
CLA-1133-008,Clay_County,30.16,81.71
CLA-1134-009,Clay_County,30.15,81.70
CLA-1136-011,Clay_County,30.10,81.75
CLA-1137-012,Clay_County,30.13,81.76
CLA-1138-013,Clay_County,30.17,81.70
CLA-1184-014,Clay_County,30.14,81.73
CLA-1623-016,Clay_County,29.96,81.99
GUL-1439-001,Gulf_County,29.83,85.31
GUL-1446-003,Gulf_County,29.80,85.30
GUL-1447-004,Gulf_County,29.81,85.29
GUL-1453-007,Gulf_County,29.88,85.22
GUL-1844-009,Gulf_County,29.88,85.22
MON-2118-098,Monroe_County,25.12,80.41
MON-2119-099,Monroe_County,24.72,81.38
SAR-0017-003,Sarasota_County,27.02,82.28
SAR-0458-005,Sarasota_County,27.12,82.44
SAR-0571-007,Sarasota_County,27.29,82.54
SAR-0572-008,Sarasota_County,27.28,82.55
SAR-0574-010,Sarasota_County,27.25,82.53
SAR-0575-011,Sarasota_County,27.25,82.53
SAR-0576-012,Sarasota_County,27.24,82.52
SAR-0577-013,Sarasota_County,27.23,82.51
SAR-0578-014,Sarasota_County,27.22,82.51
SAR-0581-017,Sarasota_County,27.17,82.49
SAR-0582-018,Sarasota_County,27.16,82.48
SAR-0584-020,Sarasota_County,27.14,82.47
SAR-0585-021,Sarasota_County,27.13,82.47
SAR-0586-022,Sarasota_County,27.12,82.46
SAR-0587-023,Sarasota_County,27.12,82.45
SAR-0588-024,Sarasota_County,27.11,82.46
SAR-0589-025,Sarasota_County,27.11,82.46
SAR-0590-026,Sarasota_County,27.07,82.43
SAR-0591-027,Sarasota_County,27.04,82.43
SAR-0592-028,Sarasota_County,27.02,82.41
SAR-0593-029,Sarasota_County,27.00,82.40
SAR-0596-032,Sarasota_County,27.35,82.58
SAR-0597-033,Sarasota_County,27.33,82.57
SAR-0598-034,Sarasota_County,27.33,82.59
SAR-0599-035,Sarasota_County,27.33,82.57
SAR-0601-037,Sarasota_County,27.36,82.57
SAR-0604-040,Sarasota_County,27.33,82.54
SAR-0607-043,Sarasota_County,27.38,82.60
SAR-0609-045,Sarasota_County,27.38,82.59
SAR-0610-046,Sarasota_County,27.36,82.60
SAR-0619-047,Sarasota_County,27.30,82.51
SAR-0620-048,Sarasota_County,27.28,82.56
SAR-0621-049,Sarasota_County,27.25,82.53
SAR-0622-050,Sarasota_County,27.18,82.49
SAR-0623-051,Sarasota_County,27.14,82.46
SAR-0624-052,Sarasota_County,27.14,82.44
SAR-0625-053,Sarasota_County,27.12,82.43
SAR-0784-054,Sarasota_County,27.01,82.41
SAR-1401-056,Sarasota_County,27.33,82.44
SAR-1403-057,Sarasota_County,27.36,82.42
SAR-1404-058,Sarasota_County,27.37,82.45
SAR-1523-061,Sarasota_County,27.28,82.50
SAR-1524-062,Sarasota_County,27.32,82.50
SAR-1525-063,Sarasota_County,27.12,82.45
SAR-1526-064,Sarasota_County,27.12,82.43
SAR-1527-065,Sarasota_County,27.23,82.31
SAR-1530-068,Sarasota_County,27.16,82.46
SAR-1827-071,Sarasota_County,27.30,82.22
SAR-1959-072,Sarasota_County,27.00,82.39
SAR-1990-073,Sarasota_County,27.05,82.29
SAR-1995-074,Sarasota_County,27.08,82.21
SAR-1997-075,Sarasota_County,27.12,82.15
SAR-2003-077,Sarasota_County,27.27,82.29
SAR-2005-078,Sarasota_County,27.13,82.43
SAR-2007-080,Sarasota_County,27.11,82.46
SAR-2009-082,Sarasota_County,27.14,82.43
SAR-2010-083,Sarasota_County,27.10,82.44
SAR-2012-085,Sarasota_County,27.14,82.36
SAR-2013-086,Sarasota_County,27.16,82.42
SAR-2014-087,Sarasota_County,27.06,82.40
SAR-2015-088,Sarasota_County,27.05,82.44
GAD-1378-002,Gadsden_County,30.46,84.50
GAD-1379-003,Gadsden_County,30.48,84.41
GAD-1382-004,Gadsden_County,30.59,84.36
MON-2105-085,Monroe_County,25.02,80.49
MON-2106-086,Monroe_County,25.01,80.52
MON-2107-087,Monroe_County,25.00,80.53
MON-2109-089,Monroe_County,24.90,80.66
MON-2110-090,Monroe_County,24.85,80.74
MON-2111-091,Monroe_County,24.94,80.61
MON-2112-092,Monroe_County,24.95,80.59
MON-2114-094,Monroe_County,25.08,80.45
MON-2115-095,Monroe_County,25.16,80.39
MON-2117-097,Monroe_County,25.10,80.44
MON-0641-001,Monroe_County,24.55,81.97
MON-0650-010,Monroe_County,24.59,81.81
MON-0651-011,Monroe_County,24.57,81.78
MON-0652-012,Monroe_County,24.58,81.79
MON-0653-013,Monroe_County,24.59,81.79
SAR-0594-030,Sarasota_County,26.98,82.39
MON-0654-014,Monroe_County,24.58,81.75
SAR-0600-036,Sarasota_County,27.31,82.55
SAR-0606-042,Sarasota_County,27.39,82.61
MON-0655-015,Monroe_County,24.55,81.81
SAR-0608-044,Sarasota_County,27.39,82.59
MON-0656-016,Monroe_County,24.56,81.81
MON-0657-017,Monroe_County,24.54,81.80
SAR-1826-070,Sarasota_County,27.24,82.31
MON-0658-018,Monroe_County,24.55,81.79
MON-0659-019,Monroe_County,24.53,81.78
MON-0642-002,Monroe_County,24.53,82.01
MON-0660-020,Monroe_County,24.55,81.75
MON-0661-021,Monroe_County,24.56,81.75
MON-0662-022,Monroe_County,24.56,81.77
MON-0663-023,Monroe_County,24.56,81.79
MON-0666-025,Monroe_County,24.58,81.73
MON-0667-026,Monroe_County,24.57,81.74
MON-0668-027,Monroe_County,24.56,81.73
MON-0669-028,Monroe_County,24.58,81.71
MON-0670-029,Monroe_County,24.57,81.67
MON-0671-030,Monroe_County,24.60,81.67
MON-0643-003,Monroe_County,24.45,81.88
MON-0672-031,Monroe_County,24.59,81.65
MON-0673-032,Monroe_County,24.58,81.65
MON-0674-033,Monroe_County,24.65,81.57
MON-0675-034,Monroe_County,24.68,81.50
MON-0676-035,Monroe_County,24.60,81.65
MON-0677-036,Monroe_County,24.69,81.50
MON-0678-037,Monroe_County,24.66,81.51
MON-0679-038,Monroe_County,24.66,81.45
MON-0644-004,Monroe_County,24.46,81.85
MON-0680-039,Monroe_County,24.69,81.09
MON-0681-040,Monroe_County,24.71,81.08
MON-0682-041,Monroe_County,24.71,81.08
MON-0683-042,Monroe_County,24.72,81.06
MON-0684-043,Monroe_County,24.73,81.04
MON-0685-044,Monroe_County,24.73,81.06
MON-0688-047,Monroe_County,24.88,80.69
MON-0689-048,Monroe_County,24.91,80.64
MON-0690-049,Monroe_County,24.96,80.59
MON-0691-050,Monroe_County,24.99,80.54
MON-0645-005,Monroe_County,24.45,81.86
MON-0692-051,Monroe_County,25.02,80.51
MON-0693-052,Monroe_County,25.05,80.49
MON-0694-053,Monroe_County,25.09,80.44
MON-1142-054,Monroe_County,24.70,81.32
MON-1143-055,Monroe_County,24.69,81.36
MON-1144-056,Monroe_County,24.72,81.40
MON-1145-057,Monroe_County,24.67,81.37
MON-1146-058,Monroe_County,24.70,81.35
MON-1147-059,Monroe_County,24.69,81.42
MON-1148-060,Monroe_County,24.65,81.33
MON-0646-006,Monroe_County,24.47,81.74
MON-1149-061,Monroe_County,24.66,81.28
MON-1624-062,Monroe_County,24.72,81.06
MON-1625-063,Monroe_County,24.72,81.04
MON-1626-064,Monroe_County,24.73,81.02
MON-1627-065,Monroe_County,24.72,81.03
MON-1628-066,Monroe_County,24.71,81.08
MON-1920-067,Monroe_County,25.79,81.10
MON-1921-068,Monroe_County,25.76,81.04
MON-1922-069,Monroe_County,25.76,80.93
MON-1930-070,Monroe_County,25.14,80.93
MON-0647-007,Monroe_County,24.48,81.72
MON-2091-071,Monroe_County,24.66,81.52
MON-2092-072,Monroe_County,24.65,81.57
MON-2093-073,Monroe_County,24.66,81.44
MON-2094-074,Monroe_County,24.67,81.42
MON-2095-075,Monroe_County,24.66,81.47
MON-2096-076,Monroe_County,25.05,80.49
MON-2097-077,Monroe_County,24.71,81.38
MON-0648-008,Monroe_County,24.57,81.80
MON-2098-078,Monroe_County,24.70,81.38
MON-2099-079,Monroe_County,24.68,81.25
MON-2103-083,Monroe_County,24.66,81.28
SAR-0459-006,Sarasota_County,27.17,82.47
SAR-0573-009,Sarasota_County,27.27,82.54
SAR-0579-015,Sarasota_County,27.20,82.50
SAR-0580-016,Sarasota_County,27.18,82.49
SAR-0583-019,Sarasota_County,27.15,82.47
SAR-0595-031,Sarasota_County,26.95,82.37
SAR-0602-038,Sarasota_County,27.35,82.56
SAR-0603-039,Sarasota_County,27.34,82.56
SAR-0605-041,Sarasota_County,27.31,82.55
SAR-1406-059,Sarasota_County,27.39,82.54
SAR-1522-060,Sarasota_County,27.27,82.53
SAR-1528-066,Sarasota_County,27.25,82.39
SAR-1825-069,Sarasota_County,27.12,82.35
SAR-1998-076,Sarasota_County,27.06,82.46
SAR-2006-079,Sarasota_County,27.10,82.44
SAR-2008-081,Sarasota_County,27.11,82.47
SAR-2011-084,Sarasota_County,27.07,82.41
GAD-1376-001,Gadsden_County,30.67,84.31
MON-2100-080,Monroe_County,24.64,81.35
MON-2101-081,Monroe_County,24.66,81.30
MON-2102-082,Monroe_County,24.66,81.28
MON-2104-084,Monroe_County,25.29,80.38
MON-2108-088,Monroe_County,24.92,80.64
MON-2113-093,Monroe_County,24.66,81.45
MON-2116-096,Monroe_County,25.13,80.40
PIN-0755-024,Pinellas_County,28.09,82.78
PIN-0756-025,Pinellas_County,28.07,82.75
PIN-0759-028,Pinellas_County,28.04,82.68
HIL-0875-011,Hillsborough_County,28.12,82.50
PIN-0769-034,Pinellas_County,28.17,82.73
PIN-0815-035,Pinellas_County,27.95,82.76
PIN-0818-038,Pinellas_County,27.91,82.80
PIN-0821-041,Pinellas_County,27.88,82.84
PIN-0912-043,Pinellas_County,28.15,82.73
PIN-0914-045,Pinellas_County,28.14,82.76
PIN-0916-047,Pinellas_County,28.11,82.77
PIN-0919-050,Pinellas_County,28.16,82.79
PIN-0920-051,Pinellas_County,28.15,82.76
HIL-0877-013,Hillsborough_County,28.15,82.59
PIN-0965-053,Pinellas_County,28.03,82.78
PIN-0970-058,Pinellas_County,27.97,82.76
PIN-0973-061,Pinellas_County,27.97,82.80
PIN-0975-063,Pinellas_County,27.97,82.83
PIN-0978-066,Pinellas_County,27.87,82.77
PIN-0989-067,Pinellas_County,28.14,82.77
PIN-0993-068,Pinellas_County,28.16,82.70
HIL-0879-015,Hillsborough_County,28.07,82.53
PIN-1034-070,Pinellas_County,27.99,82.69
PIN-1037-073,Pinellas_County,27.98,82.74
PIN-1038-074,Pinellas_County,27.98,82.75
PIN-1106-076,Pinellas_County,27.86,82.74
PIN-1504-079,Pinellas_County,27.76,82.64
PIN-1507-082,Pinellas_County,27.76,82.65
PIN-1510-085,Pinellas_County,27.72,82.64
PIN-1511-086,Pinellas_County,27.90,82.68
PIN-1514-089,Pinellas_County,27.84,82.67
PIN-1515-090,Pinellas_County,27.76,82.77
PIN-1516-091,Pinellas_County,27.76,82.76
PIN-1675-101,Pinellas_County,28.12,82.75
PIN-1676-102,Pinellas_County,28.13,82.75
PIN-2029-103,Pinellas_County,28.15,82.79
PIN-2031-105,Pinellas_County,28.09,82.78
PIN-2124-115,Pinellas_County,28.12,82.78
PIN-2125-116,Pinellas_County,28.13,82.77
PIN-2127-118,Pinellas_County,28.12,82.75
PIN-2140-122,Pinellas_County,27.85,82.60
PIN-2142-124,Pinellas_County,27.82,82.61
HIL-0099-002,Hillsborough_County,27.95,82.55
HIL-1032-020,Hillsborough_County,28.06,82.35
HER-0361-001,Hernando_County,28.56,82.55
HER-0362-002,Hernando_County,28.57,82.66
HER-0365-005,Hernando_County,28.50,82.65
HER-0984-007,Hernando_County,28.49,82.66
HIL-1042-022,Hillsborough_County,27.89,82.48
HIL-1043-023,Hillsborough_County,27.87,82.49
HIL-1045-025,Hillsborough_County,27.88,82.53
HIL-1482-027,Hillsborough_County,27.87,82.23
HIL-0100-003,Hillsborough_County,27.99,82.50
HIL-1650-033,Hillsborough_County,28.08,82.48
HIL-1652-035,Hillsborough_County,27.96,82.46
HIL-1653-036,Hillsborough_County,28.06,82.59
HIL-1976-039,Hillsborough_County,27.87,82.50
HIL-1979-042,Hillsborough_County,27.89,82.53
HIL-0102-005,Hillsborough_County,27.91,82.45
HIL-2043-052,Hillsborough_County,27.75,82.47
HIL-2061-053,Hillsborough_County,27.79,82.53
HIL-2065-056,Hillsborough_County,27.63,82.65
HIL-2068-058,Hillsborough_County,27.73,82.54
HIL-2069-059,Hillsborough_County,27.70,82.56
HIL-2074-061,Hillsborough_County,27.70,82.53
HIL-2087-067,Hillsborough_County,27.63,82.65
HIL-2130-069,Hillsborough_County,27.71,82.45
HIL-0104-007,Hillsborough_County,27.89,82.48
PIN-0312-001,Pinellas_County,27.76,82.76
PIN-0314-003,Pinellas_County,27.77,82.75
PIN-0318-007,Pinellas_County,27.75,82.75
PIN-0320-009,Pinellas_County,27.74,82.70
PIN-0322-011,Pinellas_County,27.69,82.72
PIN-0325-014,Pinellas_County,27.71,82.68
PIN-0326-015,Pinellas_County,27.68,82.74
PIN-0560-020,Pinellas_County,27.78,82.78
HIL-0098-001,Hillsborough_County,27.97,82.58
PIN-0563-023,Pinellas_County,27.81,82.77
PIN-0757-026,Pinellas_County,28.06,82.71
PIN-0758-027,Pinellas_County,28.05,82.71
PIN-0761-030,Pinellas_County,28.05,82.76
PIN-0762-031,Pinellas_County,28.04,82.78
PIN-0768-033,Pinellas_County,28.13,82.74
PIN-0817-037,Pinellas_County,27.90,82.77
PIN-0819-039,Pinellas_County,27.87,82.78
PIN-0911-042,Pinellas_County,28.13,82.74
HIL-0876-012,Hillsborough_County,28.14,82.53
PIN-0915-046,Pinellas_County,28.15,82.77
PIN-0917-048,Pinellas_County,28.10,82.73
PIN-0918-049,Pinellas_County,28.16,82.81
PIN-0964-052,Pinellas_County,28.05,82.80
PIN-0966-054,Pinellas_County,28.01,82.72
PIN-0967-055,Pinellas_County,27.97,82.72
PIN-0968-056,Pinellas_County,27.89,82.70
PIN-0969-057,Pinellas_County,27.94,82.73
PIN-0972-060,Pinellas_County,27.98,82.79
HIL-0878-014,Hillsborough_County,28.15,82.59
PIN-0974-062,Pinellas_County,27.98,82.83
PIN-0976-064,Pinellas_County,27.90,82.78
PIN-0977-065,Pinellas_County,27.90,82.77
PIN-0994-069,Pinellas_County,28.16,82.76
PIN-1036-072,Pinellas_County,27.97,82.70
PIN-1105-075,Pinellas_County,27.84,82.67
PIN-1108-078,Pinellas_County,27.84,82.78
PIN-1505-080,Pinellas_County,27.76,82.63
HIL-0880-016,Hillsborough_County,28.07,82.52
PIN-1509-084,Pinellas_County,27.70,82.65
PIN-1513-088,Pinellas_County,27.87,82.61
HIL-0881-017,Hillsborough_County,28.11,82.59
PIN-1672-098,Pinellas_County,28.12,82.78
PIN-1673-099,Pinellas_County,28.13,82.77
PIN-1674-100,Pinellas_County,28.15,82.79
PIN-2030-104,Pinellas_County,28.12,82.78
PIN-2041-107,Pinellas_County,27.65,82.68
PIN-2045-109,Pinellas_County,27.85,82.63
PIN-2081-114,Pinellas_County,27.67,82.60
PIN-2126-117,Pinellas_County,28.15,82.79
PIN-2138-120,Pinellas_County,27.84,82.61
HIL-1031-019,Hillsborough_County,28.06,82.34
PIN-2141-123,Pinellas_County,27.85,82.64
HER-0363-003,Hernando_County,28.55,82.62
HIL-1033-021,Hillsborough_County,28.07,82.38
HER-0366-006,Hernando_County,28.45,82.62
HIL-1044-024,Hillsborough_County,27.87,82.54
HIL-1046-026,Hillsborough_County,28.01,82.56
HIL-1483-028,Hillsborough_County,27.86,82.38
HIL-1484-029,Hillsborough_County,27.79,82.42
HIL-1487-032,Hillsborough_County,27.68,82.38
HIL-1651-034,Hillsborough_County,28.05,82.50
HIL-1654-037,Hillsborough_County,28.13,82.59
HIL-0101-004,Hillsborough_County,28.02,82.49
HIL-1655-038,Hillsborough_County,28.03,82.59
HIL-1977-040,Hillsborough_County,27.88,82.52
HIL-1978-041,Hillsborough_County,27.85,82.55
HIL-1980-043,Hillsborough_County,27.89,82.48
HIL-1981-044,Hillsborough_County,27.87,82.49
HIL-2062-054,Hillsborough_County,27.73,82.54
HIL-2066-057,Hillsborough_County,27.60,82.74
HIL-0103-006,Hillsborough_County,27.87,82.50
HIL-2072-060,Hillsborough_County,27.63,82.65
HIL-2075-062,Hillsborough_County,27.66,82.56
HIL-2076-063,Hillsborough_County,27.64,82.58
HIL-2129-068,Hillsborough_County,27.69,82.45
HIL-2131-070,Hillsborough_County,27.69,82.52
HIL-2132-071,Hillsborough_County,27.68,82.44
PIN-0313-002,Pinellas_County,27.76,82.73
PIN-0315-004,Pinellas_County,27.79,82.78
HIL-0105-008,Hillsborough_County,27.94,82.45
PIN-0317-006,Pinellas_County,27.80,82.76
PIN-0319-008,Pinellas_County,27.74,82.71
PIN-0321-010,Pinellas_County,27.71,82.73
PIN-0323-012,Pinellas_County,27.72,82.70
HIL-0106-009,Hillsborough_County,27.95,82.43
PIN-0327-016,Pinellas_County,27.68,82.72
PIN-0329-018,Pinellas_County,27.64,82.75
PIN-0559-019,Pinellas_County,27.78,82.62
PIN-0562-022,Pinellas_County,27.79,82.64
PIN-2044-108,Pinellas_County,27.89,82.64
HIL-0107-010,Hillsborough_County,27.98,82.36
PIN-0760-029,Pinellas_County,28.04,82.75
PIN-0763-032,Pinellas_County,28.05,82.78
PIN-0816-036,Pinellas_County,27.90,82.67
PIN-0820-040,Pinellas_County,27.87,82.81
PIN-0971-059,Pinellas_County,27.98,82.77
PIN-1107-077,Pinellas_County,27.82,82.74
PIN-1506-081,Pinellas_County,27.77,82.63
PIN-2038-106,Pinellas_County,27.87,82.60
HIL-0885-018,Hillsborough_County,28.09,82.48
PIN-2139-121,Pinellas_County,27.85,82.60
HER-0364-004,Hernando_County,28.52,82.64
HIL-2063-055,Hillsborough_County,27.70,82.56
HIL-2083-065,Hillsborough_County,27.71,82.52
PIN-0316-005,Pinellas_County,27.80,82.77
PIN-0324-013,Pinellas_County,27.69,82.72
PIN-0328-017,Pinellas_County,27.65,82.68
PIN-0561-021,Pinellas_County,27.80,82.63
MTE-0618-020,Manatee_County,27.41,82.57
MTE-1488-022,Manatee_County,27.48,82.34
MTE-1489-023,Manatee_County,27.50,82.52
BRE-0712-011,Brevard_County,28.74,80.81
MTE-2027-030,Manatee_County,27.57,82.59
MTE-2042-031,Manatee_County,27.59,82.63
MTE-2073-034,Manatee_County,27.55,82.71
MTE-2082-037,Manatee_County,27.63,82.56
MTE-2084-038,Manatee_County,27.63,82.57
MTE-2086-039,Manatee_County,27.56,82.71
MTE-2133-043,Manatee_County,27.60,82.55
MTE-2135-045,Manatee_County,27.59,82.55
CHA-0002-002,Charlotte_County,26.94,82.05
BRE-0717-013,Brevard_County,28.12,80.67
CHA-0004-004,Charlotte_County,26.97,82.03
CHA-0013-012,Charlotte_County,26.95,82.16
CHA-0019-015,Charlotte_County,26.86,82.28
BRE-0718-014,Brevard_County,28.08,80.63
CHA-0022-017,Charlotte_County,26.89,82.25
CHA-0027-021,Charlotte_County,26.79,81.98
CHA-0028-022,Charlotte_County,26.86,81.96
CHA-0031-025,Charlotte_County,26.82,82.03
BRE-0719-015,Brevard_County,28.13,80.65
CHA-0056-028,Charlotte_County,26.90,82.12
CHA-0062-031,Charlotte_County,26.94,82.07
CHA-0065-034,Charlotte_County,26.84,82.12
CHA-0781-037,Charlotte_County,26.85,82.30
CHA-0783-039,Charlotte_County,26.85,82.30
CHA-1714-040,Charlotte_County,26.80,82.05
CHA-1951-043,Charlotte_County,26.98,82.00
CHA-1956-044,Charlotte_County,26.99,82.20
CHA-1958-045,Charlotte_County,26.89,82.05
CHA-1989-050,Charlotte_County,26.99,81.99
CHA-1993-051,Charlotte_County,26.97,81.89
CHA-1994-052,Charlotte_County,26.97,81.97
DUV-0202-004,Duval_County,30.40,81.59
DUV-0210-006,Duval_County,30.46,81.43
DUV-0211-007,Duval_County,30.41,81.41
DUV-0213-009,Duval_County,30.38,81.44
DUV-0303-012,Duval_County,30.27,81.40
DUV-0332-015,Duval_County,30.28,81.71
DUV-0334-017,Duval_County,30.27,81.70
DUV-0336-019,Duval_County,30.28,81.72
DUV-0337-020,Duval_County,30.27,81.74
DUV-0338-021,Duval_County,30.28,81.74
BRE-0703-002,Brevard_County,28.34,80.65
BRE-0724-020,Brevard_County,28.08,80.75
DUV-0339-022,Duval_County,30.29,81.76
DUV-0542-026,Duval_County,30.32,81.66
DUV-0545-029,Duval_County,30.37,81.43
DUV-0548-032,Duval_County,30.32,81.44
DUV-0551-035,Duval_County,30.31,81.68
DUV-1117-036,Duval_County,30.14,81.60
BRE-0897-022,Brevard_County,28.03,80.58
BRE-0898-023,Brevard_County,28.12,80.62
BRE-0900-025,Brevard_County,28.10,80.58
BRE-0903-027,Brevard_County,28.37,80.69
BRE-0704-003,Brevard_County,28.35,80.65
BRE-1722-035,Brevard_County,28.40,80.66
BRE-1726-039,Brevard_County,28.39,80.60
BRE-1729-042,Brevard_County,28.36,80.62
BRE-0706-005,Brevard_County,28.17,80.61
BRE-1736-048,Brevard_County,28.29,80.62
BRE-1738-050,Brevard_County,28.26,80.60
BRE-1739-051,Brevard_County,28.21,80.60
BRE-1742-054,Brevard_County,28.16,80.59
BRE-1744-056,Brevard_County,28.06,80.55
BRE-1747-059,Brevard_County,28.04,80.55
BRE-1749-061,Brevard_County,28.09,80.58
BRE-1750-062,Brevard_County,28.08,80.60
BRE-1753-065,Brevard_County,27.98,80.55
BRE-1755-067,Brevard_County,28.13,80.63
BRE-1759-070,Brevard_County,28.17,80.62
BRE-1761-072,Brevard_County,28.21,80.64
BRE-1764-075,Brevard_County,28.27,80.69
MTE-0428-002,Manatee_County,27.51,82.71
MTE-0433-007,Manatee_County,27.42,82.55
MTE-0434-008,Manatee_County,27.44,82.49
MTE-0612-014,Manatee_County,27.52,82.72
MTE-0613-015,Manatee_County,27.50,82.70
MTE-0614-016,Manatee_County,27.50,82.66
BRE-0702-001,Brevard_County,28.36,80.64
MTE-1491-025,Manatee_County,27.50,82.56
MTE-1492-026,Manatee_County,27.53,82.65
MTE-1494-028,Manatee_County,27.53,82.73
MTE-2071-033,Manatee_County,27.63,82.56
MTE-2077-035,Manatee_County,27.60,82.63
BRE-0716-012,Brevard_County,28.13,80.71
MTE-2089-041,Manatee_County,27.55,82.67
MTE-2134-044,Manatee_County,27.60,82.55
CHA-0003-003,Charlotte_County,26.97,82.10
CHA-0008-008,Charlotte_County,27.00,81.98
CHA-0010-009,Charlotte_County,26.93,82.00
CHA-0011-010,Charlotte_County,26.99,82.12
CHA-0012-011,Charlotte_County,26.97,82.12
CHA-0018-014,Charlotte_County,26.88,82.31
CHA-0020-016,Charlotte_County,26.83,82.27
CHA-0024-019,Charlotte_County,26.94,82.21
CHA-0025-020,Charlotte_County,26.96,82.21
CHA-0029-023,Charlotte_County,26.90,81.99
CHA-0054-027,Charlotte_County,26.95,82.05
CHA-0057-029,Charlotte_County,26.84,82.12
CHA-0061-030,Charlotte_County,26.96,82.11
CHA-0064-033,Charlotte_County,26.93,82.10
CHA-0779-035,Charlotte_County,26.93,82.35
BRE-0720-016,Brevard_County,28.23,80.76
CHA-0782-038,Charlotte_County,26.85,82.30
CHA-1715-041,Charlotte_County,26.94,82.05
BRE-0721-017,Brevard_County,28.32,80.74
CHA-1960-046,Charlotte_County,26.83,82.26
CHA-1962-047,Charlotte_County,26.91,82.09
CHA-1987-048,Charlotte_County,26.94,82.20
CHA-2004-054,Charlotte_County,26.94,82.21
DUV-0200-002,Duval_County,30.50,81.66
DUV-0208-005,Duval_County,30.51,81.46
DUV-0212-008,Duval_County,30.39,81.44
DUV-0214-010,Duval_County,30.37,81.41
BRE-0723-019,Brevard_County,28.37,80.87
DUV-0304-013,Duval_County,30.27,81.39
DUV-0333-016,Duval_County,30.29,81.71
DUV-0335-018,Duval_County,30.25,81.69
DUV-0540-024,Duval_County,30.42,81.54
DUV-0541-025,Duval_County,30.27,81.73
DUV-0543-027,Duval_County,30.37,81.64
DUV-0546-030,Duval_County,30.37,81.40
BRE-0896-021,Brevard_County,28.04,80.55
DUV-0550-034,Duval_County,30.26,81.73
BRE-0899-024,Brevard_County,28.16,80.66
BRE-0906-030,Brevard_County,28.45,80.72
BRE-0908-032,Brevard_County,28.41,80.63
BRE-0909-033,Brevard_County,28.40,80.62
BRE-0910-034,Brevard_County,28.14,80.61
BRE-1724-037,Brevard_County,28.41,80.62
BRE-0705-004,Brevard_County,28.13,80.62
BRE-1725-038,Brevard_County,28.41,80.59
BRE-1727-040,Brevard_County,28.40,80.62
BRE-1728-041,Brevard_County,28.38,80.61
BRE-1730-043,Brevard_County,28.35,80.61
BRE-1731-044,Brevard_County,28.32,80.61
BRE-1732-045,Brevard_County,28.31,80.63
BRE-1737-049,Brevard_County,28.27,80.01
BRE-1740-052,Brevard_County,28.19,80.61
BRE-1743-055,Brevard_County,28.12,80.58
BRE-0707-006,Brevard_County,28.21,80.63
BRE-1746-058,Brevard_County,27.99,80.52
BRE-1748-060,Brevard_County,28.07,80.57
BRE-1751-063,Brevard_County,28.07,80.60
BRE-1754-066,Brevard_County,28.12,80.62
BRE-1757-068,Brevard_County,28.14,80.60
BRE-1758-069,Brevard_County,28.15,80.60
BRE-1760-071,Brevard_County,28.20,80.63
BRE-1763-074,Brevard_County,28.23,80.67
BRE-1765-076,Brevard_County,28.35,80.72
BRE-0709-008,Brevard_County,28.60,80.73
MTE-0430-004,Manatee_County,27.45,82.58
BRE-0710-009,Brevard_County,28.55,80.74
MTE-0435-009,Manatee_County,27.51,82.36
MTE-0437-011,Manatee_County,27.58,82.56
MTE-0611-013,Manatee_County,27.45,82.69
MTE-0615-017,Manatee_County,27.52,82.65
MTE-0617-019,Manatee_County,27.45,82.65
DUV-0199-001,Duval_County,30.48,81.68
BRE-0711-010,Brevard_County,28.70,80.70
MTE-1405-021,Manatee_County,27.43,82.48
MTE-1490-024,Manatee_County,27.43,82.48
MTE-1493-027,Manatee_County,27.50,82.67
MTE-2064-032,Manatee_County,27.63,82.56
MTE-2078-036,Manatee_County,27.54,82.66
CHA-0001-001,Charlotte_County,26.90,82.04
CHA-0014-013,Charlotte_County,27.01,82.24
CHA-0038-026,Charlotte_County,26.77,81.83
CHA-0063-032,Charlotte_County,26.95,82.05
CHA-0780-036,Charlotte_County,26.86,82.31
CHA-1949-042,Charlotte_County,26.83,82.27
CHA-1988-049,Charlotte_County,26.95,82.06
CHA-1999-053,Charlotte_County,26.99,82.15
BRE-0722-018,Brevard_County,28.35,80.82
DUV-0201-003,Duval_County,30.45,81.67
DUV-0302-011,Duval_County,30.29,81.39
DUV-0544-028,Duval_County,30.39,81.62
DUV-0547-031,Duval_County,30.36,81.43
BRE-0904-028,Brevard_County,28.48,80.77
BRE-0907-031,Brevard_County,28.41,80.64
BRE-1723-036,Brevard_County,28.40,80.66
BRE-1741-053,Brevard_County,28.18,80.61
BRE-1745-057,Brevard_County,28.05,80.55
BRE-1752-064,Brevard_County,28.04,80.58
BRE-0708-007,Brevard_County,28.44,80.74
BRE-1762-073,Brevard_County,28.21,80.66
MTE-0427-001,Manatee_County,27.47,82.70
MTE-0429-003,Manatee_County,27.48,82.58
MTE-0431-005,Manatee_County,27.47,82.61
MTE-0436-010,Manatee_County,27.52,82.43
MTE-0616-018,Manatee_County,27.46,82.67
ALC-2120-084,Alachua_County,29.65,82.32
ALC-2121-085,Alachua_County,29.64,82.32
DUV-1190-047,Duval_County,30.39,81.47
ORA-0487-002,Orange_County,28.43,81.64
ORA-0501-006,Orange_County,28.68,81.63
ORA-0507-010,Orange_County,28.62,81.60
ORA-0512-015,Orange_County,28.62,81.66
DUV-1192-049,Duval_County,30.44,81.43
ORA-0521-018,Orange_County,28.65,81.58
ORA-0533-025,Orange_County,28.56,81.63
ORA-0557-028,Orange_County,28.41,81.49
ORA-0626-030,Orange_County,28.45,81.48
ORA-0632-036,Orange_County,28.45,81.32
ORA-0635-039,Orange_County,28.35,81.22
ORA-0636-040,Orange_County,28.57,81.25
ORA-0725-043,Orange_County,28.54,80.93
ORA-0828-046,Orange_County,28.39,81.22
ORA-0829-047,Orange_County,28.37,81.26
ORA-0841-050,Orange_County,28.46,81.26
ORA-1455-054,Orange_County,28.57,81.37
ORA-2033-058,Orange_County,28.61,81.33
ORA-2036-060,Orange_County,28.61,81.28
PAL-0138-005,Palm_Beach_County,26.84,80.17
PAL-0140-006,Palm_Beach_County,26.97,80.10
PAL-0155-008,Palm_Beach_County,26.95,80.14
PAL-0177-009,Palm_Beach_County,26.72,80.08
PAL-0181-011,Palm_Beach_County,26.94,80.12
PAL-0188-016,Palm_Beach_County,26.75,80.09
PAL-0190-018,Palm_Beach_County,26.84,80.06
PAL-0192-020,Palm_Beach_County,26.84,80.07
PAL-0193-021,Palm_Beach_County,26.88,80.07
PAL-0194-022,Palm_Beach_County,26.91,80.08
DUV-1119-038,Duval_County,30.13,81.63
PAL-0251-025,Palm_Beach_County,26.36,80.11
PAL-0254-028,Palm_Beach_County,26.36,80.07
PAL-0256-030,Palm_Beach_County,26.43,80.07
PAL-0257-031,Palm_Beach_County,26.41,80.09
PAL-0260-034,Palm_Beach_County,26.46,80.06
ALC-0127-001,Alachua_County,29.65,82.35
ALC-0128-002,Alachua_County,29.65,82.34
ALC-0130-004,Alachua_County,29.64,82.35
DUV-1120-039,Duval_County,30.15,81.63
ALC-0715-015,Alachua_County,29.69,82.21
ALC-0776-017,Alachua_County,29.65,82.24
ALC-0809-021,Alachua_County,29.71,82.05
ALC-0894-024,Alachua_County,29.64,82.36
ALC-0930-027,Alachua_County,29.62,82.34
DUV-1122-041,Duval_County,30.23,81.60
ALC-0932-029,Alachua_County,29.71,82.46
ALC-0935-032,Alachua_County,29.53,82.31
ALC-0936-033,Alachua_County,29.51,82.30
ALC-0955-036,Alachua_County,29.63,82.34
ALC-0957-038,Alachua_County,29.64,82.32
ALC-0958-039,Alachua_County,29.63,82.33
ALC-0996-041,Alachua_County,29.46,82.09
ALC-0998-043,Alachua_County,29.48,82.21
ALC-1150-047,Alachua_County,29.67,82.35
ALC-1152-049,Alachua_County,29.66,82.36
DUV-1124-043,Duval_County,30.26,81.65
ALC-1155-052,Alachua_County,29.67,82.37
ALC-1158-055,Alachua_County,29.85,82.61
ALC-1173-059,Alachua_County,29.88,82.50
ALC-1495-062,Alachua_County,29.67,82.30
ALC-1496-063,Alachua_County,29.70,82.31
ALC-1499-066,Alachua_County,29.80,82.32
ALC-1500-067,Alachua_County,29.69,82.29
ALC-1640-072,Alachua_County,29.62,82.25
ALC-1641-073,Alachua_County,29.62,82.26
ALC-1643-075,Alachua_County,29.64,82.20
DUV-1118-037,Duval_County,30.15,81.55
ALC-1685-083,Alachua_County,29.58,82.15
ALC-2122-086,Alachua_County,29.62,82.32
ALC-2123-087,Alachua_County,29.66,82.32
DUV-1191-048,Duval_County,30.40,81.46
ORA-0488-003,Orange_County,28.45,81.61
ORA-0503-008,Orange_County,28.67,81.60
ORA-0508-011,Orange_County,28.62,81.55
ORA-0509-012,Orange_County,28.60,81.57
ORA-0514-016,Orange_County,28.58,81.65
ORA-0523-019,Orange_County,28.65,81.60
ORA-0524-020,Orange_County,28.64,81.56
ORA-0525-021,Orange_County,28.64,81.63
ORA-0531-023,Orange_County,28.56,81.65
ORA-0556-027,Orange_County,28.44,81.55
ORA-0558-029,Orange_County,28.45,81.51
ORA-0627-031,Orange_County,28.44,81.34
ORA-0631-035,Orange_County,28.46,81.36
ORA-0634-038,Orange_County,28.42,81.27
ORA-0640-042,Orange_County,28.62,81.37
ORA-0827-045,Orange_County,28.60,81.23
ORA-0840-049,Orange_County,28.46,81.27
ORA-1060-052,Orange_County,28.68,81.51
ORA-1457-056,Orange_County,28.54,81.63
ORA-2035-059,Orange_County,28.61,81.20
PAL-0135-002,Palm_Beach_County,26.93,80.18
PAL-0137-004,Palm_Beach_County,26.87,80.25
PAL-0144-007,Palm_Beach_County,26.95,80.14
PAL-0180-010,Palm_Beach_County,26.96,80.10
PAL-0183-013,Palm_Beach_County,26.92,80.08
JEF-1384-002,Jefferson_County,30.53,83.98
PAL-0187-015,Palm_Beach_County,26.70,80.07
PAL-0189-017,Palm_Beach_County,26.96,80.08
PAL-0191-019,Palm_Beach_County,26.82,80.08
PAL-0248-024,Palm_Beach_County,26.34,80.54
PAL-0252-026,Palm_Beach_County,26.34,80.10
PAL-0253-027,Palm_Beach_County,26.36,80.07
PAL-0255-029,Palm_Beach_County,26.40,80.07
PAL-0258-032,Palm_Beach_County,26.44,80.07
LIB-1607-001,Liberty_County,30.44,84.99
ALC-0129-003,Alachua_County,29.65,82.34
ALC-0131-005,Alachua_County,29.64,82.34
ALC-0132-006,Alachua_County,29.64,82.35
ALC-0564-009,Alachua_County,29.52,82.10
ALC-0567-012,Alachua_County,29.66,82.13
ALC-0568-013,Alachua_County,29.50,82.13
ALC-0714-014,Alachua_County,29.56,82.07
ALC-0777-018,Alachua_County,29.62,82.25
DUV-1121-040,Duval_County,30.22,81.62
ALC-0778-019,Alachua_County,29.61,82.25
ALC-0813-022,Alachua_County,29.78,82.14
ALC-0893-023,Alachua_County,29.64,82.36
ALC-0895-025,Alachua_County,29.64,82.35
ALC-0929-026,Alachua_County,29.64,82.24
ALC-0931-028,Alachua_County,29.64,82.32
ALC-0934-031,Alachua_County,29.64,82.35
ALC-0937-034,Alachua_County,29.62,82.31
ALC-0956-037,Alachua_County,29.64,82.33
DUV-1123-042,Duval_County,30.25,81.64
ALC-0995-040,Alachua_County,29.49,82.17
ALC-0997-042,Alachua_County,29.48,82.16
ALC-1000-044,Alachua_County,29.52,82.22
ALC-1001-045,Alachua_County,29.59,82.06
ALC-1151-048,Alachua_County,29.66,82.35
ALC-1153-050,Alachua_County,29.66,82.37
ALC-1154-051,Alachua_County,29.67,82.36
ALC-1157-054,Alachua_County,29.65,82.38
ALC-1159-056,Alachua_County,29.71,82.39
DUV-1131-044,Duval_County,30.26,81.73
ALC-1172-058,Alachua_County,29.75,82.40
ALC-1177-060,Alachua_County,29.56,82.06
ALC-1497-064,Alachua_County,29.70,82.30
DUV-1132-045,Duval_County,30.26,81.75
ALC-1501-068,Alachua_County,29.70,82.27
ALC-1620-070,Alachua_County,29.59,82.15
ALC-1621-071,Alachua_County,29.71,82.05
ALC-1644-076,Alachua_County,29.69,82.22
ALC-1647-079,Alachua_County,29.65,82.25
PAL-0136-003,Palm_Beach_County,26.94,80.13
ALC-1074-046,Alachua_County,29.64,82.22
DUV-1186-046,Duval_County,30.29,81.42
ORA-0300-001,Orange_County,28.35,81.63
ORA-0489-004,Orange_County,28.53,81.61
ORA-0511-014,Orange_County,28.59,81.62
ORA-0534-026,Orange_County,28.58,81.59
ORA-1057-051,Orange_County,28.63,81.55
ORA-2032-057,Orange_County,28.58,81.33
PAL-0134-001,Palm_Beach_County,26.93,80.08
JEF-1383-001,Jefferson_County,30.34,83.99
PAL-0184-014,Palm_Beach_County,26.95,80.08
PAL-0247-023,Palm_Beach_County,26.60,80.45
PAL-0259-033,Palm_Beach_County,26.44,80.06
ALC-0133-007,Alachua_County,29.64,82.35
ALC-0446-008,Alachua_County,29.85,82.41
ALC-0565-010,Alachua_County,29.51,82.10
ALC-0954-035,Alachua_County,29.62,82.34
ALC-1156-053,Alachua_County,29.67,82.34
ALC-1162-057,Alachua_County,29.82,82.65
ALC-1468-061,Alachua_County,29.56,82.61
ALC-1498-065,Alachua_County,29.72,82.34
ALC-1502-069,Alachua_County,29.70,82.29
ALC-1646-078,Alachua_County,29.68,82.24
PAS-0771-004,Pasco_County,28.20,82.76
PAS-0772-005,Pasco_County,28.19,82.72
PAS-0773-006,Pasco_County,28.19,82.40
PAS-0774-007,Pasco_County,28.42,82.31
PAS-0882-008,Pasco_County,28.21,82.45
PAS-0883-009,Pasco_County,28.21,82.45
PAS-0884-010,Pasco_County,28.20,82.46
PAS-0921-011,Pasco_County,28.18,82.79
PAS-0979-012,Pasco_County,28.22,82.75
PAS-0980-013,Pasco_County,28.23,82.46
PAS-0981-014,Pasco_County,28.22,82.46
PAS-0982-015,Pasco_County,28.23,82.46
PAS-0983-016,Pasco_County,28.30,82.69
PAS-0985-017,Pasco_County,28.41,82.67
PAS-0986-018,Pasco_County,28.37,82.70
PAS-0987-019,Pasco_County,28.34,82.71
PAS-0988-020,Pasco_County,28.31,82.71
PAS-0990-021,Pasco_County,28.24,82.74
PAS-0991-022,Pasco_County,28.25,82.76
PAS-0992-023,Pasco_County,28.25,82.72
PAS-1039-024,Pasco_County,28.23,82.67
PAS-1040-025,Pasco_County,28.24,82.70
PAS-1041-026,Pasco_County,28.22,82.69
PAS-2028-029,Pasco_County,28.18,82.85
OKE-1269-001,Okeechobee_County,27.15,80.85
OKE-1270-002,Okeechobee_County,27.12,80.85
OKE-1271-003,Okeechobee_County,27.09,80.86
OKE-1274-006,Okeechobee_County,27.00,80.86
OKE-1285-007,Okeechobee_County,27.18,80.82
OKE-1293-014,Okeechobee_County,27.21,80.79
OKE-1304-016,Okeechobee_County,27.15,80.79
OKE-1307-019,Okeechobee_County,27.06,80.79
OKE-1320-020,Okeechobee_County,27.18,80.76
OKE-1322-022,Okeechobee_County,27.12,80.76
OKE-1335-024,Okeechobee_County,27.15,80.73
OKE-1350-027,Okeechobee_County,27.13,80.70
POL-0156-001,Polk_County,28.05,81.94
POL-0157-002,Polk_County,28.08,81.95
POL-0158-003,Polk_County,28.06,81.91
POL-0159-004,Polk_County,28.06,81.88
POL-0160-005,Polk_County,28.10,81.95
POL-0161-006,Polk_County,28.06,81.75
POL-0162-007,Polk_County,28.07,81.74
POL-0163-008,Polk_County,28.08,81.79
POL-0164-009,Polk_County,28.00,81.85
POL-0165-010,Polk_County,28.07,81.81
POL-0166-011,Polk_County,28.07,81.76
POL-0167-012,Polk_County,28.06,81.77
POL-0168-013,Polk_County,27.97,81.95
POL-0169-014,Polk_County,27.98,82.00
POL-0171-015,Polk_County,28.05,81.98
POL-0172-016,Polk_County,28.03,81.97
POL-0173-017,Polk_County,28.02,81.95
POL-0174-018,Polk_County,28.03,81.92
POL-0301-019,Polk_County,28.34,81.66
POL-1693-020,Polk_County,28.10,81.91
POL-1694-021,Polk_County,28.07,81.81
POL-1695-022,Polk_County,28.05,81.75
POL-1696-023,Polk_County,28.06,81.88
POL-1984-024,Polk_County,27.82,81.21
POL-1986-025,Polk_County,27.91,81.57
SEM-0637-001,Seminole_County,28.67,81.38
SEM-0638-002,Seminole_County,28.64,81.43
SEM-0726-003,Seminole_County,28.71,81.04
SEM-0727-004,Seminole_County,28.79,81.18
SEM-0728-005,Seminole_County,28.84,81.33
SEM-0941-006,Seminole_County,28.81,81.27
SEM-0944-008,Seminole_County,28.83,81.41
SEM-0945-009,Seminole_County,28.73,81.26
SEM-1058-010,Seminole_County,28.70,81.42
SEM-1059-011,Seminole_County,28.71,81.44
LAF-1194-001,Lafayette_County,30.10,83.17
LAF-1677-002,Lafayette_County,30.01,83.00
LAF-1678-003,Lafayette_County,29.85,82.89
PAS-0367-001,Pasco_County,28.19,82.72
PAS-0368-002,Pasco_County,28.18,82.79
PAS-0770-003,Pasco_County,28.19,82.75
PAL-0261-035,Palm_Beach_County,26.48,80.11
PAL-0347-045,Palm_Beach_County,26.33,80.19
PAL-0348-046,Palm_Beach_County,26.37,80.21
PAL-0377-047,Palm_Beach_County,26.38,80.24
PAL-0378-048,Palm_Beach_County,26.50,80.22
PAL-0379-049,Palm_Beach_County,26.37,80.10
PAL-0380-050,Palm_Beach_County,26.37,80.09
PAL-0381-051,Palm_Beach_County,26.39,80.11
PAL-0382-052,Palm_Beach_County,26.41,80.11
PAL-0383-053,Palm_Beach_County,26.42,80.10
PAL-0420-054,Palm_Beach_County,26.39,80.15
PAL-0262-036,Palm_Beach_County,26.48,80.11
PAL-0421-055,Palm_Beach_County,26.40,80.10
PAL-0422-056,Palm_Beach_County,26.39,80.11
PAL-0423-057,Palm_Beach_County,26.38,80.07
PAL-0424-058,Palm_Beach_County,26.37,80.17
PAL-0490-059,Palm_Beach_County,26.69,80.07
PAL-0491-060,Palm_Beach_County,26.68,80.05
PAL-0492-061,Palm_Beach_County,26.67,80.07
PAL-0493-062,Palm_Beach_County,26.60,80.08
PAL-0263-037,Palm_Beach_County,26.48,80.08
PAL-0494-063,Palm_Beach_County,26.59,80.08
PAL-0495-064,Palm_Beach_County,26.59,80.08
PAL-0496-065,Palm_Beach_County,26.58,80.05
PAL-0497-066,Palm_Beach_County,26.72,80.07
PAL-0696-067,Palm_Beach_County,26.47,80.06
PAL-0697-068,Palm_Beach_County,26.40,80.07
PAL-0698-069,Palm_Beach_County,26.36,80.07
PAL-0699-070,Palm_Beach_County,26.34,80.07
PAL-0741-071,Palm_Beach_County,26.34,80.07
PAL-0742-072,Palm_Beach_County,26.32,80.08
PAL-0264-038,Palm_Beach_County,26.47,80.09
PAL-0743-073,Palm_Beach_County,26.33,80.10
PAL-1261-075,Palm_Beach_County,26.95,80.86
PAL-1263-077,Palm_Beach_County,26.89,80.86
PAL-1265-079,Palm_Beach_County,26.83,80.86
PAL-1266-080,Palm_Beach_County,26.81,80.86
PAL-1267-081,Palm_Beach_County,26.78,80.86
PAL-1268-082,Palm_Beach_County,26.75,80.85
PAL-1277-084,Palm_Beach_County,26.92,80.83
PAL-1284-091,Palm_Beach_County,26.72,80.83
PAL-0340-039,Palm_Beach_County,26.54,80.19
PAL-1294-092,Palm_Beach_County,26.95,80.79
PAL-1295-093,Palm_Beach_County,26.92,80.79
PAL-1296-094,Palm_Beach_County,26.89,80.80
PAL-1297-095,Palm_Beach_County,26.86,80.80
PAL-1298-096,Palm_Beach_County,26.83,80.79
PAL-1300-098,Palm_Beach_County,26.78,80.81
PAL-1302-100,Palm_Beach_County,26.73,80.80
PAL-1316-106,Palm_Beach_County,26.80,80.76
PAL-1317-107,Palm_Beach_County,26.78,80.78
PAL-1318-108,Palm_Beach_County,26.76,80.78
PAL-0341-040,Palm_Beach_County,26.46,80.16
PAL-1319-109,Palm_Beach_County,26.72,80.78
PAL-1328-110,Palm_Beach_County,26.94,80.73
PAL-1329-111,Palm_Beach_County,26.92,80.73
PAL-1330-112,Palm_Beach_County,26.89,80.73
PAL-1331-113,Palm_Beach_County,26.86,80.73
PAL-1346-121,Palm_Beach_County,26.83,80.70
PAL-1347-122,Palm_Beach_County,26.80,80.70
PAL-1348-123,Palm_Beach_County,26.78,80.71
PAL-1349-124,Palm_Beach_County,26.75,80.71
PAL-1357-126,Palm_Beach_County,26.92,80.67
PAL-0342-041,Palm_Beach_County,26.44,80.20
PAL-1358-127,Palm_Beach_County,26.88,80.66
PAL-1359-128,Palm_Beach_County,26.86,80.66
PAL-1367-131,Palm_Beach_County,26.92,80.63
PAL-1368-132,Palm_Beach_County,26.89,80.63
PAL-1537-133,Palm_Beach_County,26.39,80.12
PAL-1538-134,Palm_Beach_County,26.36,80.08
PAL-1539-135,Palm_Beach_County,26.33,80.07
PAL-0343-042,Palm_Beach_County,26.45,80.10
PAL-1937-136,Palm_Beach_County,26.34,80.63
PAL-2052-137,Palm_Beach_County,26.71,80.71
PAL-2054-138,Palm_Beach_County,26.70,80.81
PAL-2055-139,Palm_Beach_County,26.68,80.73
PAL-2057-140,Palm_Beach_County,26.59,80.85
PAL-0345-044,Palm_Beach_County,26.39,80.11
SEM-1061-012,Seminole_County,28.69,81.46
SEM-1062-013,Seminole_County,28.67,81.41
SEM-1063-014,Seminole_County,28.65,81.40
SEM-1521-015,Seminole_County,28.84,81.32
SEM-2034-024,Seminole_County,28.72,81.26
PUT-0569-001,Putnam_County,29.69,81.72
PUT-0570-002,Putnam_County,29.65,81.63
PUT-0713-003,Putnam_County,29.57,82.05
PUT-0952-004,Putnam_County,29.53,81.88
PUT-0953-005,Putnam_County,29.51,81.80
PUT-1002-006,Putnam_County,29.61,82.01
PUT-1003-007,Putnam_County,29.67,82.04
PUT-1174-008,Putnam_County,29.48,81.74
PUT-1176-010,Putnam_County,29.54,81.84
PUT-1178-011,Putnam_County,29.60,82.05
PUT-1683-012,Putnam_County,29.80,81.85
MAO-0888-014,Marion_County,29.08,81.88
MAO-0889-015,Marion_County,29.18,81.83
MAO-0891-017,Marion_County,29.23,81.91
GLA-1208-009,Glades_County,26.98,81.08
MAO-0959-024,Marion_County,29.50,81.92
MAO-0999-025,Marion_County,29.02,81.96
MAO-1047-026,Marion_County,29.45,82.21
MAO-1466-028,Marion_County,29.04,81.93
OSC-0170-001,Osceola_County,27.98,81.04
OSC-0299-005,Osceola_County,28.26,81.54
GLA-1210-011,Glades_County,26.92,81.05
OSC-0832-007,Osceola_County,28.35,81.27
OSC-0837-012,Osceola_County,28.29,81.41
OSC-0855-015,Osceola_County,28.29,81.41
GLA-1213-014,Glades_County,26.84,81.06
OSC-0857-017,Osceola_County,28.25,81.33
OSC-1073-020,Osceola_County,28.20,81.39
OSC-1982-022,Osceola_County,28.20,81.38
OSC-1983-023,Osceola_County,28.15,81.23
HEN-1251-005,Hendry_County,26.86,80.89
HEN-1893-009,Hendry_County,26.62,81.43
GLA-1214-015,Glades_County,26.97,81.05
HEN-1944-012,Hendry_County,26.43,81.03
HEN-2048-015,Hendry_County,26.76,80.92
HEN-2058-016,Hendry_County,26.77,81.44
HIG-2016-002,Highlands_County,27.53,81.36
HIG-2021-007,Highlands_County,27.34,81.36
HIG-2022-008,Highlands_County,27.33,81.42
HIG-2024-010,Highlands_County,27.31,81.31
GIL-1686-004,Gilchrist_County,29.72,82.94
GIL-1687-005,Gilchrist_County,29.67,82.95
GIL-1828-007,Gilchrist_County,29.71,82.73
DES-1991-002,Desoto_County,27.07,81.99
DES-2001-005,Desoto_County,27.16,81.90
DES-2002-006,Desoto_County,27.22,81.88
HAM-1434-003,Hamilton_County,30.33,82.76
HAM-1469-006,Hamilton_County,30.56,82.72
JAC-1581-001,Jackson_County,30.73,84.90
SUW-1165-002,Suwannee_County,29.97,82.76
GLA-1226-027,Glades_County,26.99,80.98
MAD-1419-002,Madison_County,30.48,83.24
MAD-1471-005,Madison_County,30.47,83.42
WAL-1557-001,Walton_County,30.46,86.19
WAL-1558-002,Walton_County,30.49,86.25
WAL-1583-005,Walton_County,30.31,86.08
GLA-1228-029,Glades_County,26.95,80.96
GLA-1229-030,Glades_County,26.92,80.96
GLA-1231-032,Glades_County,26.86,80.95
GLA-1233-034,Glades_County,27.02,80.94
SUW-1429-006,Suwannee_County,29.95,82.93
GLA-1245-043,Glades_County,27.03,80.91
GLA-1255-047,Glades_County,27.11,80.89
GLA-1259-051,Glades_County,27.00,80.88
GLA-2050-054,Glades_County,26.77,81.39
GLA-2053-056,Glades_County,26.93,81.31
GLA-2143-058,Glades_County,27.04,80.95
GLA-2145-059,Glades_County,26.97,81.10
LAK-0351-002,Lake_County,28.86,81.84
LAK-0500-005,Lake_County,28.67,81.68
LAK-0505-006,Lake_County,28.65,81.66
SUW-1431-008,Suwannee_County,30.35,83.19
LAK-0515-009,Lake_County,28.58,81.68
LAK-0517-011,Lake_County,28.54,81.66
LAK-0519-012,Lake_County,28.64,81.69
LAK-0526-015,Lake_County,28.62,81.68
LAK-0529-017,Lake_County,28.57,81.68
SUW-1609-010,Suwannee_County,30.41,82.96
LAK-1054-020,Lake_County,28.79,81.89
LAK-1458-023,Lake_County,28.59,81.82
LAK-1462-027,Lake_County,28.54,81.77
LAK-1465-030,Lake_County,28.56,81.77
LAK-1833-031,Lake_County,28.56,81.76
MAO-0870-007,Marion_County,29.22,81.98
MAO-0871-008,Marion_County,29.21,82.05
SUW-1164-001,Suwannee_County,29.98,82.76
MAO-0886-012,Marion_County,29.22,81.99
MAO-0890-016,Marion_County,29.37,81.90
MAO-0947-019,Marion_County,29.38,82.06
MAO-0948-020,Marion_County,29.36,81.97
MAO-0951-023,Marion_County,29.37,81.90
MAO-1048-027,Marion_County,29.02,81.97
MAO-1531-029,Marion_County,29.37,82.38
GLA-1209-010,Glades_County,26.95,81.05
OSC-0296-002,Osceola_County,28.33,81.52
OSC-0297-003,Osceola_County,28.33,81.58
OSC-0831-006,Osceola_County,28.35,81.32
OSC-0834-009,Osceola_County,28.30,81.32
OSC-0835-010,Osceola_County,28.25,81.33
OSC-0836-011,Osceola_County,28.29,81.40
OSC-0839-014,Osceola_County,28.29,81.43
OSC-0856-016,Osceola_County,28.26,81.28
OSC-0858-018,Osceola_County,28.22,81.42
OSC-0859-019,Osceola_County,28.14,81.36
OSC-1076-021,Osceola_County,27.91,81.17
OSC-1985-024,Osceola_County,27.87,81.05
HEN-1242-003,Hendry_County,26.77,80.92
HEN-1254-008,Hendry_County,26.78,80.89
HEN-1894-010,Hendry_County,26.60,81.37
GLA-1215-016,Glades_County,26.94,81.01
HEN-1945-013,Hendry_County,26.43,81.13
HEN-2059-017,Hendry_County,26.77,81.45
GLA-1220-021,Glades_County,26.99,81.01
HIG-2017-003,Highlands_County,27.44,81.29
HIG-2018-004,Highlands_County,27.50,81.48
HIG-2019-005,Highlands_County,27.47,81.55
HIG-2023-009,Highlands_County,27.39,81.33
GIL-1681-003,Gilchrist_County,29.86,82.74
GIL-1688-006,Gilchrist_County,29.64,82.94
DES-0009-001,Desoto_County,27.04,81.99
DES-1992-003,Desoto_County,27.04,81.99
GLA-1222-023,Glades_County,26.96,81.00
HAM-1418-001,Hamilton_County,30.50,83.24
HAM-1435-004,Hamilton_County,30.35,82.69
MAD-1193-001,Madison_County,30.48,83.24
MAD-1432-003,Madison_County,30.41,83.18
MAD-1470-004,Madison_County,30.62,83.42
WAL-1559-003,Walton_County,30.48,86.33
GLA-1227-028,Glades_County,26.98,80.99
WAL-1584-006,Walton_County,30.33,86.14
GLA-1230-031,Glades_County,26.90,80.96
GLA-1232-033,Glades_County,27.05,80.95
GLA-1236-037,Glades_County,26.95,80.92
GLA-1238-039,Glades_County,26.90,80.93
GLA-1243-041,Glades_County,27.08,80.91
GLA-1244-042,Glades_County,27.05,80.92
GLA-1247-045,Glades_County,26.98,80.93
SUW-1430-007,Suwannee_County,30.01,83.00
GLA-1248-046,Glades_County,26.95,80.89
GLA-1257-049,Glades_County,27.06,80.89
GLA-1258-050,Glades_County,27.03,80.88
GLA-1260-052,Glades_County,26.98,80.89
GLA-2049-053,Glades_County,26.84,81.08
GLA-2051-055,Glades_County,26.99,81.07
GLA-2056-057,Glades_County,26.79,81.31
LAK-0498-004,Lake_County,28.69,81.68
SUW-1433-009,Suwannee_County,30.39,82.93
LAK-0513-008,Lake_County,28.59,81.66
LAK-0516-010,Lake_County,28.68,81.67
LAK-0520-013,Lake_County,28.64,81.69
LAK-0528-016,Lake_County,28.57,81.68
LAK-0530-018,Lake_County,28.57,81.66
LAK-1049-019,Lake_County,28.83,81.81
LAK-1056-022,Lake_County,28.81,81.75
LAK-1459-024,Lake_County,28.58,81.86
SUW-1680-011,Suwannee_County,29.91,82.86
LAK-1461-026,Lake_County,28.55,81.76
LAK-1463-028,Lake_County,28.54,81.78
LAK-1834-032,Lake_County,28.51,81.75
GLA-0249-001,Glades_County,26.84,81.09
MAO-0274-002,Marion_County,29.06,82.44
MAO-0279-005,Marion_County,29.05,82.46
MAO-0349-006,Marion_County,28.99,81.84
MAO-0872-009,Marion_County,29.10,82.35
MAO-0874-011,Marion_County,29.05,82.45
GIL-1427-002,Gilchrist_County,29.80,82.92
LAK-0522-014,Lake_County,28.63,81.68
GLA-1207-008,Glades_County,26.86,81.08
MAO-0887-013,Marion_County,29.18,81.99
MAO-0892-018,Marion_County,29.14,81.85
MAO-0949-021,Marion_County,29.29,81.93
MAO-1532-030,Marion_County,29.18,81.71
OSC-0298-004,Osceola_County,28.27,81.49
OSC-0838-013,Osceola_County,28.28,81.42
HEN-1253-007,Hendry_County,26.80,80.89
HEN-1943-011,Hendry_County,26.31,80.98
HIG-1072-001,Highlands_County,27.27,81.00
HIG-2020-006,Highlands_County,27.39,81.45
HIG-2025-011,Highlands_County,27.35,81.23
GLA-1221-022,Glades_County,26.99,81.03
DES-2000-004,Desoto_County,27.15,81.97
WAL-1582-004,Walton_County,30.30,86.06
GLA-1234-035,Glades_County,27.01,80.95
GLA-1235-036,Glades_County,26.98,80.96
GLA-1237-038,Glades_County,26.92,80.93
GLA-1246-044,Glades_County,27.00,80.92
LAK-0350-001,Lake_County,28.84,81.75
LAK-1055-021,Lake_County,28.90,81.87
LAK-1460-025,Lake_County,28.55,81.78
LAK-1464-029,Lake_County,28.50,81.75
MAO-0276-004,Marion_County,29.10,82.44
MAO-0873-010,Marion_County,29.09,82.43
OKA-0242-017,Okaloosa_County,30.39,86.59
OKA-0795-018,Okaloosa_County,30.41,86.78
OKA-0797-020,Okaloosa_County,30.41,86.73
DAD-0479-011,Miami-Dade_County,25.62,80.42
OKA-1543-027,Okaloosa_County,30.52,86.50
OKA-1544-028,Okaloosa_County,30.51,86.49
OKA-1545-029,Okaloosa_County,30.50,86.49
OKA-1562-033,Okaloosa_County,30.52,86.49
OKA-1565-036,Okaloosa_County,30.43,86.60
OKA-1591-040,Okaloosa_County,30.41,86.72
OKA-1691-042,Okaloosa_County,30.47,86.60
OKA-1859-052,Okaloosa_County,30.40,86.59
DAD-0481-013,Miami-Dade_County,25.66,80.45
OKA-1866-054,Okaloosa_County,30.51,86.46
STJ-0306-002,St._Johns_County,30.16,81.36
STJ-0309-005,St._Johns_County,29.95,81.31
DAD-0482-014,Miami-Dade_County,25.67,80.44
STJ-0311-007,St._Johns_County,29.92,81.30
STJ-0403-010,St._Johns_County,29.97,81.35
STJ-0405-012,St._Johns_County,29.94,81.36
STJ-0406-013,St._Johns_County,29.92,81.36
DAD-0483-015,Miami-Dade_County,25.68,80.43
STJ-0408-015,St._Johns_County,29.91,81.33
STJ-0410-017,St._Johns_County,29.92,81.31
STJ-0414-021,St._Johns_County,29.89,81.33
STJ-0417-024,St._Johns_County,29.89,81.31
STJ-0555-027,St._Johns_County,29.99,81.57
STJ-0823-030,St._Johns_County,29.86,81.31
STJ-0824-031,St._Johns_County,29.87,81.30
STJ-0861-034,St._Johns_County,29.84,81.28
STJ-0866-039,St._Johns_County,29.79,81.27
STJ-0867-040,St._Johns_County,29.78,81.32
STJ-0869-042,St._Johns_County,29.75,81.24
STJ-1125-047,St._Johns_County,30.02,81.64
STJ-1139-048,St._Johns_County,30.08,81.65
STJ-1141-050,St._Johns_County,30.01,81.61
STJ-1188-052,St._Johns_County,29.91,81.30
STJ-1392-054,St._Johns_County,29.83,81.30
STJ-1396-057,St._Johns_County,29.81,81.28
STJ-1398-058,St._Johns_County,29.66,81.27
STJ-1503-060,St._Johns_County,29.68,81.28
STJ-1547-062,St._Johns_County,30.07,81.37
DAD-0370-002,Miami-Dade_County,25.61,80.31
DAD-1004-020,Miami-Dade_County,25.96,80.25
WAL-1585-007,Walton_County,30.49,86.14
WAL-1860-010,Walton_County,30.40,86.28
WAL-1861-011,Walton_County,30.42,86.23
WAL-1864-014,Walton_County,30.49,86.14
DAD-1006-022,Miami-Dade_County,25.92,80.30
DAD-1007-023,Miami-Dade_County,25.91,80.13
DAD-1009-025,Miami-Dade_County,25.82,80.12
DAD-1011-027,Miami-Dade_County,25.77,80.14
DAD-0371-003,Miami-Dade_County,25.62,80.33
DAD-1019-035,Miami-Dade_County,25.73,80.27
DAD-1024-040,Miami-Dade_County,25.48,80.54
DAD-1027-043,Miami-Dade_County,25.56,80.35
DAD-1030-046,Miami-Dade_County,25.56,80.34
DAD-0373-005,Miami-Dade_County,25.67,80.28
DAD-1611-048,Miami-Dade_County,25.54,80.33
DAD-1613-050,Miami-Dade_County,25.47,80.41
DAD-1614-051,Miami-Dade_County,25.47,80.38
DAD-1618-055,Miami-Dade_County,25.45,80.43
DAD-1638-058,Miami-Dade_County,25.84,80.36
DAD-1639-059,Miami-Dade_County,25.95,80.30
DAD-1705-063,Miami-Dade_County,25.79,80.51
DAD-1708-066,Miami-Dade_County,25.81,80.50
DAD-1709-067,Miami-Dade_County,25.81,80.50
DAD-1712-070,Miami-Dade_County,25.82,80.51
DAD-1924-073,Miami-Dade_County,25.76,80.82
DAD-0375-007,Miami-Dade_County,25.54,80.33
DAD-1927-076,Miami-Dade_County,25.76,80.56
DAD-1931-079,Miami-Dade_County,25.21,80.85
DAD-1935-083,Miami-Dade_County,25.29,80.44
OKA-0228-003,Okaloosa_County,30.41,86.49
OKA-0229-004,Okaloosa_County,30.41,86.48
OKA-0234-009,Okaloosa_County,30.50,86.49
OKA-0235-010,Okaloosa_County,30.46,86.59
DAD-0369-001,Miami-Dade_County,25.61,80.31
OKA-0240-015,Okaloosa_County,30.39,86.53
OKA-0796-019,Okaloosa_County,30.40,86.75
OKA-0799-022,Okaloosa_County,30.41,86.69
OKA-0801-024,Okaloosa_County,30.41,86.64
OKA-1542-026,Okaloosa_County,30.52,86.51
OKA-1560-031,Okaloosa_County,30.50,86.44
OKA-1563-034,Okaloosa_County,30.50,86.49
DAD-0480-012,Miami-Dade_County,25.64,80.45
OKA-1589-038,Okaloosa_County,30.43,86.58
OKA-1592-041,Okaloosa_County,30.41,86.67
OKA-1692-043,Okaloosa_County,30.48,86.59
OKA-1856-050,Okaloosa_County,30.68,86.65
OKA-1865-053,Okaloosa_County,30.50,86.43
STJ-0305-001,St._Johns_County,30.24,81.38
STJ-0308-004,St._Johns_County,29.99,81.31
STJ-0310-006,St._Johns_County,29.94,81.31
STJ-0330-008,St._Johns_County,30.10,81.66
STJ-0402-009,St._Johns_County,29.99,81.36
STJ-0404-011,St._Johns_County,29.95,81.33
STJ-0407-014,St._Johns_County,29.93,81.34
STJ-0409-016,St._Johns_County,29.93,81.32
STJ-0412-019,St._Johns_County,29.91,81.30
STJ-0416-023,St._Johns_County,29.88,81.31
STJ-0418-025,St._Johns_County,29.89,81.29
DAD-0484-016,Miami-Dade_County,25.64,80.41
STJ-0731-028,St._Johns_County,29.64,81.52
STJ-0825-032,St._Johns_County,29.87,81.28
DAD-0485-017,Miami-Dade_County,25.64,80.41
STJ-0862-035,St._Johns_County,29.83,81.31
STJ-0863-036,St._Johns_County,29.82,81.32
STJ-0864-037,St._Johns_County,29.82,81.33
STJ-0868-041,St._Johns_County,29.75,81.25
STJ-0939-044,St._Johns_County,30.13,81.39
STJ-1071-046,St._Johns_County,30.10,81.35
STJ-1140-049,St._Johns_County,30.08,81.66
STJ-1189-053,St._Johns_County,29.72,81.24
STJ-1393-055,St._Johns_County,29.77,81.26
DAD-0695-019,Miami-Dade_County,25.20,80.71
STJ-1400-059,St._Johns_County,29.88,81.39
STJ-1534-061,St._Johns_County,29.86,81.31
WAL-1586-008,Walton_County,30.51,86.19
WAL-1862-012,Walton_County,30.37,86.12
DAD-1005-021,Miami-Dade_County,25.92,80.25
FRA-1472-001,Franklin_County,29.74,85.00
DAD-1008-024,Miami-Dade_County,25.88,80.19
DAD-1010-026,Miami-Dade_County,25.80,80.14
DAD-1014-030,Miami-Dade_County,25.79,80.28
DAD-1016-032,Miami-Dade_County,25.80,80.39
DAD-1017-033,Miami-Dade_County,25.82,80.28
DAD-1018-034,Miami-Dade_County,25.88,80.23
DAD-1021-037,Miami-Dade_County,25.50,80.46
DAD-0372-004,Miami-Dade_County,25.64,80.28
DAD-1022-038,Miami-Dade_County,25.47,80.44
DAD-1025-041,Miami-Dade_County,25.54,80.33
DAD-1026-042,Miami-Dade_County,25.55,80.35
DAD-1028-044,Miami-Dade_County,25.57,80.33
DAD-1029-045,Miami-Dade_County,25.57,80.37
DAD-1610-047,Miami-Dade_County,25.54,80.34
DAD-1612-049,Miami-Dade_County,25.55,80.33
DAD-1615-052,Miami-Dade_County,25.46,80.35
DAD-1637-057,Miami-Dade_County,25.92,80.31
DAD-0374-006,Miami-Dade_County,25.68,80.26
DAD-1704-062,Miami-Dade_County,25.78,80.51
DAD-1706-064,Miami-Dade_County,25.80,80.51
DAD-1710-068,Miami-Dade_County,25.82,80.50
DAD-1923-072,Miami-Dade_County,25.76,80.86
DAD-1925-074,Miami-Dade_County,25.76,80.73
DAD-1926-075,Miami-Dade_County,25.76,80.67
DAD-1929-078,Miami-Dade_County,25.62,80.58
DAD-1932-080,Miami-Dade_County,25.25,80.80
DAD-0376-008,Miami-Dade_County,25.71,80.15
DAD-1934-082,Miami-Dade_County,25.38,80.61
OKA-0226-001,Okaloosa_County,30.40,86.51
DAD-0477-009,Miami-Dade_County,25.60,80.41
OKA-0230-005,Okaloosa_County,30.40,86.48
OKA-0232-007,Okaloosa_County,30.52,86.50
OKA-0233-008,Okaloosa_County,30.51,86.49
OKA-0236-011,Okaloosa_County,30.46,86.59
OKA-0238-013,Okaloosa_County,30.43,86.64
STJ-0940-045,St._Johns_County,30.21,81.41
DAD-1711-069,Miami-Dade_County,25.83,80.50
DAD-0478-010,Miami-Dade_County,25.60,80.42
OKA-0241-016,Okaloosa_County,30.40,86.61
OKA-0798-021,Okaloosa_County,30.41,86.71
OKA-1541-025,Okaloosa_County,30.52,86.49
OKA-1564-035,Okaloosa_County,30.50,86.49
OKA-1590-039,Okaloosa_County,30.43,86.60
OKA-1857-051,Okaloosa_County,30.65,86.76
STJ-0307-003,St._Johns_County,30.02,81.33
STJ-0411-018,St._Johns_County,29.90,81.32
STJ-0415-022,St._Johns_County,29.89,81.32
STJ-0553-026,St._Johns_County,30.05,81.67
STJ-0860-033,St._Johns_County,29.86,81.31
STJ-0865-038,St._Johns_County,29.82,81.28
STJ-0938-043,St._Johns_County,30.12,81.40
DAD-0486-018,Miami-Dade_County,25.69,80.41
STJ-1394-056,St._Johns_County,29.71,81.23
WAL-1863-013,Walton_County,30.33,86.16
DAD-1012-028,Miami-Dade_County,25.79,80.33
DAD-1013-029,Miami-Dade_County,25.77,80.31
DAD-1015-031,Miami-Dade_County,25.78,80.22
DAD-1020-036,Miami-Dade_County,25.70,80.38
DAD-1616-053,Miami-Dade_County,25.45,80.40
DAD-1928-077,Miami-Dade_County,25.76,80.50
DAD-1933-081,Miami-Dade_County,25.40,80.57
OKA-0227-002,Okaloosa_County,30.40,86.49
OKA-0231-006,Okaloosa_County,30.39,86.51
OKA-0237-012,Okaloosa_County,30.45,86.61
CLR-0849-051,Collier_County,25.95,81.73
STL-0094-008,St._Lucie_County,27.47,80.39
FRA-1838-011,Franklin_County,29.96,84.38
BRO-0925-025,Broward_County,26.07,80.18
BRO-0926-026,Broward_County,26.05,80.15
BRO-1064-029,Broward_County,26.04,80.35
BRO-1065-030,Broward_County,26.04,80.35
BRO-1068-033,Broward_County,26.06,80.44
BRO-1070-035,Broward_County,26.00,80.33
BRO-1182-039,Broward_County,26.13,80.36
BRO-1540-041,Broward_County,26.32,80.10
BRO-1636-042,Broward_County,26.03,80.41
BRO-1938-044,Broward_County,26.33,80.78
CLR-0047-001,Collier_County,26.14,81.79
CLR-0219-007,Collier_County,26.13,81.79
CLR-0222-010,Collier_County,26.13,81.77
CLR-0224-012,Collier_County,26.12,81.75
CLR-0448-015,Collier_County,26.12,81.76
CLR-0451-018,Collier_County,26.20,81.72
FRA-1845-016,Franklin_County,29.71,85.02
CLR-0455-022,Collier_County,26.22,81.82
CLR-0456-023,Collier_County,26.22,81.82
CLR-0462-026,Collier_County,26.20,81.81
CLR-0463-027,Collier_County,26.21,81.78
CLR-0467-031,Collier_County,26.16,81.78
CLR-0476-038,Collier_County,26.26,81.82
CLR-0806-043,Collier_County,25.89,81.48
CLR-0843-045,Collier_County,26.02,81.71
CLR-0847-049,Collier_County,25.98,81.70
FRA-1848-019,Franklin_County,29.82,84.84
CLR-0851-053,Collier_County,25.92,81.70
CLR-0852-054,Collier_County,25.92,81.71
CLR-1867-057,Collier_County,26.01,81.61
CLR-1870-060,Collier_County,26.31,81.63
CLR-1876-062,Collier_County,25.97,81.63
CLR-1877-063,Collier_County,25.93,81.66
CLR-1878-064,Collier_County,25.91,81.72
CLR-1880-066,Collier_County,26.02,81.73
CLR-1882-068,Collier_County,25.81,81.36
FRA-1474-003,Franklin_County,29.73,84.94
FRA-1850-021,Franklin_County,29.85,84.67
CLR-1885-071,Collier_County,26.05,81.71
CLR-1892-076,Collier_County,26.50,81.53
CLR-1896-078,Collier_County,26.43,81.49
CLR-1899-081,Collier_County,26.32,81.44
CLR-1900-082,Collier_County,26.35,81.34
FRA-0123-024,Franklin_County,29.90,84.38
FRA-0124-025,Franklin_County,29.93,84.63
FRA-1475-004,Franklin_County,29.70,84.88
BAY-1443-004,Bay_County,30.19,85.72
BAY-1444-005,Bay_County,30.19,85.73
BAY-1452-007,Bay_County,29.97,85.46
BAY-1597-012,Bay_County,30.13,85.51
BAY-1600-015,Bay_County,30.11,85.60
BAY-1603-018,Bay_County,30.20,85.71
BAY-1606-021,Bay_County,30.15,85.76
BAY-1631-024,Bay_County,30.22,85.76
BAY-1633-026,Bay_County,30.18,85.73
BAY-1450-029,Bay_County,29.56,85.24
STL-0084-001,St._Lucie_County,27.47,80.29
STL-0086-003,St._Lucie_County,27.49,80.33
STL-0097-011,St._Lucie_County,27.35,80.37
FRA-1479-008,Franklin_County,29.63,85.09
BRO-0346-001,Broward_County,26.31,80.15
BRO-0396-003,Broward_County,26.07,80.33
BRO-0398-005,Broward_County,26.13,80.36
BRO-0400-007,Broward_County,26.07,80.17
BRO-0419-009,Broward_County,26.08,80.23
BRO-0426-011,Broward_County,26.32,80.15
BRO-0739-015,Broward_County,26.30,80.08
BRO-0752-019,Broward_County,26.06,80.16
BRO-0922-022,Broward_County,26.12,80.13
FRA-1473-002,Franklin_County,29.82,84.88
BRO-0924-024,Broward_County,26.06,80.15
BRO-0927-027,Broward_County,26.01,80.12
BRO-0928-028,Broward_County,26.01,80.23
BRO-1066-031,Broward_County,26.06,80.17
BRO-1067-032,Broward_County,26.10,80.44
FRA-1839-012,Franklin_County,29.92,84.51
BRO-1069-034,Broward_County,26.04,80.32
BRO-1179-036,Broward_County,26.05,80.25
BRO-1180-037,Broward_County,26.10,80.40
BRO-1181-038,Broward_County,26.04,80.20
BRO-1183-040,Broward_County,26.05,80.22
FRA-1841-013,Franklin_County,29.91,84.37
BRO-1936-043,Broward_County,26.18,80.45
BRO-1939-045,Broward_County,26.33,80.88
BRO-1940-046,Broward_County,26.15,80.63
BRO-1942-047,Broward_County,26.15,80.72
FRA-1842-014,Franklin_County,29.90,84.40
CLR-0048-002,Collier_County,26.29,81.82
CLR-0215-003,Collier_County,26.20,81.79
CLR-0216-004,Collier_County,26.14,81.78
CLR-0217-005,Collier_County,26.15,81.77
CLR-0218-006,Collier_County,26.13,81.81
CLR-0221-009,Collier_County,26.10,81.79
FRA-1843-015,Franklin_County,29.95,84.34
CLR-0223-011,Collier_County,26.11,81.76
CLR-0225-013,Collier_County,26.15,81.75
CLR-0447-014,Collier_County,26.15,81.79
CLR-0449-016,Collier_County,26.10,81.74
CLR-0450-017,Collier_County,26.11,81.73
CLR-0452-019,Collier_County,26.17,81.72
CLR-0453-020,Collier_County,26.10,81.70
CLR-0454-021,Collier_County,26.22,81.76
CLR-0461-025,Collier_County,26.21,81.82
CLR-0464-028,Collier_County,26.20,81.77
CLR-0465-029,Collier_County,26.18,81.79
CLR-0466-030,Collier_County,26.17,81.77
FRA-1846-017,Franklin_County,29.77,85.04
CLR-0468-032,Collier_County,26.16,81.79
CLR-0469-033,Collier_County,26.16,81.81
CLR-0471-035,Collier_County,26.27,81.77
CLR-0472-036,Collier_County,26.21,81.73
CLR-0475-037,Collier_County,26.28,81.83
CLR-0802-039,Collier_County,25.91,81.54
FRA-1847-018,Franklin_County,29.72,84.98
CLR-0803-040,Collier_County,25.90,81.52
CLR-0804-041,Collier_County,26.03,81.73
CLR-0805-042,Collier_County,25.93,81.60
CLR-0842-044,Collier_County,26.09,81.80
CLR-0844-046,Collier_County,26.00,81.69
CLR-0846-048,Collier_County,25.98,81.74
CLR-0848-050,Collier_County,25.96,81.73
CLR-0850-052,Collier_County,25.95,81.74
CLR-0853-055,Collier_County,25.93,81.72
CLR-1868-058,Collier_County,26.00,81.60
CLR-1869-059,Collier_County,26.12,81.52
CLR-1875-061,Collier_County,25.99,81.61
FRA-1849-020,Franklin_County,29.85,84.97
CLR-1879-065,Collier_County,25.99,81.70
CLR-1881-067,Collier_County,25.89,81.33
CLR-1883-069,Collier_County,25.87,81.38
CLR-1884-070,Collier_County,25.87,81.38
CLR-1886-072,Collier_County,26.10,81.79
CLR-1887-073,Collier_County,26.15,81.81
CLR-1888-074,Collier_County,26.21,81.81
CLR-1889-075,Collier_County,26.29,81.83
CLR-1895-077,Collier_County,26.44,81.47
CLR-1897-079,Collier_County,26.37,81.49
CLR-1898-080,Collier_County,26.34,81.43
FRA-1851-022,Franklin_County,29.85,84.66
CLR-1901-083,Collier_County,26.22,81.34
BAY-1440-001,Bay_County,30.11,85.60
BAY-1441-002,Bay_County,30.12,85.59
BAY-1442-003,Bay_County,30.21,85.70
BAY-1451-006,Bay_County,29.95,85.42
BAY-1593-008,Bay_County,30.32,85.76
BAY-1594-009,Bay_County,30.25,85.65
BAY-1595-010,Bay_County,30.25,85.61
BAY-1596-011,Bay_County,30.29,85.58
BAY-1598-013,Bay_County,30.13,85.53
FRA-1476-005,Franklin_County,29.65,84.93
BAY-1599-014,Bay_County,30.14,85.57
BAY-1601-016,Bay_County,30.14,85.61
BAY-1602-017,Bay_County,30.15,85.66
BAY-1604-019,Bay_County,30.19,85.73
BAY-1605-020,Bay_County,30.13,85.73
BAY-1630-023,Bay_County,30.21,85.74
FRA-1477-006,Franklin_County,29.62,84.96
BAY-1632-025,Bay_County,30.23,85.77
BAY-1634-027,Bay_County,30.21,85.70
BAY-1635-028,Bay_County,30.25,85.68
FRA-1478-007,Franklin_County,29.60,85.03
STL-0085-002,St._Lucie_County,27.47,80.33
STL-0087-004,St._Lucie_County,27.50,80.30
STL-0091-005,St._Lucie_County,27.49,80.35
STL-0092-006,St._Lucie_County,27.48,80.37
STL-0093-007,St._Lucie_County,27.48,80.35
STL-0095-009,St._Lucie_County,27.40,80.35
STL-0096-010,St._Lucie_County,27.37,80.34
STL-0151-012,St._Lucie_County,27.30,80.32
STL-0152-013,St._Lucie_County,27.27,80.37
STL-0153-014,St._Lucie_County,27.25,80.32
BRO-0395-002,Broward_County,26.04,80.12
FRA-1480-009,Franklin_County,29.68,85.06
BRO-0397-004,Broward_County,26.06,80.44
BRO-0399-006,Broward_County,26.11,80.42
BRO-0401-008,Broward_County,26.10,80.26
BRO-0425-010,Broward_County,26.31,80.12
BRO-0700-012,Broward_County,26.31,80.07
BRO-0701-013,Broward_County,26.31,80.08
FRA-1481-010,Franklin_County,29.67,84.99
BRO-0738-014,Broward_County,26.32,80.12
BRO-0740-016,Broward_County,26.32,80.08
BRO-0750-017,Broward_County,26.02,80.35
BRO-0753-020,Broward_County,26.01,80.30
BRO-0754-021,Broward_County,26.15,80.57
BRO-0923-023,Broward_County,26.07,80.11
